v1,v2,heading1,heading2,distance,alt1,alt2,collision_risk
6.93562010533854,26.40251009913729,5.616265282466295,82.88417466207459,3246.4487915445598,268.6298683150904,81.67812518059559,0
23.7821603742846,25.364842343888423,318.48291229060123,304.96905468208223,2531.2262147058564,267.47309313708035,302.2075928120537,0
32.56911069110434,9.375057274300715,93.8070499398465,247.30983999827066,1583.3419600265315,270.8465275630594,314.23018337809987,0
26.90910122964613,37.914633761716125,200.01760300402276,87.6803125436663,1993.1909454345002,486.9594087623013,184.22119544833348,0
13.97382196726086,22.141688579920867,96.9943238981966,208.9542597874624,2135.180720218499,484.1962161104484,482.78550068387153,0
26.753170859329103,47.97984337138182,257.0772566574135,149.86979886147193,1518.6011585126023,483.3796174883446,89.21051777372185,0
39.210740219722936,31.396342905573924,100.02556872644463,156.25284229440487,4974.098573573736,304.46471854724524,12.317383068821297,0
26.33221681365756,12.948555908225732,6.246447464152802,5.3201633223498845,1550.825301730578,482.6860209404626,388.1517083018617,0
30.88616317091493,25.436351564744133,187.8978446741279,31.590447546017003,1112.009828562942,152.2008720202379,130.50310966798207,0
14.4082949575645,24.39084247195019,174.4606091851529,358.92782694360386,3613.011941787106,203.48054558676503,58.009832388143224,0
33.214877265949795,5.648557893214059,112.52500810285967,128.83877589453817,3515.5968292144616,387.13441197333395,353.70962865828136,0
35.240610949597965,5.103784009574242,37.54155305561676,81.37071628802056,1163.8312799116263,473.1147370649004,98.61854389384278,0
26.535544764666174,38.29488356265503,118.4681346272281,232.23174487237011,4825.330719594923,44.34002697142559,70.75902587685684,0
34.98498462585466,35.30087251325168,270.7721396433421,243.1585845948214,4509.913047718583,279.05767793708566,393.2219180948097,0
28.623176118949498,31.68273310072752,337.6840268585475,283.0589897568065,3773.8829787168033,315.76430573906663,14.642267941553266,0
9.928414081735301,44.17606398534437,41.500320471670136,145.17195174749597,971.8358421188723,350.5490013922949,391.4012375652132,0
27.74810456168681,49.09681409273871,1.0895799855440114,332.70824130526364,2881.859680923662,100.38582919685301,119.10299797912121,0
9.781451891950905,39.56651278619833,49.48923330670231,143.49048317908108,4502.7400599647535,391.66167233867213,373.2341882260781,0
22.932806042537237,18.949290490994812,66.5748971881788,10.781715574441947,3083.757464007365,68.71668404791758,224.56215045394745,0
12.728692507488956,48.337439241046795,177.27323983295636,146.33571240094327,3169.7027343069085,365.07000658370083,218.92289322443142,0
5.3910572128466185,38.61848726107479,216.13752083241812,91.80106524945977,455.42503038178455,93.25123136198549,458.57957732561704,0
20.298110347352686,34.025533140351726,174.66384154340733,47.5335276319738,4550.7704385347515,11.644141127855058,192.32829924619378,0
39.56767231450014,20.933954008505943,301.5232422234895,346.4201882504106,1075.1398179872774,46.70062645678419,464.12670160623037,0
18.348074851891802,45.95701489186148,183.82234174381395,226.52687471595252,2473.366514526386,86.42344753331594,484.0067763278703,0
8.674488955464236,28.540528325260798,356.9067001890123,104.86896627305657,911.4642810533867,429.94594666045305,228.38803385184886,0
46.92005424129091,46.01598147359389,111.89713282831508,135.69486731216705,1998.5986889161861,378.2802883053394,96.45420713936687,0
10.520860814867223,40.54938120024185,319.7930671003818,128.35274850734032,1521.8802212178684,491.4269108317238,145.99097078788887,0
5.047038251420244,9.840267078226528,266.4478634315152,86.03643533850389,848.2723037478644,418.5136899567482,18.641215646174047,0
12.63233389146406,16.358270929403965,68.37951214050393,185.75205826916763,2396.1757602214198,425.06242920774156,116.02216607163356,0
38.26932838478599,9.21004208462372,51.44523454378289,199.01162280893746,1331.3701550591113,136.4135937413486,329.52264052270306,0
17.10651290450474,30.318783704772898,49.993158447316645,148.99777891122486,2178.154160169116,160.2451751078004,477.1074399350172,0
9.49315582469051,13.978544368232006,265.81534290103764,74.0779306788233,4244.719853009666,285.78632944346606,296.73249466890906,0
37.61322597111829,39.608396836779725,283.14014139986256,157.27341501988445,4098.1458604466625,425.36186131492855,73.1991997698343,0
49.56767945211476,29.687195366913862,96.60659107339798,269.4075365970343,1193.4980019767245,485.3781398963442,33.213355972472215,0
9.246202054013903,29.79157192549876,241.78563524106468,353.4135617502665,4147.096704753405,217.05832714327335,17.393326619563886,0
17.62554254757898,19.10613998203668,119.20581688490948,39.99269187763275,3015.2399203628934,149.30793611585574,400.33954159138096,0
32.744658411303014,22.41873625273538,260.36312341633396,17.99990816475049,4083.9826589107115,457.4289698950892,373.6675708780667,0
36.310263188965685,14.058660491622069,247.40127982714654,304.8025741494797,3619.4617539082974,270.6853371362553,329.17718762434106,0
31.931267579869274,7.950405971918949,297.08054965863306,3.282409194329219,541.6299001179799,394.0237358559189,496.91769531920806,0
33.02310406207718,27.688807907803906,64.58347389931542,173.18349164197502,3542.479160965052,94.32126943836639,263.47373081880255,0
24.365708156158785,10.187642902125015,242.5558870000894,293.25416269828776,3394.758995780838,413.58601076664127,416.2366565558648,0
26.913227859360735,28.077672235618515,192.13470236220323,286.76895675034655,1067.9231613850075,130.5168769244553,246.05470205368346,0
18.59031329114319,8.332145334838964,265.4550574392617,16.018017268202968,1619.9198413561458,35.15404588467524,407.4553414451262,0
8.751855992882259,48.25393818621081,21.502829225118028,253.57533265586693,1619.6622228175563,103.21614067897822,471.02204811891846,0
10.208188362088203,25.186103356258005,136.2643859424966,111.31611356407419,1147.3035471033684,178.72379441277099,305.35865049237935,0
49.2134234344975,43.451253087922694,40.13161572562109,314.308623645049,975.4915199495955,183.63915790998115,318.7450456572294,0
12.171592662490166,46.50536290773673,71.8342354585747,208.62669943979128,3999.1019744359464,149.97803592600167,461.2587736808624,0
26.735438436538384,27.897126041235772,286.7309191163846,192.88697857997275,3428.1725882260284,13.401218192792053,57.84554673829434,0
14.779938946853989,14.377671813368865,34.345247077291326,307.20306819462996,1894.736331057218,68.39039383445473,225.672289986786,0
35.02374828880832,33.09540492347385,301.2918006756328,92.7995681465801,4130.9846527429645,263.11640898348,38.410337186115974,0
8.035387354522136,28.844031328781146,26.16708660346776,287.12168312734724,1478.8393366803875,73.7012378646194,355.37575661741727,0
26.435560834115922,46.03541848965838,22.15169494436948,153.52446199788182,2247.7146859464515,273.38759349458684,496.891910401526,0
43.97984823650635,6.5226955924999785,33.58089794118305,317.20496841722445,4326.7163831507405,473.07787229271867,450.66826472887453,0
6.163683936491582,31.72621340801451,237.042489383372,66.19126197520319,4796.022257812431,114.76880459671085,2.524082749731593,0
32.62584638135162,10.993714197983497,201.4400880663077,102.59314569485068,295.5858456584811,291.48128099312373,157.86529655847664,0
15.441205577032003,24.975481810316065,150.56590878008996,188.1049730364196,1412.0765992833822,242.78659940275736,73.61040565829808,0
46.973450114122265,26.911023948773327,145.4412752979109,112.13646874517121,3424.821441949194,349.8524888408032,164.81568463367347,0
42.01825344053428,20.793716553782197,81.61961472361267,246.55675836684662,403.7431876810335,388.5724057390777,255.37996939754416,0
40.83724015565768,42.038907288966655,241.94356121594475,26.217463462429684,2446.9915692257136,398.00162631635624,473.2651266255896,0
9.527433782834448,46.79535838681676,257.0430803070421,93.50237384036355,1191.638578868516,345.0471196826295,191.60880650113472,0
23.3244468919132,44.317035417866364,284.8953412905642,315.30899283701143,3182.3112661793557,352.0948736155731,39.95364643609112,0
27.322357197929502,43.72432490038277,132.18560335096498,105.19033297394093,728.9386935327663,24.748780794290994,461.9036598428892,0
39.05108982643481,49.97507490755153,282.63092292537715,172.58066961675524,983.4793912902321,189.05581228809527,223.99109009397804,0
26.262684326343354,27.047514958731405,238.59998594645063,111.68469108443261,3781.1629270837398,62.80221458375229,432.24060710362363,0
18.444086523114233,30.479021038007346,228.70926750638176,162.1020507344052,2736.471948321071,381.8875683293972,44.36147032097587,0
10.634276940814988,38.07585905345142,225.0377725717726,234.62825935818083,133.09341420699377,17.307837767487065,6.4691756342396545,1
37.10722333728077,23.105009520700158,90.40223281510268,299.89832774314647,1677.7617575818788,285.3540891964614,374.9366886508247,0
32.063490445664684,45.94168061495295,70.03370186308561,40.15061304081863,411.39264464846065,439.6305465304457,458.70912181244245,1
19.95209314581639,22.28209258564607,213.54297522553503,358.90992250360927,4725.511365586333,385.21684627475014,11.982693579633052,0
20.34090509506114,27.171794964171564,86.6206832383843,2.9631270695927148,4257.6340340666175,383.9384716290318,78.87243159630292,0
49.813007874260194,8.20216121669139,272.08437149983246,289.6416637446134,2587.845603146427,115.47133646098318,14.122364598123994,0
45.906730963572194,12.39920821569897,344.12445367088253,223.71212494420035,3229.8490493845748,158.7246896297787,239.686747602953,0
8.214012647576878,20.404771492112097,170.28676307390378,128.56542726450266,692.2541882052316,427.51457344123077,285.0012583490578,0
37.377813487324794,34.47927309931359,125.40738564595536,179.25596758400312,4613.757385182951,300.4140998086629,165.60252763341887,0
5.3943808271446425,27.009174277261252,181.03995382454295,2.6837741219522115,1289.9438728126847,235.54541567158105,247.9359634687822,0
20.822172960718813,7.156244280690811,42.81541133705865,50.05917857118125,1756.1845405289448,24.521330997226364,246.89903881531316,0
7.506452964287644,15.694486210908664,67.16589847348477,23.51325081479114,1613.2454622644439,277.37474235357286,201.4452099537069,0
25.728533297187816,17.476267671589994,162.92172256491577,177.45456749896272,4382.778835991365,344.1234891634105,310.8423778844563,0
24.241345493301356,49.38573605265175,237.44304127933637,286.99812752152826,2642.0352289604352,155.076808831163,219.93291267874494,0
7.014051523910248,37.569104926559945,71.97567574196468,347.7396470357679,4721.856409053442,357.5171968075117,44.73368519348858,0
24.909558421581806,9.550502286006815,211.29375000572645,349.61001456214103,3739.4092221916644,459.70664642555727,461.00767906227924,0
34.65762404757493,9.821205044054704,336.3288173305584,57.41750388088171,2281.59231679093,320.05623863247854,353.044016695153,0
21.715775716455585,8.046292262962412,163.71880194734945,325.3552284936215,366.39210299476053,340.3164844802672,365.2695110212451,0
25.70919942279984,37.52123963777745,84.289132434641,4.671680761290444,3922.7099802150724,297.96963191545876,1.449918219555757,0
9.204164336201025,28.97399100681411,311.0385513517521,320.21991691840185,2167.253805293315,353.99579273563893,414.7090719904017,0
15.117441612995075,46.358247042956556,140.82175545561344,325.0464724891359,4568.232727921827,15.385173544791575,85.37366869046242,0
30.462519871237912,49.01830155595989,198.68415010213957,355.32639574195707,4263.209878493665,400.63839243424496,160.72943024610348,0
20.75679775799329,46.636022724319034,327.6552375223313,332.23673122699347,2223.67333205186,470.14320776489404,206.07981099314554,0
33.05944806535941,34.520209887556064,337.804002474012,167.12409877175776,4576.125573055624,74.76319226758793,220.54058211452465,0
22.516109733161613,21.67612121468879,164.43595728884142,251.90282278597974,586.7727132604498,145.3364522824761,196.4462687290051,0
10.668328908046146,47.91526169292332,251.3245387214602,256.72388661059927,4362.967257141002,462.667155182848,427.89252656571915,0
21.275471832818322,39.179246926753194,62.53828635713064,211.49748664311252,2285.8652279417142,492.60405930092475,150.37141228378144,0
8.826189116091566,49.38924898738399,306.25340276471167,168.72573331641746,3329.115914748159,283.1222445391997,443.77610371996667,0
42.45866856532936,19.381435819394895,262.27337583430466,300.9874874458104,2045.5338400224844,240.0038774531008,344.77060449298983,0
24.24242968132399,14.364807943648353,152.77067421440663,220.7292548109333,1155.971261597133,115.03557320146513,471.31714807364153,0
27.60795961093734,15.918847974698142,151.62610586762875,152.07487432848492,1269.5363793128188,421.98937990755144,161.823551424492,0
38.103862793232636,14.093903259470297,140.8932666393698,343.20207760274855,975.8264399849609,382.07174828371274,131.19997316569166,0
39.8308243034445,29.681911802834776,268.07650551613096,5.68085175225177,1942.6030784871723,452.9170023795287,192.3634789101356,0
30.01680274617295,42.14932202267215,81.61633703589358,206.11656283142415,4397.195869739991,222.39310359725707,5.2123060703030415,0
35.37208325946173,33.06029245655058,73.8480678136404,290.69186489596166,917.0760536534578,215.52450437338143,60.70691474723427,0
28.71997759826646,9.245271874155886,8.836277325355294,178.1244758205343,4032.8159984031704,249.22495130890871,72.1695673849666,0
44.921969637868486,7.186809562242935,120.12082485426565,287.7714157674452,416.5224574746355,191.77180169204755,491.1528335982608,0
19.30252435178117,34.4694127489286,5.194384078218244,84.65102758897791,3345.7279662304763,146.0509771289596,21.876073117025165,0
33.46574961271453,45.993505269565,345.1359650063942,99.69298493388439,892.2531406442266,322.06538059194685,383.5739720901385,0
49.37460442541854,19.96939508654306,259.06814977487255,339.25743959173724,2220.82702355153,188.68668540763832,281.04607773078163,0
30.672497787150846,39.03703508864477,340.34937249227295,148.71682762133523,2468.934674196205,219.79773624567355,94.92937985560862,0
48.63208150173269,40.42295670090953,221.48683414631378,184.77107985117416,4069.682099107174,53.077704497080326,346.15201809800146,0
23.24730432111376,34.44612408401194,350.71236999231655,98.55289686728887,4761.9395617893115,51.299862153721456,296.2280035711014,0
12.566228156720872,17.895715975059787,291.9318895448993,92.68327330984438,128.3307789741806,487.5151644381997,354.081378908351,0
10.079476813072684,7.968024377891894,330.9827368179236,133.01653398221217,2666.1825998458326,244.36955457391514,92.36878627219292,0
17.146891917697488,38.75938741921234,254.24436611600888,292.76434503605435,958.5952023267671,292.32702450835455,346.17266956992904,0
10.376416656023427,38.28866591462801,260.39257211848746,260.0160191319157,3099.480681052397,3.723587555388319,354.9675838189685,0
24.791451056796568,43.32944812466505,260.8374249314169,244.1967574344843,3895.085389525904,137.3356295150755,285.08534038600664,0
38.443197405156255,14.01174845710953,193.44762452927253,65.19318938337561,1033.1932238263225,183.43402466662923,346.8504207034708,0
22.083440136265793,33.78523284873812,333.0281922908973,183.47794580851036,1499.2055087573801,72.79895775871992,379.719307904413,0
32.096753662573235,34.14092453116136,325.7686759513253,344.7078227019136,2229.663386160333,456.88039863551927,345.36645461294717,0
6.96232807665683,39.316989147028806,159.8100915811689,283.5938794475927,4626.218121930684,170.86544958255334,123.57875619822411,0
22.302592556285123,11.84664842181177,11.592213795603863,226.68311424926884,143.91011907922456,26.50243593331564,343.57029846304056,0
31.833082934430426,14.208112344360167,189.79125926492208,142.34381916795905,286.8065718958097,366.74935610941105,20.657464714788244,0
23.99196230036411,27.731169337998843,17.9627768512947,181.75837725486855,4769.152969994408,451.5355153271555,492.6608739162074,0
42.465715109637166,5.0965250083447176,308.82557004303055,338.9845339967679,4334.671447492997,489.28240809204954,461.2726752815492,0
7.855352939865092,39.14926992311555,358.7205579147518,59.09036240926558,3849.6990033818024,13.537829797297062,56.66658288206972,0
17.76128947589028,19.83104540196002,13.049805371479462,61.48549948487147,4663.74254269778,377.20808403875316,486.4518681559532,0
9.76547230085172,37.68067924159632,269.6980989339594,58.55404066062657,3651.0416671687512,487.3602890208286,45.411771993624065,0
20.06902419964737,21.10584226003375,4.422362890694007,322.0858633970842,2426.7251967825723,55.180186490309815,268.87998998572414,0
15.520468583041572,40.67380973331403,249.26695573789172,183.1042619808439,3582.412942248462,491.16509234868727,427.0135613353547,0
25.165144058590297,25.545775741532342,329.6096358120939,89.38877288551862,4484.902643087977,369.2034288354413,41.98518143836183,0
5.626004744842618,9.421037126664793,269.51452575543505,306.3881000531412,1737.5752433232183,299.46742926965686,380.94688175464205,0
21.800684185673916,34.261949532253716,74.60709609993549,334.051641543793,3878.3005644357045,381.4071239998888,367.1342766393947,0
43.63934056210635,13.174873645654237,278.3880112845702,286.6694913482629,2581.4024857837835,288.52393898620335,185.236631675392,0
8.024873213613429,10.293875149741908,23.90148360827525,311.4825719834852,2451.6293803824606,312.6979003981817,409.233176852242,0
35.49319336324946,46.970921999668874,202.66200295667102,234.1044456946297,3310.2868828654837,490.90567808356616,479.350360311225,0
16.590054940686105,37.94305165048334,123.61337219060836,105.60974843874487,2438.6325037063702,318.8367028742526,181.58110147615486,0
8.591975781908168,48.66019436358788,72.95298987567405,222.26913986171542,4492.343131515889,72.80883414300715,308.8723484920936,0
27.952381149711076,16.063248848549797,6.715100018433722,71.9978946365261,4079.0752810546305,128.7949241994746,110.13419976959548,0
40.04046129922614,38.020436173000945,343.0695147992593,332.9558246735487,1899.0096687397117,4.950016587435324,212.90063687226822,0
18.595105674077168,12.642671226397884,125.95829662740395,26.41440083320353,4627.1788692536165,94.00553739725487,178.5064319730737,0
6.735416497444689,11.988376683214351,256.2453344920354,173.59228651354613,944.371938254137,0.24108767495784056,90.54849799157583,0
8.211484056412136,21.90176748865187,103.54891954313234,332.34979705596606,2582.349692204739,395.5565194111067,253.74581730064676,0
29.223788317944855,16.902840356195313,256.2873677974916,292.75839854589816,4539.390359626035,308.2846380863556,401.31385034977376,0
43.0732368897945,34.312948048630304,189.67139354574155,327.077430816867,3253.3869780093696,277.51190774824806,493.2056341026431,0
23.140222585881375,33.19961784638697,1.113874020280008,83.65735748983786,2769.7256946056445,329.1405609715892,198.6755364055365,0
14.469816622796706,21.210307011531953,52.107523159545,134.94254355184088,3945.4055250923707,247.42342569337282,411.84731873289513,0
28.386995748186123,48.108516071439546,222.7814095473559,17.843601970026054,4202.736038060648,444.4790614432325,245.65067966558695,0
13.758580872422348,9.398884545978069,191.9102010428594,18.688603732141086,2247.6243551787284,333.06606697103587,476.3467114868834,0
6.399364222614841,28.212375283091625,314.45634225696006,301.62704166649684,1311.2317546434092,431.1899832366181,429.6749231090932,0
33.13008473325285,46.221836217681734,112.1389258559319,322.72293091910325,3441.7272506902673,220.05244676189085,147.77231096979781,0
38.61122963626181,26.24620154990639,213.54186797618107,281.8087432144699,3388.3788820066093,236.3082955258537,334.03475767093477,0
6.241578008825879,39.016979170396674,359.94154815950685,296.50368801320224,1236.2017854116768,44.382765262090565,382.18564290567156,0
19.742509269351284,14.645696703203765,63.49438573929716,100.54402625180106,1846.1380889531997,139.85969041319262,411.53935258515486,0
37.54235988812182,30.428103902809035,358.97176902923684,62.25923179205743,3069.9809122516394,73.18446101809573,183.0278748239575,0
24.516637452642925,27.035545143550664,96.57700915091662,62.03045793820181,1489.4541626887763,12.973434853399745,295.1617504773859,0
26.942851057686056,35.630851450498525,318.43967066351377,134.26525944314992,4773.465629694324,403.14560753618224,40.070096426052416,0
10.176315862310963,35.436505262488346,169.0566007801337,19.47881928440127,3023.723584766815,327.7294418347032,390.6427501565363,0
28.93538246197799,37.47628818642382,179.97942402891553,260.9057719041061,3891.3407346504246,38.76528311475075,495.27232991084344,0
38.86520015025442,6.476305301871825,343.143950608359,211.13928732756122,3803.257152805113,434.14828900378365,43.47102103982703,0
31.407038242711913,11.292828936103067,107.311097656644,12.031857618152415,2422.6687520104642,483.61583821337996,181.01457505705966,0
13.854879528863771,26.260045170966034,242.1166385444082,145.00827751507762,2913.481307288306,338.8664652099994,409.1120706791993,0
16.951367089701098,37.68205201396306,126.1383025656651,272.774985610058,1657.8273588819723,201.14347510760282,84.98444600861305,0
41.467803229195184,23.39164528419594,214.3056794597638,25.694601375593905,4928.9113744487095,102.55394366739573,10.206051461377319,0
28.368966139059527,39.01274606757249,20.964423746241344,37.950348343700625,620.599142118095,126.33022953751171,427.3926044712092,0
5.418223467415678,5.007056023330081,193.938564231577,251.08791153868304,2737.5900070360417,332.33946238185536,143.19302120549497,0
43.38937219897949,42.91325611138298,322.26903458997526,149.5609316223149,389.80696804402675,61.84630509064615,380.6234386567741,0
48.26858896346479,26.57286766313163,301.71762786345073,287.5028042723551,1725.22730450058,414.3459988514281,116.64238797110882,0
18.953167392066476,37.99875147566401,33.577232439597715,294.60477379973815,4560.263612467026,498.9835972662837,251.4170782850864,0
11.809929016471724,10.983121949838555,201.11619834565937,335.49400918108404,4606.276277641191,289.5723781721049,89.79292692527046,0
44.551633101920515,11.513756582273768,212.0494138958785,58.884441717314076,2812.457245669794,54.2698397214349,231.81686058804507,0
6.483682418247589,15.74200203099047,299.41383575144135,49.186838415607305,259.6796684989074,403.56587254072963,238.93721785492173,0
46.17512140779205,39.7368657988712,267.68480029649413,271.22359457067193,1490.7064395667712,169.66895961115347,5.219061401419256,0
42.178180705668304,31.110435427023976,38.16523672318536,301.45211609380686,4928.658861273646,335.12625516068766,493.5236121369124,0
24.07925611161127,27.587494959210574,284.6725302658811,14.449572967276278,3621.0157567185634,182.77432385331704,139.04050230463483,0
43.478548079017756,49.76258381019149,158.17438276931526,290.19240452669203,4471.0039224154,230.99078797020888,32.38184853730752,0
28.91642570642564,10.325999420636798,299.5287567443706,268.24201365239276,3222.7605310196063,142.74002968168026,20.21295749716856,0
24.404089723244685,14.69308247034601,172.46717061111244,139.57749624946868,913.4899343371102,213.49313642151807,396.44482223488245,0
20.46929416317836,48.354650627772706,12.303236841929412,34.941125484045806,1355.3924103332101,55.54629590815308,487.89745591793735,0
34.30522404429918,16.158209452372393,38.72882606376491,44.87024857621404,588.6103895590921,260.15693842249397,416.5395902163958,0
14.83886830794694,15.031965889251268,45.056390178534286,270.5399211358677,4100.9508443159975,273.72011821148095,211.5663147553229,0
8.774808327201978,47.155749002329856,151.70539728436154,90.20992899652768,3740.253483654403,254.05900873779447,198.07503229148298,0
15.976168190076564,32.83962113779454,336.35674769692577,158.36178124515558,754.7332266764219,357.0102343840425,305.1033137740127,0
43.41867492890225,26.345135423566582,275.46924850480025,7.676866146354047,1134.7498647282032,230.5472835728926,348.7627311870439,0
29.198340931314757,39.812620496301555,143.09459106104035,251.16489057340237,571.9544955711881,455.1637552911239,123.05811411491612,0
11.330081804942248,27.720318519282902,56.693843774376155,237.96976186209423,3588.5004272166466,150.749688831047,215.50988879356754,0
10.933367790076314,24.66581747260902,65.90944249229634,289.2271668822546,1514.859286521236,119.76281724136817,263.27652170415996,0
34.768994682011275,32.89894505476792,33.53629523741939,225.15324128720437,4391.1428949651145,252.117818234091,403.09255223691986,0
10.37889419594,10.702675703963166,310.59875478505967,321.6507186907489,114.58092655929592,450.9108889029685,199.52585829263768,0
26.956092520221784,17.045383895681994,201.17126784601717,343.92821016777594,401.43112450739477,389.96180041502805,161.94506258043552,0
44.90537603207547,18.816811366178854,288.24405531230343,203.84572521665973,3769.2701733799026,74.17588679089104,212.61058909151902,0
35.52383158186181,28.437693927784462,125.94590791342812,45.19297015648125,2900.1064381764986,112.39959393109694,356.2193167569366,0
34.27332641239384,36.808400673370684,53.257082222266455,326.6462202246995,1749.910543530439,385.0446167525405,446.2152551604652,0
33.59016672376099,38.62799226712323,139.1835269832855,75.76654827836235,4564.34855316364,63.730966282059484,78.79167529993248,0
28.388087525727887,27.875964921274857,230.26778821551218,284.6371940886353,1157.5098495773793,183.87738099575057,192.8814320563658,0
27.87999075313694,26.263442625029942,131.1463387074069,155.9918494582889,4997.4838075279185,57.21731397054369,416.11090252223073,0
34.20731030124176,49.20951551295045,229.4374381071772,278.7340911037974,4607.329758114328,418.5427302144228,85.19971864519144,0
40.155016996171376,27.13777377833636,194.4142765117274,277.5287746767864,1383.6403131739057,196.86604957908483,24.294051495832413,0
47.64199447333828,24.534214311276745,326.3011896535001,130.7383752291237,4422.887823495723,482.12676660710673,354.9230051148902,0
35.24572744214299,25.212469340796712,121.89308083321679,189.66942849645935,4536.620557323456,47.05570554832694,287.51667291725465,0
20.800600799525988,31.743950056051737,279.3053588526838,169.70078897638876,2435.369502601979,368.79359702834915,451.6520293282933,0
30.60408424035978,34.268932746949346,63.17680615659945,148.4083740317225,1285.6656445750314,148.64428701312949,308.3744592257021,0
31.05130558556511,41.716661457799844,169.33045179884462,119.9649828117392,3998.8025463684726,390.0614020625175,109.97496066327479,0
46.62896955887668,28.743175483160037,40.58223245975356,69.4394272490206,4063.119297199507,42.319353502179965,336.61372587771257,0
27.659250681745405,28.697447303379594,231.6020790088616,60.47111706242887,1490.2631773213993,30.431357198584973,273.8066710154918,0
49.99359543172404,48.319423984422556,250.7709279038413,286.5512337391556,2682.2679217988884,432.715299657011,479.4311565314653,0
49.95559677868984,36.592036244338665,320.73855037003534,138.9352159432487,1527.199276420239,14.596529595911733,442.44061157077783,0
49.97696036645385,40.08192990955771,69.11890577803422,33.99500884474706,1341.6542964541811,473.24209884499646,357.0539311718198,0
23.185712150631534,10.036223581268978,17.879245462057185,251.05183654119028,469.6516974867215,226.41163714488616,19.068859693037453,0
6.9021739509110756,8.833372903671892,17.819376539453287,289.8840080018091,1391.4247626612312,451.4135593570797,490.33217896324146,0
34.47116037204617,49.18054756368972,118.32244534620553,0.19506852333408542,1848.540643229585,243.39333274653146,338.4397363070354,0
11.892581333051794,10.18922118981459,274.67303576426906,253.30187389609333,4688.435976236744,291.06555694124194,389.12705023254273,0
15.232451101588584,33.22760839965683,359.9161498384384,136.87291756903795,3366.0714642828007,170.82737209439293,476.72706493334636,0
14.92291131053626,22.23950640045792,190.7552251495621,13.802739257104864,3076.0898263443833,5.390740166482722,350.30100208340895,0
24.588106853923232,44.05159331851511,320.40755735607604,49.3307204515345,3851.3870440352425,471.1621868719309,339.67670434469153,0
18.75841104780497,33.72295757849577,239.05262185606634,347.3909556694087,2219.7972185287813,235.50471110171017,494.5981645968015,0
19.658836242898275,47.90836479565745,131.9797289324159,213.57547111542752,4335.67554653283,398.797622718158,119.24024868798594,0
40.75653233909428,44.15582053446062,310.7870996031392,154.19570778209814,3911.341218844603,185.71628478957075,64.27406762471155,0
23.618890066662466,27.112542512075724,224.51834359318923,127.00891247160975,237.34851257032437,427.52002388269824,342.5645613406191,0
25.068510898411375,45.64175301186398,102.85932425090975,151.53558433720232,4117.111249241252,425.7485256444529,337.718376680396,0
16.791024388094762,25.18243970169718,212.2066320321966,158.62907993088714,4480.188072151446,227.85614663909215,305.04739864251724,0
31.957405157618233,7.0403782914787225,143.54692923630242,202.71452826055403,4739.7923511832505,448.2265805172313,101.18546643472214,0
16.226427580854146,30.86090352083847,173.830395322251,321.7486491093569,4823.038166378722,187.80967053592718,326.86744720487934,0
21.228496080692228,25.622042123869274,112.52749296580396,161.11196420065355,3066.4507987965676,494.1142081507077,212.64003001271752,0
24.010665253373382,41.593370081066475,78.07623613531908,173.0056112810363,906.1703060983948,12.300781296426033,56.32650519044608,0
27.981109926503258,17.63052401899553,11.201494862102454,177.9878522843268,3608.1829253659384,152.5687865047114,74.04275192703297,0
37.280491726429084,43.10356119184193,139.16017341710472,311.43151900934686,2718.41790310415,359.8326526099115,433.6463283961012,0
44.139518697754646,42.68709218876748,120.8209051463675,127.64439288328512,3119.4063324463305,65.34942489203816,146.2291858503436,0
13.599312383822673,37.21808732665947,60.51108384075651,133.1209451090872,1391.9091790543891,202.24419596585324,479.98544168268194,0
35.208095858844274,15.440970851390665,67.32048313910514,169.13407039382088,370.62389613088175,14.676476349736568,407.87913277586017,0
27.84121941508695,44.20023653207143,36.75792678144934,17.709698548095396,1366.0381173061503,300.3272070603873,332.8842879166426,0
43.35194297670063,26.811313674045515,250.45412339332646,356.13849903368595,1268.5479286207267,430.1212471519524,441.69962233165035,0
36.95487389223509,46.413300089954745,264.18467036706267,64.5405906802862,2783.294442760991,171.32066840398252,229.4033733302481,0
39.16281155237135,32.973641735062216,113.36503136999359,349.3616700669138,3193.1432214395763,471.14635591128075,438.10910252958854,0
16.102740251760213,28.548880739427624,22.6349281969722,192.4639290311204,563.4545350253657,353.5526487387897,43.579607226024386,0
34.977757536274716,17.797842236918754,10.73971105717439,296.7211945308932,2618.564537440171,379.0446940410869,281.51763748931177,0
36.59540369312178,48.83772326929068,8.30742359368655,180.42236761933518,3121.7368767007397,331.78107730582155,4.482653727328478,0
23.316594546085472,22.32248482000426,94.28204004563976,128.12445859883852,4155.6134145565,430.6494368040554,182.04201023316608,0
28.035330330087366,49.10928726883038,241.22586503392702,316.13104777310247,3387.0357686407224,368.1897194021243,10.06269321038944,0
33.36336298226086,19.952288584511912,345.93890696750844,179.54907452273378,3594.1319162098425,115.48673507199697,320.7289881462966,0
36.28916868915822,42.682330499571066,22.077913843678797,171.03779887674185,4407.530969271307,238.35080880194863,412.9747300877997,0
19.23957629841161,14.057735097130273,206.02554880325457,102.06760171207604,2044.180063432092,237.86139300024888,277.1929151097359,0
9.24221562403505,23.181508352888336,280.0303750908328,254.78790546874467,110.27211706985398,491.1244747476889,385.10425319275146,0
38.55980328729168,18.373300662270246,174.0218363636029,312.98813169542603,1931.1180634234918,249.15368960134538,284.0371938061115,0
8.57304400351354,19.611513102290665,217.512505312045,106.72537948502774,2832.3493189435712,35.24028462845485,160.87474803694764,0
42.6661392526745,9.56960364015136,59.87487528031003,155.52659862643765,384.50079569036944,236.04660053179694,492.5560697384667,0
40.193117655091015,32.20901067515567,345.97247652546054,75.70764084950743,2529.2599468077274,377.2046304645034,43.187879022879905,0
30.504334531048425,22.82620205172275,180.8850630233721,292.6871924224165,914.94981376536,154.0282565551279,350.4857509936452,0
10.221288755349653,11.509795779580656,82.83602696194862,266.0514715617795,4410.599095857635,321.8908356662358,487.4974080894076,0
42.85105365787895,36.54142310599116,14.282896456467817,252.6864004693842,572.8400503741577,327.98782594548925,123.61762495448659,0
39.85944431663513,47.107390918153385,216.92436138167923,323.6900517733793,336.8952130950313,443.9505951914292,404.6987120869275,0
8.870568182142568,26.24165923578657,160.79654336066994,223.50762629829268,2312.0445862019087,308.0910078637465,90.02466764227884,0
23.852910144630012,23.12429914104363,292.64500394894486,3.690636681045638,3567.3052757390715,249.2889211273151,97.74564628456956,0
33.08226263036474,29.74018212153019,57.04005942050977,175.07545298998028,4923.407066233555,89.61979651728308,93.2136981878141,0
22.545143648999172,42.13103175383595,26.072584341481104,229.9030862830347,2193.7839347889026,323.7056398388506,79.25308534801817,0
27.812678322667246,31.781870882949153,71.90038032566497,259.4566709965166,4712.626155263601,306.06990041918056,262.414149584268,0
14.202360096204517,19.674479580092044,219.69799855164712,93.08464714304193,4590.573211561102,63.53612625599963,403.3022690653821,0
16.174564134732506,14.87515262007867,18.018750607402247,269.17305646517815,1990.8781930326552,82.89045356509533,99.96844138854571,0
20.490780284325186,9.227589145243005,136.94315338430727,118.0556463808414,1129.0667404144003,235.2038150537822,477.7392314254328,0
17.74233825395038,9.81342071906036,288.1369865719216,325.252402288709,2605.9531079425738,73.57237354107026,474.16868631531315,0
47.73827013444047,8.565748427863777,319.46788536759243,56.007632727067744,3296.655616816869,149.45185171258473,190.26818681739837,0
15.433269453790329,48.20438080096266,134.72639375798283,77.5906435162096,703.8889316260411,227.07694372656272,15.941246783468255,0
40.993280135180086,21.779181889279524,175.82169678727232,306.96088654068825,323.7538404639987,406.2241752007773,461.0138701118706,0
21.286948930883714,13.02711803872286,18.823233221022306,20.748822446501215,776.0885419854677,8.690174248711212,130.780671815512,0
15.974253998950957,44.73793408994774,121.73204169490174,178.8842673090274,4169.499857962473,365.8303739946199,142.90057367520097,0
28.119358970240125,6.332752601038708,279.13016941797656,240.26613111640356,1352.086094468115,107.82234093944088,174.416680580247,0
22.447972329691293,5.791603975391691,232.48242740173845,106.09964829826258,2759.855862904013,152.79762187664687,404.48462800475346,0
18.442905529669908,16.012614365012716,288.70216018292575,139.334676292394,4403.673375595866,282.48475420817937,437.3749886555385,0
43.60501728967548,22.90878650729353,245.13409582899266,42.90856257133644,2797.5656700666814,205.9937885183445,286.9839656172407,0
17.10336906671128,49.637209314013596,296.1650330772694,59.373617789019775,4642.332265137588,446.5858733624896,423.4099688467461,0
9.915475637039838,46.137409035581136,294.05961714934983,325.3735241340548,2046.3022881952968,181.49672520905648,408.37026742428685,0
12.30159587171801,20.87092704190662,226.5819992682074,34.23278393970935,1685.8470026612245,174.32545035527224,8.77055398051202,0
6.059719977662317,15.806456172355059,232.5349303078901,95.98412402918352,3225.126929222021,246.19654960993125,190.74235449806082,0
48.76431996007279,32.27289544279216,93.53318382526118,48.865253953485265,3458.6696633184774,13.106531601329852,158.90697845075456,0
18.817009853947678,25.365815135130706,156.39807409920283,325.0254305490463,2136.896074837354,373.41838468977846,448.9248422177892,0
26.06969444085676,22.796359361916235,359.71703850934347,351.5713926172203,531.4768509977097,82.56914306483803,429.4301176394155,0
27.029982110646873,40.739743900133846,90.78530285055717,148.80646720253947,493.1854303225585,87.50872066102933,93.36331574824236,0
43.17210728716607,30.707781933741842,200.23350958666106,316.7023520196834,1190.7833885183975,26.40958326152193,140.051780178774,0
44.43955220918421,39.0668136408459,29.925036090164497,333.33319522288735,4087.960627815098,425.7090529153064,131.56650521587298,0
45.03586054489417,35.93402956314584,317.9861391720026,203.69755018230657,834.0942190141176,123.89528202883766,70.03377433475217,0
32.27492536115351,34.1886596934734,115.43944404407362,92.800504781344,4355.31670192339,330.2206676365348,79.16471368123051,0
47.3264829970424,47.69077084422792,265.96987594391953,156.75934756370452,1801.039989643858,269.85040940787064,310.94268441600246,0
28.522920538175935,32.05353189997162,173.61937195958794,34.45992693215852,1736.8375992081146,120.5514841851139,308.86641168811127,0
46.08990111658445,9.363452088220711,357.539158260551,235.4405663387633,465.31872883375894,474.35566970047705,191.32740564498928,0
13.962552021158842,15.929989374126846,263.0650132011443,180.55863594357734,2800.5735767513224,373.11250226061713,220.4541373646549,0
8.514271728121592,46.627770645424114,269.6535679494832,314.50937557922225,1750.3543727338717,164.99560375943622,224.56947233296543,0
17.956982483320164,27.928300710503578,343.3259161291793,350.7837347748727,3455.5442991799996,160.52541230516093,158.42219793362662,0
26.834480050601602,28.538245815469907,345.72274435430904,231.51416531622087,1661.9086291917167,96.09437023184402,226.82832419868498,0
5.578131443888658,25.00848545752506,352.85942889845523,329.31812444764,4899.391164105673,307.0899545680999,54.27823358322731,0
37.02258895851193,28.741178281465533,75.29734490435231,192.72948442164386,3678.6362602342265,246.4320169926113,423.0651882108523,0
11.747220248445227,7.667709939926483,296.8113232784572,134.7662411000217,2899.9177738604244,17.73256446672683,439.6548330108956,0
21.60464715044419,9.398855023573867,324.3496375000707,173.24754206725032,2912.7521739512995,124.61365846931704,59.612251024194485,0
13.16033379923419,21.60390862836096,312.83083845507184,292.8186808406431,2380.6345825904004,221.29682625437223,495.5969536096222,0
28.164462269589702,12.472995518218575,23.126937042669002,41.56463549946204,4571.104847356598,33.098280569819394,410.46796345175636,0
35.44557133161322,37.63025960784756,174.996864132181,185.7558825042865,4808.787090475195,367.0372188937205,5.4851110523189135,0
8.730482941256891,19.07667641407229,118.15586255482673,329.9094985958051,624.6488522766496,303.8089483897168,91.00959075571518,0
33.43270190778402,10.752485923291193,82.04605703565124,211.76791085417452,3425.9419362052927,49.92688854149752,63.8893448574055,0
17.548631919417566,25.20489664334923,238.22661109309783,133.84784788506707,2927.9846034445927,35.493071405067134,192.718371111532,0
19.5095062654049,49.05562611999995,182.76662864178041,278.15452538971647,3299.2647857080797,215.474529786711,394.632968590118,0
34.34525308965468,16.017791341177958,325.7647953372802,255.4232512041962,987.7975285884147,384.05109185802365,343.7710759408564,0
33.19990724801861,46.37075371770388,301.2406602712391,16.246238862024555,3991.063325500237,377.9347497698652,479.68887700157376,0
36.53729289027071,27.067427410274625,315.09604928770204,319.970622092332,3541.5416493253465,93.26906140878388,276.1723995619097,0
16.680333766854098,9.862786219031396,214.82977539028872,205.73758504707234,2271.6393540642803,179.01136628476954,37.79971084547373,0
30.877346004865167,17.55973646580321,97.04681672972832,73.49415008395025,1205.6750229425804,179.92244980534377,483.11868249623996,0
22.841426831510574,19.488468895258187,122.24945073585276,255.72202658220627,1329.035874729987,117.08262330978869,256.7705506612434,0
18.641698488266332,15.874778849399668,342.7790832789123,4.415226436889266,3388.5753423757305,495.02458210069824,219.51252505809003,0
9.075621722288789,16.791151829334773,53.07415849962516,280.82732110504577,2763.844654556725,182.35557047547124,128.8704204771271,0
14.741387856663692,7.418145690352835,232.02100413657695,87.06193176379253,4299.576633153108,457.82930646428775,10.82076668637555,0
26.18333045799797,44.08099037910533,225.96349751195717,115.44104498673403,403.67271158451274,365.1313756696034,281.06160263015545,0
45.79769076356264,11.62102451224263,347.64020685807037,354.18978878149755,4534.577949961789,437.7540552984457,211.9296300064312,0
46.38664203127421,27.71652391563628,166.4916338678868,176.7464386393339,3851.5498912431517,181.17415043401752,339.7751739091402,0
18.04146243899449,21.079917830525723,156.25073495671055,271.6713045672137,3168.7357931454935,327.51238739084835,400.83701762419656,0
29.851736589377058,41.317726850775415,219.93297867153322,65.49712549267748,3018.1291680012064,270.4965392576745,198.84911571015857,0
46.56045629160274,45.56342185797575,146.881724498282,105.69084884538353,2135.550225504464,282.919591521309,210.64269634934345,0
10.899534745753094,5.174804498246211,199.07889296663316,151.62908490714108,3801.853184075906,128.22111605056853,455.7378405964744,0
28.56734633823956,9.544179487029442,28.9151137640255,146.80734010904587,1739.5547161078575,485.28019175444996,242.80281982110847,0
24.182355108890253,37.46313454998496,123.17383199925106,100.34367160259627,3833.7809546855424,340.3782927564902,121.25368499889844,0
42.129613981597096,41.269783501305845,65.91105189276111,263.4060666845012,1580.823282203292,158.2602933037261,336.8225194595582,0
16.20210740544593,29.579534608434553,320.0094026863585,129.9342701575284,3090.16170253976,383.8612466628359,226.8247875352134,0
27.041830874995775,40.92824726820061,122.45127668538257,300.81706509823385,663.4527675156304,367.5342802163755,164.29396888014747,0
21.479544318310914,18.44145231505743,215.1961307499928,286.55927350362845,1511.536278639565,42.873992700149074,110.07487326133226,0
29.391097538934257,20.130774179357346,352.2531981711358,244.37462042063666,3575.1462872574334,358.5035089083271,411.95140600056686,0
31.88363981257739,29.610588143566122,339.79904820032993,287.13853087793154,3709.4991586399715,160.69332208366316,314.67040278894217,0
20.35706112036761,43.685923444246164,347.68452739410037,169.54908001681375,352.20824340192746,147.81009979448058,2.3003108687497664,0
44.42921439429784,32.2911790909624,307.101064576768,335.5780852161675,153.25222620858148,209.3523487335559,228.27075906784071,1
16.124556884909605,22.005655319092067,159.1662867605667,275.0980320495916,3948.16322634261,308.59276987164526,196.2386077997934,0
33.31512411736815,49.844380247519304,230.00139047170313,279.69570808395713,2438.0784354995176,374.20082725937624,34.902955434366056,0
35.45267971259723,43.626829636009504,306.82320672374357,57.41066600860543,973.1568658474594,474.33811139996016,152.09170499604176,0
14.861638559479497,10.523230730840499,32.518809325664805,296.5154983080344,3951.4522429489975,184.14534191691212,463.25881748558487,0
30.16979177711349,21.162060045006136,324.2295249204006,228.86002941167988,4397.764147211188,249.1865602055806,287.32447642467395,0
43.504685056715125,38.181164960410214,114.11557822338,123.41461889150573,3975.3827820684564,342.4763391747982,110.7542793744798,0
18.532314809886294,19.09564505602076,130.27632569919675,36.711151731992665,641.6616149000182,297.15369104253506,208.73895594690535,0
45.04100399520619,14.972453679428991,339.93063251643935,76.16962135376967,271.2220950265405,41.77711768481246,104.86268674859095,0
20.11273975852896,5.66718121229787,293.5173892074192,331.856910306238,3219.4494024830433,343.57743322075265,431.30007611364357,0
44.64059486882609,33.45166562399513,85.94980989333747,151.6421694379693,4993.015625378052,125.80799789372688,208.9958242547923,0
38.81202807140826,45.53935631418349,33.07970488917647,253.02101366144606,1050.7199112342191,352.885120495593,148.86538918414288,0
46.427675109152254,16.53221141493687,60.64979969364223,107.43080365317893,2711.4104901533337,489.6625000623828,155.1694254233178,0
22.509904633578028,18.07577763415335,46.43327892846008,359.5060601275459,576.3958635556655,67.77837204445703,139.3648259544249,0
44.05109651882516,47.887857183656294,66.57649669569736,144.05831389252887,3705.7203894941795,192.47879223320086,182.11058201066837,0
40.22593668379449,21.974019376137054,247.34089277934885,187.00510962505064,3072.238613676425,422.00601214958425,207.0587368249887,0
13.919923729252451,39.264160269190185,97.90898358073059,279.12988027469527,3964.6899173917714,45.923503825310355,439.2484113222554,0
11.457867857440341,22.351199369864062,230.77236697577342,176.96754869498625,4389.25568331429,270.64185775714884,411.85138037270303,0
19.02995804167323,29.38941669136141,77.72655643280277,159.25722405024607,4374.396136153938,29.61232653483947,60.221418685966924,0
5.44124584354221,26.06523681740425,61.840523131771235,330.6998389203229,4832.110136093929,423.1893098752784,355.7204748839121,0
19.346787960871925,46.48306041804951,358.783378217191,333.2282738146945,4654.206380720223,440.6362050947199,425.96295022270425,0
42.12811933030668,6.9912050511902315,346.5487514721361,299.4950323988954,2939.345064942142,473.3646791009531,234.12793981922502,0
17.038643438140014,36.42481444530202,208.32348504852644,4.55962320149466,425.4048760380829,271.1031278326559,469.44683330124786,0
44.81903434078697,9.517181557030106,245.07250545833722,99.12328859486603,121.20910811937927,37.08942767400386,436.16681381076233,0
24.245301792987725,30.406853641410027,312.87242844364914,160.52279081395253,4949.854125772793,344.5738068847068,129.46395977991776,0
12.510950470694183,42.71929351565255,79.81228788149309,128.31889071490838,4273.176263950227,277.8223390333572,206.73986091329527,0
20.474694289522866,9.448340273123122,337.44233967871196,1.5279225443236655,2841.4041090526443,426.8313867546782,208.82126833289854,0
26.030086455311963,27.21336805817292,19.35041730965606,222.91365263753832,228.9386436689027,77.07904377456171,226.2684912651255,0
25.809052978296613,17.24771808873512,7.690357097004585,21.511412313477717,769.2722339441083,113.60479161853965,275.4831805744671,0
41.1909695669656,25.613929235323372,146.55103113776963,14.404975757697201,3518.3394134491514,166.90898520492635,263.1327588838881,0
19.18330496511791,17.85144478550751,176.93575816887446,118.42584666948936,4251.636090275616,212.22428668104737,190.656957578566,0
42.992229316281104,37.04536314642431,122.02577438113079,65.22430370944387,3118.3213968498167,340.195544735203,237.53060827676416,0
48.02136487709247,18.54788153256198,227.85154280130712,1.1508553007069589,1186.1816892913637,460.8106791387732,113.09427123915356,0
43.009706064386,18.653947045500857,230.9863577744866,13.064481272190713,3760.9177483038493,463.9868403012789,188.7501812932172,0
17.921704198626195,38.26728604484837,41.19157139599547,264.3522535685256,1389.537833333459,313.9084152566965,450.4645129618142,0
11.413881348826411,32.1400015003461,185.54274193533607,291.3241228520273,4094.736435265062,129.36999633782858,221.96953798097508,0
20.558065404706078,25.67052629546445,322.82854797247046,245.19849159663855,1930.454637043773,47.11938160079171,105.45144010051277,0
46.97923058940733,37.40725174924721,127.50083016873359,170.66172570489678,2635.6072282087753,471.5114668477516,39.89560305751883,0
34.886132257472966,48.22710636562907,37.79710294238215,271.2767433632419,217.79116215721197,158.06148560098387,441.4693294295414,0
15.272505427463594,46.35561796946728,16.224571700641917,182.73087666294023,4761.342609009232,61.47551055063977,355.9504174060944,0
15.737378117256437,16.36110061934094,52.703268921392535,276.59356951956283,549.9359895781065,449.9711629010326,477.8230239619827,0
38.44320053996322,36.03060796415299,48.14286479445257,29.017811421829457,4563.484587742149,204.04202128377025,352.964064912402,0
21.021739196276624,36.55123524828238,346.52535566420437,36.80074747349937,2203.0521028207454,200.29646573416426,236.57181908812757,0
5.799935626110831,22.149573415830826,225.87111280524593,309.86575919238874,4487.897642571106,3.2472076056663246,260.83715904820997,0
23.6372873473276,30.785736342535174,157.7787592952539,301.43403363162696,4612.262284420736,350.38238808950143,415.52936865348164,0
42.97046297980866,33.316937854995274,204.62397670711186,69.73574293712463,356.0298027847429,341.8025206903876,19.704466342015227,0
31.328613047750988,35.69176024836394,109.83586245958196,42.13654580022936,3518.5498974275206,376.09212212842283,377.07927938564256,0
22.356601910433543,12.404700374689916,290.2706479545547,238.62022647782982,1168.5772577589232,136.5307869013913,252.64401304823375,0
39.96323533953556,39.850200695328056,269.58367197951395,84.65314462216168,1321.616014920375,92.92561440389707,28.46220940758759,0
10.630728970545924,48.97816697400329,110.06376424079954,86.66862186012087,4651.390201202602,422.81504946275055,166.18070798426072,0
48.86320338348369,6.452610564006429,325.0567432333403,68.61773676297547,324.8460221732509,199.03303416994356,491.8835665531362,0
11.533038666206824,17.253015592505385,163.04531277170062,38.007718016415836,2513.8862892964544,446.1177792765149,314.68160047200297,0
14.431115051202834,19.19429090826862,199.20476259503332,17.511812051260044,3671.7878982478587,471.3027410763484,171.12001370979922,0
23.377626792192732,45.456175699120614,91.02667127476494,228.55959797068363,185.4029989868821,435.2779270120772,267.37395369118786,0
10.504607270885764,6.589667686868228,295.84620776835857,104.14810704090034,2844.952563615268,107.06218456113852,129.63539649143124,0
36.47823909903148,36.08753922309107,143.41699925684,206.02909261558634,2299.714146969161,33.408171066230565,389.6495337291721,0
30.399710459556793,31.322780303353824,304.30759154054346,316.51776405770903,2069.4612222105616,50.65212198632152,211.63592127530944,0
41.76798146938047,13.840572221430993,227.35793219638697,136.24205306950353,1192.3568790141062,36.8754401990562,226.0590784389106,0
41.5041979613752,19.162588116228655,212.068490565114,68.00679818424709,4737.346043007857,218.21585206348593,57.408205958988376,0
5.890177556191794,17.801033024551078,176.6154720640241,160.37773429327873,1510.0993278092747,55.095250873911425,56.39747700097914,0
41.992348262527145,25.406495807675253,323.9233056726908,126.62657242686193,4699.727878748411,131.06214111888815,341.7363499678876,0
13.189858496425309,7.07985507238905,203.46213221884142,47.26243806110862,1320.8066971954563,174.0132528197567,201.3058960472731,0
45.66411197895178,32.91630032048069,229.11809841840986,304.58269426892394,4663.954157884228,339.3313510996665,415.80215841987416,0
13.520508280984602,26.200884162629144,343.9413208978098,180.98859498329946,3072.769926616788,135.90340056488736,373.3182583259746,0
20.515052137475003,5.448096179199392,132.2034129649814,144.87732629525368,863.1820332819698,205.51296182116585,18.202867666896438,0
20.44472671091445,6.966702062495724,342.867315424477,67.44440916744944,1565.3197091329876,212.8087556886447,197.58590526685154,0
29.40345195245455,38.11086362329216,269.559860635113,313.567891570696,2667.914047672203,386.7243159822096,65.49005680266046,0
5.325702762342161,8.072131549754905,236.1189196667428,45.68484755802713,124.1964426595857,428.2531834759083,217.3391197032253,0
35.48611353118524,19.046273958048214,120.48310765777607,69.44749447045191,438.542799258346,100.5261202849474,410.5953611675422,0
15.60652397734093,15.900924079110606,45.465854677076,325.86192953028393,2307.015648111093,82.73216740449001,432.2904313696734,0
40.88522819775952,31.36532184251447,17.82195820075634,347.7923258325365,3784.3054077907705,69.69231546456339,195.77524059940188,0
34.78732260101695,41.44701568285214,341.53548976110005,219.68429516542264,2825.556423104314,84.79083567178164,347.87931273963005,0
8.355540723394272,10.82861393928097,55.793078567207466,316.8938312182862,2071.655080993672,229.2766340765673,419.8900227374591,0
14.916071366091876,21.324394895159713,121.20440075332887,161.47059000113822,172.7497820559622,13.957803202412578,222.99245650307876,0
39.227953956668536,11.238396425426274,219.33562642834025,43.39787514345779,469.59091737228607,381.4799272341762,433.80469078481985,0
29.11357548178227,34.51468653806591,289.5948340059091,129.09212246764676,2648.744659426172,420.64198543327086,289.54545592482475,0
16.235536260596465,42.73298389934389,154.68969289040825,265.1408880572482,563.3454968759622,434.05143807847304,432.1462852593744,0
35.471288309294906,20.61399963360293,318.7127202291816,327.47863866299684,2145.8012276905524,370.56385247414556,115.20896278459159,0
46.329059248686676,37.728635542967275,316.34508053903613,323.4420422592506,245.7432432604509,241.204429034878,158.65122856340952,0
20.76955438108032,6.4688367482189335,334.0673994202896,168.61931870463079,1815.155534866537,298.6791456533897,56.807334310594705,0
47.25257724509377,38.99891064971102,295.82599868772087,199.37276313532143,4070.6110077766393,97.09732097880791,313.21266694559546,0
46.25164346498005,10.03912009710345,273.0363095731732,129.86859732816697,1039.792440121818,341.48234983183823,406.6149679345753,0
31.009970718288987,31.7625992026152,330.80636911447743,40.75329444621189,1443.6940503094038,89.35459412137764,1.4190256843800708,0
19.000698725178076,13.041157117756736,358.9660084559843,259.79199820822146,1327.1638211547534,444.9713700872853,314.7487537375157,0
42.682720816487766,15.298648131096416,291.3480511877821,274.1183155714959,1154.5950951574664,143.53318003859755,432.2671097771402,0
30.334712287063084,21.825272269280045,281.0232852521208,316.7194213610849,910.3954860783097,196.96132555157268,460.5635526782475,0
30.723173512617056,18.085735653330424,104.00463069823286,110.5905038613906,2114.088002772438,491.2491177149912,241.2461631038401,0
11.14672039208505,12.610224258427714,202.93181824283363,106.71488148690237,4756.567340321367,258.29873343111336,271.0873306025316,0
38.65519615820963,46.73368217357167,208.97498347515537,128.05931336223136,2720.832332946466,115.08430620519317,151.41888268596736,0
23.7524628428009,10.68710128929275,153.06187315780363,170.91916345130718,3398.5965736455337,135.1592287312886,196.45821318763956,0
12.229484570053824,33.38347483796748,311.284898457485,0.13946081049163617,4131.210840760161,136.57870133722255,137.71711075263838,0
27.114702512611313,43.740616295294586,255.26587520960814,35.20827891782887,442.08988691830075,265.12669521360095,459.19787811714195,0
9.515455593377856,7.384705655716001,45.64636755702553,75.62791567762964,4666.6942116413065,335.1013174033101,184.4218471758714,0
18.43206288704925,44.00542784698059,312.32457833899446,359.4261644711427,4242.903999606215,473.6436562189342,162.62295882042034,0
35.767619289362386,16.386253603987214,263.96417111713015,2.6667764067955746,981.4138918804962,327.7753411573334,22.163277860354157,0
19.875594179523894,47.64063823008029,248.63639144381213,339.58283211112297,608.4801920543841,202.19213424649624,9.147600974474257,0
5.349764043860353,15.73134554370076,227.4600456472322,205.78240341769606,1356.151647652147,422.6316305557659,415.51654442217205,0
38.03837419125932,6.808598361629609,133.46457637755128,358.91719655123546,3112.0402861039315,343.60267511130985,168.41182559633643,0
21.14993442988487,48.62898883708517,135.07376095278147,186.10959996308426,3540.1935693010214,421.0178256584573,151.0598681467597,0
6.650527254496296,15.74489553609968,79.8185895360537,198.22956863746376,2180.626172100497,44.28817541092334,443.958082677343,0
37.64105853230325,42.16395719779938,290.3976187982126,161.2046621593961,2508.688826054694,59.39763711629698,274.7891012190357,0
22.897705162958935,13.225598074155632,50.30699593122,122.21092533437032,1171.870116355868,20.403770718074476,436.31187643880344,0
16.74995795221025,48.76717107206916,140.2606019586954,237.4432737669107,3663.495322520241,137.21358928154987,131.4898681093954,0
19.890084154178574,38.37895840312413,255.77652034980048,266.72459257109676,3831.248441874403,458.95026071768734,202.66360529732714,0
43.6340765173536,41.22383873686831,107.16513664988727,42.80045068744962,4551.956666253813,86.66047289010059,174.7062698468061,0
29.807873984424923,18.482342333951834,96.65641860633724,59.830227193511234,1876.5722835111499,227.68981398877048,258.62429983350734,0
37.718840994896624,45.78426492777722,129.25519521219147,0.9135472248590126,1780.7545167122348,85.12177571529888,329.0721516030733,0
27.97115739429225,17.988420984155574,109.53034104439173,29.749006004884397,4260.156577644957,123.815811005967,147.4615267101293,0
42.03032195188993,19.217580367141487,31.680907350774824,110.67883818007972,3134.728229279074,116.52352051364984,382.41801880030346,0
39.48223412843061,18.89652541224165,321.37043149622366,12.510508671695867,885.8896143064641,22.026242680682596,168.0350628903693,0
20.87081803693739,11.797456464974083,346.4462495879488,340.22110974957087,554.869803147524,326.02466412361366,150.48221659492066,0
17.274436029030266,19.369616839085104,269.88222359206463,210.6501646506621,131.88498143324918,408.37523890566183,422.8944650718093,0
8.312097617925968,34.84678753547292,293.87161112655633,131.6974915817465,3427.3951726961914,37.347926114407905,146.50033920582862,0
31.900844983108883,9.556230401872147,152.7643742312125,224.23381295298583,3664.8062621507856,267.8248481041478,403.01062977417104,0
5.952290487765474,28.077557967357954,324.08708520779874,310.3111882034517,2095.3371078281352,345.2993300993814,372.08727053362185,0
27.269147563146742,42.09811248389751,268.5522354700203,328.89149913515433,1450.4264001635647,80.12451508480906,418.4096589666235,0
15.562926223304828,38.08564838163297,57.083442028537114,152.61383929934945,1176.4441737666018,493.3692803046487,376.1898789467764,0
6.930467932743192,20.76827439039897,7.079363842382955,310.5223616183285,1285.1689373148092,72.3293838329348,227.77687657304742,0
14.18671872502347,15.118477889328977,70.3476267708546,26.710370389310583,1806.8032564379812,199.5715686034899,187.68666384364707,0
19.421897480868807,19.671897610808287,257.7706970401935,69.71099848409433,3236.2695219620114,477.780551767251,100.19418164198946,0
33.613683749364476,42.24482239675151,300.51293673431604,320.2062128148405,2760.905601437733,379.67987157304475,89.88580908298721,0
26.412466676983854,19.875315925392826,240.45220788297084,305.2279912879708,516.620217352739,345.1079530278353,157.09288598576805,0
6.927053956361108,31.476637877537982,179.92363125094016,155.81867647556848,3785.5797888880056,438.17735100768306,482.72495148152393,0
27.608216176097105,37.294091898077866,283.5244298068416,332.67488346579034,4175.783771825643,287.5583211835298,376.2918297341055,0
23.51261487201737,49.568784606511926,48.35251684369158,356.2680332748582,934.9910617524511,48.593719402166776,468.9004318893153,0
28.645786155714134,25.08106196920902,287.0503447484137,19.60849717299565,3898.4584126202003,387.2348579390451,325.322358623103,0
46.69011680132133,32.75864009793932,34.90047885750111,26.422057279763806,2824.1138017003655,343.56698889961115,173.28367989374416,0
5.750701307756355,34.27598895628408,181.45688713223382,21.722204722037862,3537.311163831735,79.02450166097496,329.71553840011404,0
41.730027834296926,15.905957502495953,107.70782731997866,97.14518986305393,3140.0017769264005,423.14329000776286,260.5788106373411,0
35.0680753869383,43.196956326952545,5.337803630486988,217.61638194120977,2160.591254937708,158.06463178283587,75.67448315693449,0
36.94712525515211,37.130615075598975,20.669971313279962,208.39034866344386,3751.8911226402483,347.130093956488,35.67837977834365,0
43.28381434854603,45.57938248794638,353.9291201804813,148.26655155966407,1245.9333219064947,274.8832411420604,335.7006038713782,0
11.335385541093276,24.725786787200157,225.6263225780381,133.87432286702213,2324.2549775311427,82.52985468844825,447.51017251940834,0
33.29041630758269,29.987160674444286,76.07035226866923,170.57203039457963,2838.6842367856166,467.78439462672975,44.00152898858312,0
35.498052634015195,30.743727580005515,227.10637257573075,198.08737795137532,615.7682748483605,334.11937946289197,346.95087685031245,0
34.480639352537345,34.08165826689137,339.57104227485274,132.06230934671146,645.2878175527526,483.7639813589944,221.82237643567365,0
16.25062657422682,22.655940766498553,108.95434076662231,237.42263811655144,1250.9831557309822,303.40940080931136,3.38539429702861,0
22.648172718313784,26.54540863004503,358.0882805125147,143.16025731014534,880.5889046407259,28.01683884279277,389.0600030716811,0
35.520507624065274,20.55319944731285,257.55080911127106,32.024312650295215,4096.572620950634,41.49960443108619,325.5601423017905,0
49.235850424581855,24.756595234906904,8.776699148588323,107.63751076305209,3744.4757394168437,88.28012192115592,136.44159524660583,0
12.493521925528489,8.285699311007239,315.59588511119057,305.4284652279681,1640.1195331176596,208.86030750871936,409.62973244695314,0
27.57286897763283,16.68522204465358,251.02412365138895,165.12268111216468,529.0899939467243,320.2314044500267,66.07386799021114,0
22.67415884672536,27.853493364032058,51.589420137504945,37.907258413599536,1513.363651435387,166.5001806677046,73.02005738506578,0
42.09876811636234,12.469687634532734,19.703123291514338,283.57908437809857,346.5055858048832,149.0983935071445,100.8699257580098,0
24.146803822991174,17.20003301675721,318.23284376397027,251.8693140986719,570.8967168076557,255.5944293054932,287.98041804352266,0
48.65569314767364,12.36310770929911,54.46299767181548,295.04838941506694,3633.461446532915,111.34244795297977,128.5648878653075,0
44.25994014314769,5.70481177660745,294.39044893894015,131.49162186634965,3772.8926687456724,226.30437783229635,244.52460882305675,0
48.80677639123243,20.90141312856312,57.74399240983526,298.67680195517295,2435.841384574217,149.68855729431263,10.664631175010209,0
14.272867505806822,9.666951129653583,220.75651106508198,216.29294429556825,3003.209616130723,313.8314692528158,393.1554594348822,0
27.771851756174403,32.0523979595276,300.83844947292096,146.1281510784232,1839.877294507111,398.5719171188415,321.2093220158927,0
47.137662705196526,13.613880279959021,13.21617757097949,253.2772678117888,2623.147937176477,366.4381770482858,146.164717342251,0
35.18719075633099,34.74997876128036,320.15191469861844,84.69821861087787,2225.8530612941313,245.15067456624257,389.1189457546887,0
34.70007381834753,29.403347061996428,252.3736599641985,184.0490432040819,1648.9999764921806,338.6244932131453,71.78895133383323,0
34.41560596373272,41.89932261033103,295.4132561866837,337.1484456149485,4091.6332350238695,29.325237287943338,356.83047575389173,0
30.75474133721657,38.98615889894032,112.78008211673485,36.47089352172572,1275.3370405988574,442.78483685692464,54.34444996933213,0
7.838405832080493,22.411257822588258,352.8219069187865,349.9989154667353,1016.509087268232,172.0815688352052,175.55648842108184,0
34.26195055610284,5.2150144733912,99.42350219277539,322.68744043495946,1083.1368778080584,20.717756453109082,300.8081689216141,0
45.37622306454101,18.23773361977513,123.95914784363875,150.5247000905943,2106.072647333003,21.313040116188898,422.564139318129,0
25.592592315769256,35.91780080355325,245.7056409401266,147.46570446274055,4761.38972517122,204.12259788587937,432.2721184217706,0
41.3345654054746,34.03755211956104,65.1291373972522,20.296834674564856,3970.497854526833,439.188831611704,15.11607656260222,0
35.7948999068568,43.01244247613855,130.82771404530385,226.75446900362329,2777.490169523385,419.12118390532885,272.11244820752944,0
9.67920389947183,20.2340326342807,328.4073326797753,132.31166726119443,4929.838553289606,245.40015512928164,482.44634691944685,0
6.362838860127166,18.312558752801053,93.29937430669543,171.32239552546437,606.3442025650418,232.92932309116514,340.54060630782953,0
35.221649457604315,25.217544778542994,228.59388154913924,7.181630962762799,4432.122848059725,214.47686136805282,99.60860003222172,0
22.6087707514245,43.216634290213705,87.62073609249144,45.55006982116062,2896.2200760784385,90.87517795701217,56.34189942385276,0
46.807229053380205,15.113898233154496,176.84217608189388,305.10215460999206,4513.366387066164,125.94864418300789,110.87732867601441,0
48.71413693614709,43.50091109378963,327.02923807197766,65.72865394335945,1872.867008465918,448.33419459182954,147.2254959745929,0
26.717461224163245,14.955268818116151,347.3128753985518,106.64741074073305,2556.3672095071047,21.21908104904152,137.09457197401676,0
37.44478981951079,16.17434732711348,227.64362307509862,51.07887905779341,4117.12300521378,257.0890523691923,406.55763192406704,0
14.12548213766465,37.76044827155546,227.62891318060338,352.24236114040406,580.1546391153129,70.38287086185535,269.3968239774897,0
20.97148751952056,20.660230252879735,75.69472784975267,217.31573819166928,3484.7186465004042,32.45110816718838,268.03258307392633,0
7.478771428533844,22.812821227664706,213.66665929169957,153.68313294624227,1126.8388727175343,152.25302756153076,307.90173939929167,0
23.212000995117613,49.5047880409714,342.98985325757997,241.63139788587512,4318.409564524093,203.7301497262921,360.4693578383204,0
49.98187371621246,22.18756692244178,157.35476849671124,232.80005810490667,1501.5996564116183,83.41327458156094,266.0112212579214,0
34.249446802516935,30.551551457434012,85.61109116213467,26.31258294871673,4766.976474138643,450.15127722687237,64.86257302188785,0
46.36793086097671,28.59261185756908,274.0693309778539,216.03331872649096,1564.8106915314793,362.7641229236997,485.53363220987217,0
37.24481691201818,47.63930888343568,334.84256840282336,131.00864215475116,1925.7504883544532,404.469642511425,0.2168167163888457,0
26.82016697867758,38.95412149772434,306.93506904585246,115.4926305555257,1130.5199182743165,166.34172218569626,376.2213906559274,0
46.121747547572454,46.43874380927168,30.10968200320348,224.6500911657187,2437.8292113505304,171.82655443135553,3.7258998776503183,0
19.943995692646958,36.18457181544372,174.53812290873734,293.7371649875031,2757.087799152096,148.45338279047522,212.82352515932752,0
35.14159322497725,7.941012173404137,4.4398495701668805,359.7645066065571,1161.496137657088,321.6313180205716,445.59172410666605,0
15.451880247795415,27.97079222017526,207.31514483279517,249.42580473359646,2667.8264852197835,304.02552549046067,147.1952013176112,0
16.236045415596216,5.138205026357726,4.879856297680112,271.6814907172178,1242.8369803876467,40.588324092566296,278.6706201913581,0
28.584876032890747,48.61027393100359,356.692566825458,134.40507906375416,2355.0613784038014,68.4949877393678,18.302887923059398,0
24.531430582844933,35.11550639714594,133.76871634902838,203.8815676904107,4531.50394768199,293.96130857172795,489.1374667356456,0
44.05864284916357,32.89915610081114,14.111604079350219,187.68457966927883,1768.6014610483746,394.06243488831836,91.07436060590213,0
6.942401845707252,11.279432015673908,308.9187068376343,53.19993527181475,2565.5822386426466,118.11322947275504,305.49354488517156,0
40.10474088499755,26.96843313815309,227.37423705008806,57.992144577311024,294.98554022372025,86.77942745114031,385.92076236822584,0
11.523941834051023,30.964562044092688,350.247159944457,16.044551106618012,3878.469723032453,171.0900922844922,399.82954929768874,0
8.980037119912483,38.655599368604186,131.13509691529728,323.64986462445586,594.1055077801931,480.69897076148607,228.39543687249352,0
26.503915040448486,8.56544167743423,53.606362503505395,198.39366946657105,1947.6206021315468,138.1983033301072,125.30967583015229,0
30.889041214032595,38.147657819379134,152.29685528934732,250.48296163702483,1839.312494210931,135.11923078449573,407.93008436122426,0
28.51651266757652,20.06129161241016,74.53793852979398,49.68298256103543,1214.6138539421443,20.495195244189578,454.3214326285187,0
27.650520202356294,14.511439743286099,292.52816847961856,323.12074200929953,4427.908633436482,189.818667053645,126.51097011260303,0
8.326393884689237,40.58227030971011,32.1800991942468,250.59591119934578,1758.6962410901583,456.46852003169806,145.4456898481324,0
15.815852971724494,46.796077641033044,232.24202652791664,51.59747202032504,2890.0733051801312,499.52068881830667,279.768624258776,0
26.696429661716305,46.513523929535786,208.92450451225736,141.7061914336091,1116.1991015189892,378.6700302148994,26.269893303326352,0
19.742442810227686,34.734272018723004,187.7353024752002,78.65542337901418,4412.864195278999,44.50128194278474,150.75967553876507,0
24.520139183062216,18.955283396422956,12.584081075511492,352.6655635197533,4187.41129465378,479.71784480510706,263.0350969278939,0
17.527459714459205,10.413701161524756,96.37520152554181,63.05885877035598,1916.4577455750766,470.98028098795976,181.60465692273692,0
32.865502355702105,28.84641388266145,193.10721669585746,15.047841781293565,4203.472075362155,87.53473109318877,472.57352210414416,0
15.834925166092837,14.645929835257327,101.86713452624315,341.19811698028496,4803.46768757869,290.1766294722715,495.0416562994746,0
5.6443749003110675,32.68460151075019,222.83626656832402,21.254938419700736,3942.510060269917,250.41541779270537,98.09280444776996,0
34.14836369742787,9.616983239045886,199.8665075910766,322.9751662747434,4500.769545874707,405.4342614736463,178.42471111379393,0
30.61285530581724,43.70651309354737,82.38580788676188,170.77203243109955,426.7240167705163,146.809380664769,344.30403497090555,0
5.317819175987432,25.328175769658966,231.3734992784016,244.9991889000266,2972.384235010849,2.3034876734879806,93.24571020159156,0
30.606291452752036,26.948572341564823,57.41327462041759,234.68790892827283,2133.47214259165,85.82505599864531,95.01100249879335,0
48.0047118040823,6.079599148029709,336.92371931389874,121.8951510153312,1676.3076474346437,394.5543002443658,401.8605099735564,0
32.361281847652045,46.56308702030893,358.2928083349006,118.80093988465688,898.4627156061111,34.14136228562131,473.00872808784027,0
43.60459705614155,16.3210047598868,129.09633172434303,232.43474017147653,632.7466693872475,83.36053610181115,496.8704311887101,0
30.628610564172583,30.496805925580944,184.87459003619182,68.1402526934524,3582.173559510676,407.44109768406366,216.91643402925192,0
7.333601154285002,5.538989409134479,21.872761242913267,122.33397570942256,2634.2403456049333,176.83811851079184,193.06286749024991,0
18.17755969777494,22.118528836181774,341.96358835184293,242.22805713776356,2271.956179562342,305.86233698877487,99.91891262518388,0
11.73106658607491,39.78029517911845,276.66047506927987,328.2381183698233,3195.533192894773,196.31496110888062,327.73552262805174,0
26.726583377069716,9.587308231342494,144.15467621410133,35.01648185628837,3806.7116565174374,352.98241994559675,258.06226837679696,0
16.102479236165795,7.693166267190767,27.890410649049223,26.544121587825643,4732.15053258502,369.82852442612955,240.15085086462162,0
13.50331819097833,37.992393552176985,299.03462289289047,269.82284933197997,554.3789451583513,153.90204538594722,55.1011408242017,0
13.126313708832418,30.744510624108795,101.74783762746677,241.514650822564,3845.1362890623927,366.726405445065,478.93227493829187,0
23.965606543088587,31.945038189048553,168.04370261853583,175.9762094563689,3289.462246694728,166.23839785026874,80.51865651718914,0
48.44434068290323,14.957712529669339,233.387340206366,14.129809138251437,1776.0111699583854,408.45818989540334,281.00022498852616,0
49.45583843119718,41.94609914909858,78.09616355075225,297.83542066460586,2062.2242449881132,393.75176103702194,159.95176715875738,0
10.372243302289451,28.076827322548645,228.32192851288295,170.42022261246984,1502.6356869747824,141.9996460293489,474.3497977304569,0
44.92160981037071,27.155659729266485,11.727371372586411,149.99570351143456,2897.236566125478,149.61386132562788,489.9478469219106,0
8.733312398650439,35.62081567210051,325.18544188719585,80.11998030421537,3403.913333444277,65.73217276912906,4.433276851647183,0
47.515863070935474,14.528409897208979,88.91289449329051,350.9837992439714,720.0535448981454,149.22536066607034,371.97690882012614,0
27.119358909581898,8.642545301626598,22.45113754742265,319.94487385245554,2188.5916375294,220.8241488289802,92.2113302133788,0
43.50741050653785,33.52014354258165,122.15278043820231,119.86931006960799,3960.473363786736,106.54380985293687,201.32319653676407,0
8.139331231394578,18.132525639748245,26.112625976239563,264.97626350528,3182.8625592197823,85.34041528509084,97.70001409442291,0
6.567824039407529,12.923980388607877,275.3503323666389,314.5366814379149,531.8168687756669,386.75356447479635,164.80180630921936,0
7.194560125908126,41.60752817137682,93.49730884897241,78.39453673240443,4179.220607685982,151.43316475795737,210.64664752015867,0
24.967345970641574,39.835454840479485,258.53174234757665,107.5378688220474,4244.680893903901,251.91468749017298,389.9466790504755,0
39.184641429405126,13.292131911074524,149.1493310699172,131.81567040169972,2314.635247616855,383.8177454383026,312.1097187170767,0
37.39649274216488,17.65491997489877,258.27685800783627,87.07793683037787,4477.194075621692,288.67848035581113,218.516784356026,0
25.99722997963126,41.03000929833498,122.24830807333352,302.77039972008384,3533.1821912972396,14.934833191858566,426.2579935308628,0
38.95410268393739,26.610401449087092,162.3959816628041,144.22227023853094,1236.7048059375109,204.42403845711178,237.19305063478947,0
33.090781229571334,9.445879663958664,39.95415258930287,65.99923392123874,1565.6625512025278,213.25856438462333,347.883462273556,0
26.652920674305125,25.04677560616698,299.88000860771075,307.32404164618686,2291.271320954143,270.2615305089799,335.6827206861998,0
23.091551712338976,7.667756892116968,326.74224596881925,115.34543092355118,1028.3306379017451,261.4191241545714,499.16724803213145,0
47.10095140094743,32.48605354488048,83.43862004115071,193.22022826114534,3902.5578021236815,423.7730572882071,58.92900486602331,0
18.98325131720737,15.753380931354307,174.67396125099958,133.99856624971179,2489.588615647673,494.74329383823147,97.93350808449247,0
40.09481650055517,46.989222646419776,151.69312208887018,93.55323002630018,147.32659083437744,110.72622813942151,428.97238584838385,0
34.66649623024179,34.12508475217067,252.8924348975979,271.93961865613346,120.2619546803108,448.0738477069094,62.629410475996735,0
37.42051663072369,9.638978471636998,85.9927319254216,65.64552704682231,2251.970766672116,353.8827305142155,222.4733107749693,0
30.043042944747576,10.75014481617758,46.72819656674593,42.73148808432972,4927.809268494578,448.00810741890314,351.53842363249703,0
25.594023480575174,30.387410621392416,313.8649039043602,67.23564609111986,1835.3475758707705,170.00495672649564,25.223725393684006,0
22.97844562396327,46.412395151281345,325.2540717826246,13.937959466636078,2197.509583996149,62.02392143407193,307.464989641921,0
13.193167928088787,47.17801456287948,324.7073978111685,356.1964210236546,322.52229634004954,163.67312827716484,112.83008629008462,0
38.46555359568182,34.3641176901279,63.84744528670839,126.01150481228471,1005.1309596919839,416.84784927753833,122.0684416923033,0
20.301830176660555,17.347966151778653,315.28783322201053,356.5710292194108,3121.4972777122166,42.14792075872153,320.5837504141876,0
29.40549968326459,42.834786524611275,203.90627549854273,308.50941180933444,2397.266704604631,235.980651133186,110.59048637014574,0
23.34668665551631,29.79124404835833,320.16977728594054,358.27475290449274,1425.5314035285085,136.3134952272324,419.9619937516781,0
39.41706863800071,35.04188469288398,167.94866139107972,18.840480985106147,4685.324061926724,401.83165429542265,59.06678219220218,0
6.8229936448342885,37.876770115651425,344.8283101574334,293.5177118493833,3409.5395456027036,316.1135379884774,71.9763587822645,0
40.06130139243478,6.879655392911012,43.78495393131321,202.28611475825772,837.5879870029063,169.2111664489643,198.28904152225934,0
46.979395097434406,33.88838575606958,152.34209467094507,234.06152304982695,2550.2957537119714,389.44647401425226,97.47550790233662,0
33.40736767214868,8.230954200326615,149.2944277689395,25.218516612608994,2786.1859366476456,105.06145941591328,473.9692902121722,0
12.696606300347096,24.427916844256337,283.88916481175664,35.039322535732296,4717.594218376866,460.6550881281707,160.48244924844641,0
37.43832040577012,48.13886309759538,282.5232663074532,135.5014038348122,1718.650740395286,55.10577144486773,454.22848599619965,0
38.49275259904225,12.84607548495843,332.44815086227646,339.9156893305896,1632.8535133509415,51.228526296326685,178.05748764160035,0
34.853587941882346,11.204197194003147,197.3796726924721,317.2289667033706,2685.361620611091,461.98694976433984,237.81357925373675,0
39.052925534722846,31.469463035381743,179.2645993101289,177.87287856302876,3611.305163407776,443.39511994413635,123.12728920327615,0
26.62551966392326,38.399739415380914,227.07278467133185,345.74971053220594,4201.551805863963,496.5420926365569,428.39366728841424,0
27.491123159926502,28.871964986407527,265.8509887968912,175.23455749768132,1568.4075163422744,163.115929698514,223.4746975902162,0
46.852677178262795,22.437227249010792,177.62382446001288,27.862853592424738,2605.3264402493583,121.50609929586831,209.50637029063006,0
20.05562938010987,47.0553586367359,318.64408715962406,129.79294890234732,1362.7807265220904,22.03149448989733,270.7008942043068,0
37.60812600904827,29.171545722717095,34.20403356078988,268.4512023371535,4131.694805867926,377.56293898114734,185.75758315292424,0
48.053143387080965,20.42583535357556,159.66664792023238,1.4783816797558913,4931.507034498008,363.1372306156994,203.33301474414216,0
22.84620991626131,6.580939575879064,109.33049606906104,212.63842257281206,3172.2100013238583,189.59452440017776,163.55588070264503,0
7.350873063315626,29.240984512653938,22.518245809172896,342.4107384675541,890.8304995444903,122.62366368849197,132.62986945131095,0
36.187268070942174,25.726969146393596,82.06468036504224,253.46210277202894,454.26287668737547,469.19431570795564,241.99879365060494,0
33.8198082802633,37.143251219282014,292.2952481632994,57.48012726858014,3302.2875637862867,234.50866339776388,293.1779719024315,0
17.83948094157789,25.750252167861742,8.353604596558423,251.34362921148863,1770.4814061083907,249.26590746509115,248.6135105799791,0
39.69782780568619,35.51478555278458,258.7761324067704,349.5503750155182,1868.4062690238086,264.1544044948673,471.70080429969715,0
37.51586699004159,7.31718933368043,215.0227441563146,216.97745806705416,3502.33363601689,88.8964535469845,70.79299473297735,0
23.804939232878393,9.30242738023266,262.67444488011864,309.5682996902035,3886.571939221108,24.660443753307394,285.66217239899737,0
42.68548265404008,32.370921110111766,141.5581931174794,30.533893249051633,102.28455202887812,270.400614934674,342.1430519171208,0
7.216642886548481,33.751389880122915,305.8059115297294,142.19978617474737,3697.327416506457,212.98331782375664,186.29381237858965,0
26.12766762877169,10.072815463229446,108.0998580714924,119.08843006137654,2904.9058499422854,408.27106812048027,295.0855058861154,0
19.058735756700656,21.095636978453985,193.7548876511623,303.5132942940856,4794.770206808202,106.11378315175035,309.74092575627793,0
17.093371878333897,36.16425168181122,125.62587306288488,135.79690754291698,1516.9812510973347,165.0043359916395,353.8414145808331,0
28.443364662244377,49.15298916105385,239.28648186474877,247.76822271264837,2944.516813263685,284.3909440588336,26.70617678829523,0
10.84918359520185,31.9683110348885,42.59665153910163,216.0580142289637,3278.3804616242705,138.77842968898685,114.22860977667254,0
49.98548040796791,45.80673653393882,50.70898764753642,260.16386908200934,3038.0576080427622,81.80986380741606,22.070560461769972,0
42.9482411718459,36.250114638032116,140.4925028528118,301.2360454834342,2531.941532721041,5.0685590599481305,226.76446535193233,0
12.624417303287832,22.635256185395374,331.3845686727069,89.32942557074688,2064.080254553336,180.0801212527997,204.22042269534714,0
34.78559154001145,37.26150161985113,338.1620509098262,207.33134233402896,4055.9786285889345,207.13328398183455,327.7325309199724,0
6.885567871715185,23.30472053266451,114.12959564271962,63.33328563206712,1207.087110234888,162.68914672994094,142.6867522774014,0
37.11953066681511,6.21300571329554,241.84109323801675,261.70178925506843,3386.7477723002144,369.0578218972353,360.8359298662316,0
46.84793892725714,46.08265631790937,28.18998958525684,185.49687808222455,4998.485162596047,412.41169717227103,160.14060506934962,0
27.21849343757989,22.477459866748777,122.23834583358497,269.52994079487064,4556.374321339053,288.1745226606589,110.72995012459546,0
38.39807449853684,45.78338448681255,266.61567524490306,103.84381914987377,3268.7856010325113,105.9185001828708,141.60077628009077,0
19.71702576840228,18.95161352624751,219.58193478552295,206.09062107187734,4435.573106522974,498.4289827087139,432.5834229239057,0
20.705873013656074,10.52341097970908,199.19149631651175,246.9631703825724,4830.744213923371,236.72941563056938,399.54684148889646,0
25.36010745061952,11.751140139091044,13.348064292305875,238.8732405674038,769.7894501388432,190.4223179663763,64.97600323814734,0
14.971117462853039,8.74662264828005,82.17398611593612,125.93733050587768,406.46894362046595,456.3073246158686,183.5958378770587,0
49.35975421438989,22.06814402047468,275.76964680384634,319.2069892182192,2007.8425481521206,331.18075318872775,95.81029047604528,0
7.41927160456904,44.198981629335286,15.782603882685851,66.24621912178625,4117.696260370824,418.166827568131,137.1877129050071,0
15.332582967682834,10.229395353602523,223.07480087707222,85.27016047722705,2316.1723873227597,452.4306610757574,8.151412575217288,0
18.37418181733962,48.900156958342976,63.229498769739784,358.6292417393781,1124.2549661497983,87.72637287299673,397.98511062589006,0
35.46192751052792,10.216717482439378,158.07956426391542,248.13958965424982,853.0185621687324,180.10527448595874,317.2076166272816,0
31.46551261942965,17.36229807075069,315.497144228451,127.22552718470104,1227.108497239439,368.40489399068866,221.69730313685653,0
40.39189166846216,43.55605101436735,3.453615119955491,46.0528625797508,1838.1562431257942,307.2889429859096,426.99002193664035,0
6.206331171193191,30.967342327270757,253.27751038083088,340.0233351046626,4016.3881833798137,494.467876856755,189.1636357390387,0
34.28605831311346,9.674150416600664,96.87303694889084,261.07536862735583,2912.382730935359,119.01987932868319,134.9142121011595,0
10.724030544295836,45.10670964502344,350.4059838920496,78.24727586079602,3424.4150847539395,336.58499986634223,242.0618320634107,0
17.42214590613056,44.26330116763151,42.3413674652707,262.47084843169387,4902.862588540982,392.09349408822015,239.29778588485084,0
44.41591847324286,10.319688534296308,82.47996404794696,19.178891113743575,4908.296324016634,398.102073594956,390.4497054816562,0
23.49543713263103,8.207144825419398,34.71222513874759,95.96183426023589,1157.1215453869474,464.5089632803644,289.3164196967996,0
27.27740494308658,20.996579970666446,234.14708059409185,338.2498719683122,4601.500075722793,253.2051863256123,98.04316459369421,0
20.99900676159423,38.42314391451505,51.73360386600902,300.4572565006068,329.788961877215,39.349018139873735,207.40843857977848,0
17.509998872042132,11.226061527595238,229.58727418273156,303.70825566133436,2589.3795946091377,388.1383999373833,394.17170134811636,0
31.13975539378405,35.2757689474101,78.47302764768564,76.62424451910191,999.5211522913679,484.24398764832404,146.37206100326088,0
26.651757587855936,46.61477030249167,335.6015954711365,108.57906267825156,3101.739832970072,188.28064753285312,405.57102273726804,0
9.636196525190147,45.24192208273859,146.35393483211672,157.19935103618553,2841.2381266714997,207.8227004538125,287.38307776314275,0
41.73723287504132,22.07380644822652,340.70721957516247,10.433607449213294,3069.133948027662,122.38627588961931,377.01945677243066,0
24.656358483469532,12.467754551020327,54.996760045100594,153.19835660040835,4363.251704429198,263.6392616850312,75.5546607795171,0
46.73234647370829,5.05587828707904,71.83962472144762,29.271803642457815,461.7066885564197,197.77208744797952,291.09310646785053,0
18.38606876560672,15.399353731723657,97.84539725595717,50.64634245318067,4796.944831711388,350.3143806600275,176.8823520795949,0
38.298902033188966,44.38701785975896,7.9942732136932415,12.210040709732759,4645.924727395832,144.6992157118282,117.3210385710557,0
17.452516795444453,37.488775689551474,49.98775056828586,148.0799439788026,2672.7026416823774,66.18968263433234,212.14441097105723,0
14.743838309948853,39.381142613204545,146.7783748883812,59.9127310960169,3413.9410596667485,226.83484651604746,470.3318716853431,0
13.363785950056787,5.270750848318405,41.63146436567906,312.7009467354377,185.2025745004703,358.65661632597096,142.70637658433472,0
35.22300403319498,24.713671430735904,87.13921401009804,85.55462246924823,3752.975015408123,387.71482493050684,327.4637760046639,0
5.355632287375929,17.634581902030817,273.4830835365095,179.7464649071617,1967.9745257454654,357.7799019552101,306.2703979978931,0
38.78031610224965,27.789057013752707,124.0190862570322,167.66195392668754,1194.2670107771814,191.41040558602717,8.240167059932135,0
44.790084507185654,8.624502331106967,134.40554573916037,63.47481159544201,238.03651545418134,326.48424531654337,346.3602541070905,0
32.2673088135365,43.01372433612928,51.77845598752066,86.22911125918962,3302.304905343616,196.66395096758112,36.14303899217863,0
17.930579982221566,44.03000783722479,262.38439031379323,193.4603690529871,4308.58201499184,58.139984231700524,194.32865424575036,0
36.14143822215425,19.01977808570725,336.28032321793324,143.9098122747831,4106.4790376331275,328.0484497923417,188.4657108402042,0
34.14365669888265,27.01061513897925,228.07036787175383,74.82542692276516,642.4360700326628,122.95114034435389,434.9005603314913,0
49.190599149050136,28.397562045299118,18.502384845163846,280.6002193575253,4850.583477610151,287.83879296043784,187.8010546675396,0
29.59190716679476,5.498790269704221,154.62900885638928,142.5962701350138,4204.055183716029,218.95680430651504,168.7108456143107,0
48.495902113097,29.91830838006286,222.5567205526491,55.91119859293863,3313.2927036967003,423.5252860050849,103.99482879372867,0
35.56157216912828,27.98862866615029,330.41930490670586,251.8839534079279,2035.861121220208,390.0812498306154,293.9098633371763,0
46.039196631247556,5.262372989668604,54.06063768994565,134.69696169904972,2468.3658225240433,38.0370008590814,128.00536244037286,0
18.584310420744377,40.054030907780145,268.36809342360465,290.6863693766764,3617.3581014488145,50.02875042459559,209.90810774135565,0
14.395069052764569,14.206371613562716,312.8521856455979,250.83968804460042,3269.087060443245,4.1221777241606805,90.33819096200946,0
40.398247113191836,18.485518192703232,216.6978998977972,297.0282583588964,4360.6761536194235,11.347044725177557,335.6299798698276,0
19.428800649496722,22.854610848493564,118.21536132259787,314.67498332742906,1594.937009191843,480.80031803815484,255.21693173372506,0
9.268207084247077,7.844153812524009,163.097311680146,309.10268298288787,4039.334776552988,162.78509752814008,273.80172218888094,0
15.771005317263175,49.432094065647505,250.09418179910185,159.69305469552572,1782.6919678405775,158.78059426534935,43.578787123156715,0
46.9307585323879,22.993643808480577,85.90345252042208,119.47621469083093,1264.5169006644699,117.22663915702186,355.37348699571663,0
28.91453112005407,41.95984512005072,255.9766921455839,35.25541846254964,2312.7488480245283,300.26352966984047,85.88281009511716,0
40.015865288950046,23.478388203853104,282.48877149636166,175.2499216662347,3987.6924434827815,168.2787518229898,143.25726441508164,0
18.192527041317895,34.35771591408843,284.11267876383795,243.84928725396097,4465.003393457366,12.323230228459769,359.0494536526432,0
16.511799553727585,33.73680602872312,10.131944053466864,350.2838905399767,3096.0631428603565,79.3920217760008,231.63358580732813,0
16.39347847706734,37.59689666823063,186.37616568806146,332.892387731641,4571.599158049636,70.34933638143343,150.6660130194546,0
40.210347990849826,36.40559210489233,150.1946233475151,132.40176256750277,1280.8266946778342,258.9802141906412,283.99312412905556,0
31.02723117617884,38.70592103193628,91.25485904232247,41.81906421856737,161.09787081862208,322.29647670025656,0.7392799407472395,0
28.695346420344226,13.43545938196026,91.7126685622183,189.20898992350598,1515.8331184002795,344.3543157828178,443.48272554759075,0
10.239189934963276,49.950131872347875,329.3176788184996,135.0855332091771,1685.4407693596788,16.42550187463243,318.5956263897585,0
47.504742479230245,12.753667694181186,31.108966274032145,143.1549265286569,758.5291701291807,123.4292478677056,48.57017660789115,0
29.111803993269522,45.09807895808041,176.67469520903424,249.8294339364527,2286.3827331705997,130.92181966342514,125.89840264341684,0
45.98461377251861,11.40745452941244,276.63715730511103,138.2348724453668,4181.792256743607,146.70871477832188,93.41517208650446,0
12.84372973626666,36.159676841447535,2.4784025196582116,56.88910807611953,1990.8431210488764,338.0469692072426,302.92802038240995,0
35.88037096097821,34.498063878300655,6.80976591083124,97.28932850388156,1304.1090217596254,38.638955923264554,385.492024054635,0
35.27229358121589,6.3713030917803275,56.85191616305728,95.00976182196004,1774.4977817116473,371.9072891317609,247.34194227234707,0
20.873091180515857,43.23167474510873,98.02587776037464,187.57046723911964,1686.8802289583462,471.85978981025113,94.88606306286019,0
41.07323863498273,27.90909827288639,288.7929508187822,357.90275869675463,1859.6483833445318,464.83633394693004,168.11205528452012,0
43.17728985668277,28.035090734780585,61.795239308582545,281.89959906871115,3572.617804583523,438.89220676470666,101.40051166044938,0
31.669191963379802,39.453190830123006,259.5028090464429,256.2088484486659,1849.8043332406755,26.246518848994093,200.94783307508524,0
45.11752441970777,45.73742884740367,99.33549086735661,100.35620108433444,3030.871547635277,231.2549860297875,246.52620527811948,0
21.915033839966664,47.35140106631387,112.77085536391195,62.30974686098406,1146.608431370586,473.1543396059283,64.1339675441256,0
41.88326477815703,5.014160637710431,42.71970105752136,17.456904876297582,2462.325762045234,197.79674277277238,174.01167913078885,0
17.828496861681923,14.836647500528299,169.9909032571158,348.5471359876102,3129.51296155828,134.17987959128408,106.4233659982437,0
16.69091254279163,37.748063545532695,301.08934725331494,25.622880440896058,2242.3410793413477,448.4172785840471,341.11392823781307,0
7.180985893106536,30.725420204776565,148.38314317603982,31.367484152171528,1645.3591155700667,376.94125416275796,483.1236848108299,0
25.28354896397007,41.21632906942188,1.8250870497104055,356.86673406682604,4200.464258701304,18.079041148889196,96.97064212112161,0
9.05150653419834,6.586685743587802,197.19358294261502,243.78195821582983,3330.2801940325185,192.64510349299758,130.21641702352758,0
30.810989048309246,44.71155499590216,324.7189990752942,287.9202264581068,869.5176314124068,417.09387164887943,494.64473473389614,0
6.374700972081339,16.56403186790079,314.75358012546786,205.22664795317831,1252.9055112015144,193.31029891595196,99.37274561442926,0
48.50553897999161,42.22149581196748,53.23424700941011,304.59974366362826,2427.209665550472,285.21153845254423,442.5551943492467,0
28.508128984878223,31.391201106351808,270.71033931606087,265.6198682390006,435.1183005651032,300.57170395318525,169.6010412891546,0
15.137376401667238,18.51674559990064,90.32824731436698,30.491541293485305,1069.0146682152802,298.4757183420904,164.90405777956758,0
7.139639193190396,27.547427282269545,299.02025948851565,21.302871569714746,1300.3138431063735,7.494214583923132,108.09876752634977,0
5.5206778152737925,23.16438709455723,191.13500528302458,71.8051610503645,2279.2187181983927,147.7761042310697,380.70093837488923,0
21.81807094615042,34.567268871110386,220.45622647786487,271.59820707076983,2654.209386988954,211.15014394416437,450.7723011092452,0
33.40160203926698,39.716238370152055,181.37261285611706,30.54447229331364,3224.870561026048,219.11622885827254,411.69231333096263,0
10.618677958552126,22.20827030578243,294.0408219927719,321.52095187147984,4634.889961602943,285.2440212756304,267.13230913718377,0
38.694433283900175,6.295073803125561,174.3746725949166,283.72800045116526,354.1734841886474,254.26729909174557,277.60531564394796,0
43.37531678450206,26.424262127411236,294.49657834226394,123.31675796530315,3927.9367214936583,352.66202052884074,85.37693361347043,0
15.132230397745092,49.70545031402068,307.96016142816416,218.91229783510352,793.6089524693047,140.17859212086813,129.89866897505408,0
29.65765472346469,11.955218489589646,301.44975390397724,177.35713450261645,481.8513099694455,96.97616802990605,194.00324212391274,0
24.934055498475356,37.138000471227755,94.9454982714293,270.91098675423535,3876.517286418575,141.75940414773137,466.2435227491548,0
10.121541643653778,47.53595310465757,293.10332741702223,208.89794477316488,3887.463196091756,405.42383488477293,189.38735729935007,0
16.42125412077744,22.12102688592408,127.70292368837558,209.3726263720182,1400.6510280074506,321.48670332013677,20.40264497960881,0
27.555113703224343,5.600883002863196,38.81159357227076,345.7179249038683,3265.166864999991,138.18241322310283,299.0012091909316,0
29.009586515901564,24.030436675123195,150.85173664747578,116.23495241611857,4861.825211401866,147.89750948646406,163.0964058644399,0
46.41512139174212,16.295794338793616,234.69965653611058,225.9992035312884,3981.2218832266367,12.422435580646374,303.7910678552089,0
38.91893768149995,22.638336503604513,329.3756972770047,330.1309584343215,3012.777832637473,395.18953374738004,324.8480190282289,0
46.725514047485554,32.66941116378895,144.62605740909765,158.49921052783108,1502.8677518796262,118.53187808271743,94.45395839781845,0
6.049111116235366,41.364551760406215,57.26450961536871,359.6191167850165,1578.1574292180483,450.8546297679315,164.20339043719366,0
11.383534486938707,45.40631751743622,220.76018181143817,242.38364209973253,4300.783564915337,379.4883006175962,391.906577722849,0
7.673169805079153,44.11160856558429,10.17005067675699,24.48494485677243,138.10283415595802,69.99675313225879,336.39783816781164,0
28.777045494310062,14.301331312498563,164.2331491186626,334.46360772422497,1846.93494233815,376.218250553517,438.3528869728221,0
5.941339715339014,32.63440469592217,358.90558078197563,183.78037983501446,2287.8837367211736,285.30546320338857,58.190560262506686,0
33.11812990317493,9.826400833926446,8.4818314798473,252.60412170153515,792.6359191557943,268.0497846987535,199.8705807747878,0
25.87787623962424,38.03328277430501,83.80160057632479,238.76164111765243,4341.579684617848,256.2827142735943,212.38475633569627,0
47.24762949963849,48.55072824304312,198.59191750135759,354.9381384221216,2850.2030692004632,216.82544614595557,14.875522006778773,0
11.41393000701459,23.65376185123949,268.17977112137044,168.08441475640737,2512.1355351976154,14.18628998802568,15.045745508309949,0
14.28411109292889,45.4522198960964,289.1924565046568,51.326607461202336,3400.7933071723073,431.65641591180423,425.5311231062318,0
6.775169377138532,49.34847692259644,302.8044887924853,35.77074020588251,1525.2677129452622,462.71939549708856,359.8556799286778,0
25.11197226373688,29.702889663573547,347.34444343389976,155.8756696335137,2955.0558740869055,5.29043982957983,146.27076551947937,0
6.1048289888928995,24.979662520408894,336.5327155066794,327.18990542931584,3103.8182067281173,115.46431520705724,429.36801606115034,0
23.375332645578023,33.70986694833954,207.49821921594136,327.5825646304833,3707.6161844388644,96.209468498331,445.4123639156752,0
13.004413889772268,33.33756584276527,359.9261207229504,245.6517730360998,1895.563201601434,0.5401875768737963,324.3384428959144,0
49.88351873595451,15.40262647982862,176.98019270019796,122.5726442212953,2954.1462229431163,384.9306342305298,209.72827261306531,0
45.84985922494759,39.06401022802611,328.35984202133716,15.31316750141154,4266.722535704575,199.53129364206507,463.64501063282296,0
31.164973352381338,35.15897809413741,93.262935765235,248.26753209085504,144.14108537110462,287.963063844985,394.15914794700467,0
43.00417590383938,18.41438541687899,209.3278008959103,175.92168842741728,4595.323482724285,69.16398391110845,452.92669110364193,0
20.470096560019158,47.035845190537366,294.31378006849434,39.15258955379117,4927.703331322092,476.9044109692107,271.1249247803426,0
26.795125003614206,32.95100465233137,204.16169957832665,241.10444378804362,1630.508846569214,116.11024854836526,75.98266925932296,0
26.651532755967345,41.33436749371395,70.40987518921744,328.0485537502858,3825.4756469699346,378.85098087757626,225.81435478024352,0
9.645185641704664,19.404494111253065,240.6363960579786,224.57114790936686,2752.082535910336,157.85207533622608,44.80676730575078,0
26.261729623000807,31.06861921891746,241.65530324185306,312.28682067639886,3845.6861841114655,109.80045438531033,260.6248286816777,0
36.46460422388498,41.20794725350305,176.24276475661628,148.9632024717532,1028.9582478076593,462.9548479775797,205.7584423644622,0
47.32613015811835,7.679656126400126,41.364860349387456,269.89694330432826,1372.441527427566,148.32361381066238,296.77328895568763,0
8.021472153997635,25.219564700952574,90.02519056356981,245.56451859344352,2461.4458227274727,340.00609567523253,216.15296870574446,0
27.449832403350694,40.920945834776816,174.97822537398082,31.184786328965277,1807.6451656928853,279.1733079082903,187.04561052318914,0
30.134453658637614,10.47239358150987,115.56699304136976,313.5257234891358,4245.3521669807915,163.52331877776842,356.4152189402178,0
11.253052198250305,6.388735125344878,319.18655020813566,124.35263157563466,3495.4253349389674,349.32749253294156,161.33118221923803,0
26.435600186381407,47.953750219707175,45.45271895855318,225.5480378565289,4519.962931092867,297.7469877276462,280.9275484127503,0
12.59826965954895,25.96677034170155,221.23619831747868,222.78623500310607,2102.5694424153653,428.27627093300543,218.54780735908813,0
48.78302223814662,29.295938470792517,74.44104200888955,301.95365514900476,4864.044300177962,236.00254913528173,446.6237464483165,0
41.200769766992174,21.641031503952487,22.092238300938707,227.09244890795176,3032.1433080196803,88.78765890729385,54.471739114565985,0
16.145797183321207,5.899872852721854,141.2683504315445,215.19479374506687,3830.8932617906758,192.82445827410928,399.2677796236732,0
42.565138589277865,28.370195974427805,292.91717299475823,357.15611343253596,4426.338279489542,490.1926155521392,226.69335242672733,0
29.02115084400067,34.11637838927614,295.92561363012044,236.65073380561594,4293.015303245347,244.89380330043136,175.83843273807426,0
47.179216500264666,27.12982578229026,172.437450557149,109.15200733136945,2608.545913263728,210.32898689722936,113.42423437893262,0
48.16642659220574,17.275511838087823,212.92618349284888,78.79005133927062,1953.9548630344154,320.36489038054884,234.48692237074698,0
47.84640030600819,11.618640703729042,91.51298983347905,339.549800712978,3050.3112018082165,48.45970080843337,398.8129493860703,0
23.039531076388933,44.741649679050376,333.45387022127557,54.11714031389963,504.2118853727021,90.22806191550825,36.023900336555556,0
7.244394090639684,28.395906041001368,60.47958543400236,31.13522979364233,4788.041966656556,81.30616709177046,324.60838282377097,0
34.036740169187425,30.193412424628903,214.7412613234099,177.09589200185985,583.1270704829383,291.65908626532956,105.95923261793911,0
29.23205174190734,9.626704198923683,24.819376417344937,104.60070112081341,1405.8893580736817,212.259399701944,48.39443974480751,0
16.740737669382206,13.322327948824574,283.0781074408296,214.47074937221078,2393.4303868137868,76.53183324152707,227.9143534768221,0
16.64325358950751,8.821595470429727,49.35841724865656,147.52077219334603,3500.1043005918573,419.4387152284447,456.28852554426265,0
18.790966813616777,44.70444401916439,262.7673458038178,227.449229985481,2753.820596875086,171.8686961202851,160.8148886969981,0
32.75427237336379,43.3066683168738,182.33075288998555,243.4353095110192,399.85311436912,473.3099993429221,212.52234619309112,0
22.9897473684518,35.27504346740935,139.60387688474,177.461513923946,4886.496631588178,277.15476628449346,357.968435992161,0
12.565300613947874,6.412768278712986,222.21033632052257,262.0878181971129,3002.1447422651318,328.57007746460886,312.8638601817558,0
26.63453157596403,9.210014582230356,143.27359879265882,291.86596880638837,4663.5621566818945,326.90411826569164,58.34895263481488,0
14.680454135429997,37.8360657814424,198.74826451716766,123.10739955382476,123.81062630802188,466.92442425630526,430.9169008174893,0
19.12152644401302,15.753597414970235,208.9126581630357,107.61326164663967,3246.297186981122,233.13505225912195,195.88345006815732,0
30.465451897579605,18.65010014039714,131.26618176339335,173.72655217428004,3925.258843096395,441.5362121929338,61.62300579989605,0
7.096306319766774,20.37720519817222,73.38242994121647,313.31635585048735,3616.14117299746,244.91906168304607,326.1303186744974,0
32.45259617378875,41.97768258995728,250.24247203082297,329.8606029455463,1162.7592450836912,136.11850635520972,392.42515417828395,0
43.01680665536281,45.583557817970394,313.4665671851385,247.26632716126593,3270.560471799781,111.89914195312883,366.7425074274959,0
48.65146998721057,15.307459578546856,49.509406450370605,119.9132474204923,4698.459801044825,124.65021090732014,309.5616269270806,0
12.251307888640962,23.17638905790127,311.05264920054685,95.98764259629095,2971.60437146767,152.04323976595808,316.82485972918766,0
44.13877103626778,40.22531578253749,55.874136662862284,7.949346584937267,2494.8929730294335,412.6828581491013,27.637152683631815,0
38.762098023493486,20.191690402596887,233.2122978562811,246.8778477425392,4086.5309659707864,448.91676968321065,499.05809850834675,0
18.225617095724658,14.352419262526057,24.9418721731854,181.18226130299664,3219.7738683751654,380.1961427371866,255.12174241583668,0
6.733510105775018,41.784972901658236,321.2336118068535,90.87519790773005,187.7704774637176,22.48131966608652,257.2198504950411,0
12.665782618335353,40.36168194782181,355.586368612454,185.2819965662952,2765.515958144968,307.962177170299,172.56550828479473,0
47.62742477107424,44.5427505289796,325.7864214888006,7.410641727503839,4003.7857570221995,69.41492702437219,136.01046435754148,0
30.128284891522217,26.105764945761678,190.9499248811912,81.78988654511069,4092.4800890964043,286.7051751536769,157.7234249122633,0
14.412833404884584,35.775973871081106,23.122122659516982,233.51034015666886,365.41153376678864,414.349947911744,243.97913448431774,0
5.309558164764969,24.936876540685677,336.2026450171107,158.54986686379098,4227.577133715311,117.57305163610316,414.4658290915163,0
45.606493091428376,36.24688673633013,127.13787728833563,39.4265268628797,1077.4677318370013,138.85347222831757,72.59511783988847,0
29.180693956987156,46.71228456137177,70.19355838925377,109.26819905812444,3302.2919059248416,183.03316842026229,363.8404032440333,0
17.614845319828188,23.77875553222436,307.61455310981853,116.39719383206727,4316.561911142116,408.2678944829119,401.661703001279,0
42.25248929717068,49.75184597981367,337.64508359309315,104.8333672971129,1032.737819721729,119.2193892639663,497.838229163131,0
20.606884258534087,42.37142142905533,340.32636192250936,180.4986670269002,1943.2291230634983,197.8039786409757,498.9237237983312,0
42.52586911842255,14.39360395569451,218.3551314510679,250.70777116904637,2496.3130922948294,159.36401269053206,101.86171943069222,0
44.56101830206595,30.668873107942417,284.2527078208617,93.90185722092251,4155.695701871104,277.84227691426975,325.4627841248716,0
16.06151912900625,23.278457407226398,11.116685261988636,289.25288477802474,4118.934573911838,368.20677411856025,401.6404121747176,0
15.130389363164353,6.669258962425571,208.09525672062765,7.371744542751939,4796.338770032289,53.959714312029284,386.4143188661426,0
16.49681883912981,9.322358997517824,314.9489891315281,49.88432630137838,2965.9870678368534,298.58424822081946,65.42072722317543,0
25.68671997615732,34.781289527768536,173.949960578768,222.82409123543127,1875.3587395292836,24.70178552892388,399.3682239204294,0
33.28724316117711,11.800298373857665,59.45314548210404,225.6837068668672,4421.708899634147,115.43627954817943,54.62990264747841,0
6.412740093494057,10.935428019259648,168.9844307837847,254.75200914094492,2118.351237396876,284.6260612608651,461.0462980230356,0
39.97815372162924,40.87886755421068,237.40349483982288,293.30915133741,3761.0098478069754,34.38514040430996,5.512377791938472,0
22.749857568884725,33.58221207586756,214.01795086738503,198.96579723550585,684.4069063209099,400.7909615989925,450.7355548281432,0
17.235210279872106,22.43160784487888,198.44404957064762,175.60680173922213,852.756594943738,42.96587383842926,318.1512228792093,0
34.757894216840356,38.439805294739365,284.0757254040537,348.4810282855687,1433.1419337388984,72.3567020741196,496.393171944692,0
17.42133164305916,39.70449967605359,151.25782136523537,145.99348852152727,2648.3164576732715,201.66272141038016,243.6783794257833,0
14.973774095081362,22.041396943169673,203.9713853829981,351.91370290872635,1082.7880889996966,426.46178229937885,242.27787782737758,0
19.003240151223178,23.779409774656926,103.50594480355338,224.9523108321887,4719.0043373231265,309.4292659675859,422.1291561378931,0
38.36117744346019,35.040292642628685,178.72058568967176,247.4479293593388,2489.87196379626,154.23517402396163,439.6111582610449,0
25.247678326252167,10.39273543348133,203.4544501597474,46.68703079305792,3164.303658155471,161.95430680644156,307.8515434091059,0
8.942164352101324,8.508973428834414,244.26878540333962,168.10348656119055,2338.2017998121432,421.6699737162499,376.09106497090295,0
17.89274195862462,10.913817330071696,22.348784850550196,183.1501174771448,882.7861375738152,245.32676620982514,362.63494947231106,0
37.06853243045938,46.33874000872408,232.99604954644954,237.04665731929285,4004.452106247186,471.5645255752165,335.3710247590357,0
34.83067557940523,18.362402160655392,205.00696325660638,118.72330410236557,4008.975382537503,117.75162756778296,429.45666504127314,0
33.95583143982965,10.333872378640637,40.4758197951712,116.12144187084506,2732.958487655483,82.99092268184887,347.91899157979043,0
7.174002149726375,47.04793956877339,172.93754398694483,20.435982165534924,455.4631492750874,429.6824974877436,108.11264450383828,0
46.91337924300319,22.182838646839965,138.88321278971918,52.129701909651544,3520.2901074178126,58.399660935419654,56.88432455118259,0
17.925023030234748,26.9829550930439,96.085282745286,91.3772520381943,4297.529582820432,302.919419728194,302.359522020035,0
8.899113382838687,35.97054970537329,36.332761516138035,189.12241745154822,1892.8932380233134,159.86694364857416,488.75874085598764,0
24.82242939580291,10.86316858755815,342.8629808573283,149.181902108105,1274.6998474082538,45.158805186489126,103.57876349041395,0
20.52056078709051,19.598464894659134,156.18648133012613,207.03975213069344,4850.657333180832,139.35249927725008,436.29331035986206,0
22.568412458062323,14.342168758104906,163.93995027990903,114.10406090162802,3230.941929801067,43.671017127105586,93.20773735145576,0
11.58824146128348,49.31994840639273,255.33716198728325,108.36686690854025,4412.9232478615695,375.23542952558887,226.05836572163173,0
35.760120938683116,41.74934930988451,281.3388784382618,90.14870253330142,4453.226262798527,230.37696707360246,102.65909773007515,0
19.183046742938355,25.019614136961472,356.95534985039706,344.32084386118964,4697.93940112064,35.2309943349971,116.60446104897704,0
12.869864333956635,33.790324224681854,281.9912981058258,94.16433144837585,1737.946610129607,186.7513115160962,45.598237426830835,0
46.699593487254646,32.49965557932926,155.7316577369914,299.00172456861566,4587.787675002207,354.6276195479636,86.38807485447697,0
30.337648021383348,36.41781302408959,105.98677809155384,69.10101015426469,4168.279763948067,467.07747847551747,149.4545391920871,0
41.15478172241861,9.115013948333242,165.54956306667776,150.3235320008173,247.31453294315133,305.82216937251593,456.1154584323073,0
22.692394651226564,24.2136779762782,265.63817947709,103.42142460782978,1492.3436427234137,25.743468320856888,71.89872502684163,0
44.81747510925261,30.438618235517932,115.55129873564367,286.3619547076992,2307.3464486241064,279.4633652187515,25.686253843561545,0
48.430379604832275,30.391026912183357,241.72037359163144,93.70541333289097,4281.155976312026,307.68995033937006,471.17676943796016,0
49.850946955694106,21.031924981648842,198.46682507685858,116.49426585717218,3417.939408106843,317.684107473226,373.4876680019719,0
36.85457045789403,19.696004182833573,333.56011782013616,292.701057844907,1348.655642538315,415.18760031781466,297.54693608581226,0
5.248177690686351,45.012027768966895,274.6730973187271,140.99479152773046,4278.615014516065,28.541071561551334,40.58502768484706,0
5.678939322891029,25.229534567032175,45.538549144229854,254.25704803549093,2569.0705837129717,171.37982706485667,3.538737708977946,0
5.662664614685202,39.42985051388268,249.03311599242684,163.42705594630985,1971.2615810960272,121.8824493536137,157.9873683869449,0
29.670861440032255,36.162858137251376,93.65896304204553,316.970483694651,3627.8715043879083,499.8196649785528,76.17458503609053,0
30.57570721476699,49.79586952988488,49.59491719938584,217.35549561973966,4059.140206882281,337.4906503779429,158.69343198793922,0
13.503597783948006,34.13076672034479,96.76129865763575,353.7962501597796,384.9418729828499,32.72606386047011,221.6995544529411,0
26.568224582263312,44.127494967035624,154.71545160367748,248.19773062357734,2539.8385867730544,12.75690543092589,474.5091939439325,0
35.52192724189513,48.355801665737644,248.2463056865901,220.72683539050502,4156.466525711529,126.11126259163463,274.84199978546866,0
47.669023713122236,41.117402799244175,257.93346272614116,329.07715074614276,905.0593665616193,139.05967031019324,96.2767745864439,0
47.03862886778974,38.39003482391435,185.37684657021103,113.38412518984708,2230.8663263794015,16.351872769071964,386.6548189368637,0
23.48793724889967,22.082850514855473,63.53592199749384,13.899458247564421,298.1421522004019,166.90376452633708,146.01858267003237,0
34.47479582562955,27.160907287462006,224.91293492053256,35.411832661383094,1772.3372570046856,117.96162099374175,75.30344702730135,0
39.39921214150051,47.17959175064921,190.54958130310374,359.3326436159228,1954.547720336307,197.34335952656872,128.27099023378412,0
43.209582631270415,29.037827931131485,194.01104942871098,165.75415107111039,1704.6703383442039,477.4386988371744,479.06901351102624,0
39.30102534224045,41.01323762460633,272.78043089789134,46.90283437348206,1349.149541666517,84.43078404129429,180.50539439273905,0
43.99303161682165,6.4403824771567475,325.13398586803135,137.53795953607187,4762.2618107874505,241.69819969245876,271.51104466884925,0
12.916667852052996,44.30187067914605,359.07003456002417,328.6555679920293,2019.4883141888845,81.64464981421132,161.20535817858973,0
33.02811297391453,43.21103031995356,247.71625961633137,105.32795755336042,2047.2386918747877,198.23429751179862,290.72202044059543,0
33.81541481488675,6.56782586361998,347.3998015605127,326.19632469453785,3353.016540166776,144.2958367058132,21.742228915128614,0
14.744537776187558,6.428204938456547,76.93924309466209,127.45170451180456,2503.01920327944,323.7621755155777,173.14741462850597,0
13.174964721757501,16.393950694608378,0.5203979899135547,145.01991527797995,4763.944170397438,348.81868815007414,101.92243679899215,0
21.81869658104194,12.617320217955783,288.0699856468628,224.12956808546812,2310.1174020141025,64.75112830317748,349.99955289680145,0
9.656979956922221,19.360763996121875,56.87430471213629,20.406398377565125,661.4885781173319,169.16221508931207,378.6793706232504,0
43.03419297066942,7.919701649837385,137.93525840171176,179.57934808281226,4227.130124861974,479.6807316835167,474.47021814494536,0
30.359549969952738,15.75808459022382,193.7581749073361,297.69566251988266,3512.4578756766005,494.67563736138254,118.79939491734021,0
26.044010527836868,11.063028290608322,46.87457948626878,354.1646541840234,4217.9487142625385,136.39809545889653,270.2611873436636,0
40.512907999721946,46.54647381175785,66.6531008133582,216.11060320740742,3517.3723301648206,75.2495442663122,196.03383928615187,0
33.18721441296495,11.522176959087439,60.66153874863926,281.12791144943634,1821.7494625855509,483.9126924769274,116.14544994620607,0
8.055600016054306,28.238353103146014,258.8974771792967,194.81135866591572,1439.1858184005473,37.33026484062341,484.0793900763012,0
30.773427091120308,49.68409131258717,202.2948119228546,159.39251586523477,1523.2592706901871,152.33225700044406,383.0320324353312,0
11.536326352588771,30.589483575017805,280.10609815555057,88.76867580202327,800.8930429500916,460.7449271451536,488.12279077026363,0
8.521289365439504,24.47585841587582,336.6095879197087,143.683226305879,2174.29162718827,429.2117620904241,351.30293596454794,0
8.875204428962828,14.669374986172887,197.13305999426336,323.9725047137014,3456.605672592662,63.0686391478717,169.7365543241275,0
49.27003366082862,14.07087890144009,247.58622327770445,240.89694604048034,2538.7735331074323,114.73632040942888,453.06702989861105,0
10.900529729083193,17.01747344261099,35.92193873993122,190.0825685250643,4255.156412440402,226.24882476004333,243.9855543436556,0
26.85811335842543,32.69548587433886,225.82037777854865,175.46740878624436,3664.586953185002,251.31792355131944,233.12749442479853,0
31.201329243830646,26.037913258244995,210.44616878578876,171.61563485779436,4791.115844520687,391.58533365133235,417.74418207831917,0
30.665075693758446,39.826097315091516,284.84418011461605,8.524667259981275,4268.294013037574,462.6202109871659,257.44018943059524,0
47.72324402246208,18.181302518308804,11.631489977330167,121.4765229500868,720.6968135253398,417.12752934718696,302.82014394366206,0
24.077908163178588,27.08889997592551,298.3250073751649,355.27225402878463,3576.565931547175,308.6056378794309,347.0238867083545,0
44.44985221578989,35.537612185722615,143.8425675628024,355.0603973643657,2699.2246723903436,106.02145468636282,371.85278622943076,0
7.758698370502586,13.641941032673074,119.58301178773127,236.94314166778824,1216.494061306436,199.70170839570267,119.68086786427523,0
9.87577950134406,45.73105461052484,229.61946205708364,107.91744883712698,4105.53648679836,223.22460341041656,347.32657691880047,0
14.06926107544827,13.07673742627877,127.65035760531329,177.8064076383639,2234.7185025323447,83.91906369150753,361.5123207968254,0
7.508732171025437,49.55739074192051,173.8733220518803,18.47593563659785,4782.018586109444,137.20831995001575,164.32914584279112,0
25.001957437853964,38.9186750120369,242.02832729774036,36.009502794345366,3138.462684425111,161.4153703114138,98.27535872487387,0
24.899928479672912,21.784597625593356,1.5198344254261542,145.9054812686692,4462.8108091354,106.0219688278295,114.46284396748402,0
12.571753017750373,45.10481977821892,265.39066521037256,82.39291681384547,1765.129658118381,141.02798555774555,422.47601344715775,0
20.808252294061965,38.099523663887666,7.903321733601816,53.855021678586866,778.3801471195469,42.52699753411171,290.44322918961535,0
10.343278522359178,33.70911129046303,215.77731098024665,275.52005305751595,4209.564892567226,53.6551870164092,257.61025466119685,0
42.489451510342974,48.634351742097635,106.58266839793124,103.35109120185061,1159.526156956386,117.99391243857599,67.30751738022012,0
11.481360494396093,47.55185114305515,200.45548498355947,118.87611214667476,332.97654939485597,386.353432317679,37.00309724912243,0
20.396639672716624,5.2730694160532,29.879811144347748,39.30061436657732,253.07159037456435,161.50004868729928,496.8609475960908,0
36.133102512459985,5.3310969348879516,175.49025909253518,253.2396506661328,2873.508740186639,177.40325136268888,53.02440102232159,0
14.143874404154428,11.71739367808038,104.01098880728955,326.4410045241313,4763.597399169907,385.2520235930718,283.63544090472686,0
6.173124624204707,33.17839003922761,317.75161271763136,91.9278882031282,1115.1185386956417,382.4753346040939,388.6056411899195,0
11.098484033296259,44.695935597205164,87.71907570348932,35.67926454527869,1835.1553140542023,421.3079590071132,324.6241999070383,0
35.50719416130197,13.555926173136164,280.57466586291235,278.0736544041517,862.4219349148995,472.61613553368346,21.041274778994534,0
33.26310507289796,10.329639585254528,321.5753241491187,280.2802153847056,800.7050584019753,312.35165344643076,141.29222578206375,0
22.770853732059486,32.56136700661082,358.3176353725736,58.522549770378276,3508.7230869428827,451.4529696824783,43.85489758864103,0
36.73699472546808,19.929077302940563,168.97143225073265,295.7627559295452,3113.265003701224,270.28134217097596,190.98628077760017,0
16.670188118220302,27.523258914072173,42.800667690564694,348.85292612754574,1316.1653895182326,211.88384455626496,13.734219363253697,0
44.132900728146616,24.430846612079755,9.657440017768177,40.52987436682451,1418.3852927703429,291.5610350881425,98.20215116474007,0
19.420653621763165,40.13702586354198,14.41303538371226,35.700547121441375,1017.9936691512684,226.0874629895331,123.09651869177752,0
35.61240702009047,7.7770735659403565,2.628386773195661,342.34015163186103,3258.027428856679,465.689471714615,281.8301548289368,0
31.264893829624608,42.18716043604043,61.07869444093549,245.29416579508197,697.5027689264205,363.44704581219173,352.4644269292672,0
46.253579090152066,44.09810059491142,282.84408300305086,115.26495371850042,2615.777163184024,121.28064346158857,252.1963715359315,0
25.43292619705787,9.826780008399016,301.69114920151264,296.4748749607225,4846.093528326694,186.98750099055155,181.29868391037223,0
10.607251809898795,30.17773499450177,5.4267406053384315,177.85841384421818,2069.776867033498,311.58378153402816,79.65740401690697,0
48.159636867696115,44.364743133506636,176.44825831262085,109.4320751685478,1694.8439404306275,304.8381181030792,6.962121332769799,0
47.80149691398907,39.95005405135021,166.04118337718157,134.97987776120075,267.1218156989588,411.01322262882263,117.2874048071319,0
10.057704538224012,33.7218001154369,339.8390501409955,309.7220202959523,4493.663617600687,258.6407832258508,81.88075161351821,0
20.076468624576844,39.832623906299716,214.05599843902917,295.3599747760311,3462.784923304583,313.78941891599845,304.3260619421038,0
26.030719392079728,21.76908178491113,252.91039078173208,216.33439620676313,2645.8162102358237,428.703783113551,167.69579751557228,0
5.856401310392904,23.58260344450807,234.86547580565065,57.35370472996689,1575.3100982859135,140.1567182929184,316.5873189167302,0
29.44459337913732,27.430029278846874,10.80006777812672,187.51171105688948,4974.11661714302,74.12428124016579,163.91600332432816,0
23.000781102406215,7.000100531191384,282.88557525407356,191.28389194859315,4217.121730326083,43.660205408302346,85.82947063968955,0
25.22454084682754,37.4766127077949,156.16659596722434,355.741288112815,1449.5474724021965,339.58904563012175,22.22028546403576,0
40.037775709299765,10.652203011974674,274.5072585216236,3.9592078648853812,4273.041283647951,236.74476959542008,441.845786606063,0
45.56643723637859,25.819431389788274,69.22866140172592,212.66751773720236,3862.584112746515,259.3257532633129,447.39089098782006,0
47.19103392623652,12.210110897834472,234.5962540501145,355.7869779372567,660.7460250800434,141.94778636474038,213.8498676200672,0
21.168403180396393,20.995318616660356,20.484263776122006,125.73623995610616,3275.195756906486,193.26647403395248,150.44812830568333,0
11.405852560120245,32.886017328185865,292.10521773493184,140.6023049824374,4037.837683048111,99.6570321865285,309.235551246506,0
23.013177990970963,32.51157573862492,291.94280579015987,357.98399408082366,1089.7732215182618,332.1455392823326,72.40193438569432,0
20.70387577943287,45.80166050469056,313.0005418696667,103.44424824469782,1876.8784466316308,400.9209445060195,77.07288599523565,0
23.69257200623174,12.656487791996161,15.137292882211607,292.9731205073693,3675.1654908466685,347.6548521408314,210.0622289337527,0
28.703175919308492,43.70517237341743,244.46955310094197,353.12464129301753,3113.3726076872604,425.04213221249256,498.46102376582854,0
25.16843095261626,42.43301776722268,206.85632990008008,88.17031374063231,4525.771069194824,223.39881474065604,26.853695737781514,0
17.726531686392363,36.41094125567502,225.5450517631523,268.9686722440775,4926.4216724822345,474.0804406375365,93.21958553742455,0
11.231429819611815,47.07237536202027,278.0193317862323,330.784749620183,1688.7663938452151,409.5375186821789,425.81303131921874,0
47.64335379234091,7.1519755566048016,157.50496413566165,208.24019993213852,3685.5898159744143,144.2488800666842,345.8139934379748,0
32.82017472862482,41.6449320547218,233.58090588109178,348.26079797217903,1805.0415551652834,3.7269862850935476,471.4751723414138,0
20.736876541985964,38.83314443278171,40.437383481110906,127.09851375645665,3943.46505726779,289.82531459249236,104.546302369254,0
28.485985075952996,7.839288354518342,88.267765577593,353.4384701463685,1688.7748606005653,137.29978285282763,194.36267749373414,0
30.20071053453724,27.93366076035858,227.70897955119116,298.96001214601756,2634.9927249617676,448.405409864242,17.87647454649266,0
24.076499773727804,25.83797301239796,35.708914122709324,320.0877369776589,938.1293720721422,94.0117006028846,194.6995806571598,0
38.89857972830679,43.979523234276925,102.22878393851967,93.63584629210507,2321.717798162361,103.44354570860392,56.89544872353769,0
7.25771005868741,25.71255240326223,174.2548435577704,222.59524271468862,4097.061646808482,147.08302713032978,404.2434482727987,0
25.52242519060214,44.2449487790068,56.22214256365306,19.76975085745051,2282.7582809258056,130.31452656897986,456.8582305469802,0
7.681905000937068,23.466707883787254,154.44171476249022,287.454306342612,2942.678050732595,266.5739329558924,267.43284317185703,0
40.048028059699526,34.998090160018876,215.6828930163772,273.2761274468523,3789.938220729312,199.07897646382338,492.01425690199574,0
12.483054891596545,45.36510311377627,222.7694143008802,133.96456379357292,3169.117516405854,284.86533720200123,494.7976942196294,0
9.035516403141509,49.00283670970082,114.00894705294236,180.1941275987731,2017.9432823549128,71.8472266366444,238.11523207764097,0
16.198598605225097,6.451889440211226,55.31810754761047,297.97332453451645,3372.887337757703,272.5345511830766,470.2623219249888,0
47.98195834770332,29.05449758155388,4.129291408461393,128.36364260683732,2212.724685852514,32.64235614764094,28.276952533994372,0
12.767238035960991,40.21329114858474,273.6903008656371,193.77505216304834,2285.1970825890294,109.57146049027949,114.40573641274516,0
15.559483408946797,43.26913015107639,139.23052021308726,113.15737563477224,3549.47702471376,378.4049924660233,356.584323161887,0
45.31567651114952,38.75014882607745,94.09111738805238,169.51889151620458,3335.547509275273,136.5512175814011,496.67169872577415,0
20.700362636569842,9.733201103636144,349.6973129451774,225.25995402398902,3553.1897214025535,289.565431974534,210.25267339286984,0
38.15008636631058,5.824876260600542,293.7937450716809,68.37396624336353,673.3187953355413,148.4318864533275,22.232078829422296,0
42.290651052052134,15.067774681136529,35.3502350216137,251.18505399540362,786.6474264296614,310.23052559297764,241.65378043029406,0
17.56118840632272,41.98731999313393,313.17422147964015,342.6265138341912,2187.1397910016767,460.80098065451733,347.4076240294908,0
24.517778545834215,42.488005887101174,87.82795246094763,276.4266532220975,1164.5978813162358,476.4388768440526,44.71779160320799,0
31.71899825793775,31.46433854885902,161.94301551746955,66.20361779354337,1985.0522650903665,205.34386698362184,57.82571661370095,0
45.2722693977439,36.933835823694935,17.01707600996601,103.2801028996256,1740.172319213603,79.33528324764939,116.29041436579124,0
19.77103271085619,14.55378522841297,302.10318650339224,267.9128461529575,225.10854345702262,464.11377957397644,267.66106567056687,0
31.284737817053752,27.98821305640582,112.92869265052998,184.2951556771733,3757.715023488653,188.18417432452927,482.66845161783544,0
30.157201968700086,43.87687079685062,162.99971628868386,95.99890303074646,1334.316512077827,214.18618811356455,494.9979860402604,0
10.47771478052994,46.60965445407118,100.67301800104215,131.7772920038403,2086.374928744128,147.16456203617628,214.06852096348615,0
7.604837139578311,17.357157230062022,220.5704740334433,281.40099678559,4621.214815673948,81.25122969635362,166.6539739911873,0
41.3052045918165,26.91290580812744,206.3278936956741,263.6326479512721,2259.2548649491737,308.74856528723444,289.90855902032143,0
43.69781988047916,17.55642626555061,25.68102448537894,306.88035172432836,2247.606225189204,476.58471499979527,464.7272060677925,0
23.18664862155397,31.09948211395364,266.97383903725796,144.33282727728087,236.37486280558264,344.4395682949646,242.57552576973,0
24.103911675882117,37.842190551694834,128.30065563876133,172.98195402809108,4007.919524286269,416.3359220892979,451.5922011600084,0
12.828706266360394,49.9755670920116,66.81753657454959,40.744372413982546,1314.3630890945822,425.59201295796043,484.5554797384401,0
5.187491196648816,21.310917759204763,188.16874570403363,229.58844462306993,4711.96889627916,49.324452577113874,259.8810860392177,0
26.261598808442407,36.45033155322614,47.19088976227973,305.1335540061111,1996.6415947101134,190.33222645923297,40.24452893187902,0
6.441253965767504,48.47915230631612,208.47068547527348,346.93498471373636,2932.0436987897815,217.53793060861648,166.69735176387252,0
30.84796244010532,31.992826878479953,251.24382129053447,246.07849100205553,1900.783283723624,354.756796437696,458.95781800163894,0
7.297861144281139,44.970838776460916,304.22788464486456,47.42204077051069,3925.120803370291,185.72752850354135,27.720386887981064,0
45.643792499376694,28.071914485862653,329.7129895731815,144.9273905844555,1370.7272373408387,96.78835416591592,468.4478091505796,0
43.360407219460434,15.80549607873818,305.48671629549375,63.63362614680441,4677.701604743528,261.94350490321057,220.53097807921512,0
39.77530832949961,22.221001957589138,160.93211824138766,244.7523080321454,4597.16597393209,89.38351151953495,327.67481393067675,0
41.95934395486592,18.037500582101266,297.48764657892536,77.20884239526659,3641.484092254304,30.274273499074965,133.72194625924737,0
36.97031377789136,33.73040476116203,333.82183482074583,169.88792227320863,3211.2849739892176,230.859157362671,80.44339017753576,0
18.35799981113952,28.60276917864131,275.7454643683939,48.67333981617884,208.74598616655516,76.48451289213665,97.5645447129852,0
29.56825807748063,16.587799227622043,170.18339443167392,0.1563433766736777,2579.817099400345,190.496704552666,174.59697160584525,0
39.16418412558406,22.630366792669598,168.5876922545866,207.31691905141682,4432.195587672448,437.93167262329547,263.60794958611024,0
43.84478726944165,37.47924801580084,201.38828706709765,138.95323830680724,3210.5167737296506,422.5151883586456,69.02286793939277,0
27.306467188289517,40.22119122303026,38.15113731034279,269.33233263851133,3281.146160051643,109.04873853697738,29.193346272181397,0
42.33512350766201,39.688532095979745,328.95809126503906,234.00242190729324,3612.1461079327387,257.93792314439924,221.96930516820623,0
19.354897336643155,40.900462084334336,84.72888816120553,139.64006370632632,4125.899475267359,301.88068655716603,263.28667917258366,0
27.47823037546811,35.93060893414126,343.85542931694846,241.2503619559525,4335.1152046808475,14.859966744688869,440.3953648505664,0
32.30785518452378,28.306262975851425,117.26470081217388,47.81658910502143,546.4404621390147,51.20643223421523,73.5690280779176,0
46.64401436195245,42.489391818035116,35.50718220314573,137.0857000274159,762.0776598264749,384.846112592949,283.1395871328053,0
40.44184396662648,33.212425448316466,333.13325824870685,246.11063614565,2537.81457405978,99.38387894273015,158.60766462950266,0
6.6841553610579245,35.11759447756426,16.81358016768165,51.280039669766246,479.9263603576054,319.2581336195381,90.98172537824229,0
18.151747110832304,31.2214326293028,80.80005193194506,175.03215319071427,2595.494144391835,383.28748534746535,66.57546336368559,0
45.51675065756525,28.66337317574505,131.95415363116615,81.42898855433111,1991.5238617249208,234.95269283693736,165.12143715475892,0
49.36538949397729,12.107968149536106,273.80002664132485,190.24447420541074,4629.420576394173,68.87591684433991,230.1691950472882,0
36.91804547100663,15.44383778261707,170.0733945019681,231.06311976675028,1678.3122648731764,318.64002041501806,494.62087348772474,0
46.04340518568967,30.3688702476783,226.65764567861473,148.13437766505857,1086.084509670075,268.75073260734564,253.31178735654746,0
7.559845167200963,46.85579405224507,297.06986703305824,312.1876239261934,4360.115881977681,30.665062079916094,440.8182184770551,0
39.05027792366439,27.036626045952243,303.07815996358545,123.6284827677296,2865.582212032006,354.48741466036455,313.2752701218186,0
19.558509436475052,29.093764632638116,341.6651328318449,19.81461085420281,3798.7152314467376,390.348081553858,106.88953457787059,0
45.1484793177309,45.55111487889499,346.33836678933864,185.03529185836896,339.25311588475824,309.8470742958373,409.08158722614235,0
15.558510138252323,43.381635343667156,342.0059776260569,109.53018147007165,2279.2461167980646,399.03469631512127,441.1936314001943,0
31.044377549905985,37.035108370041165,137.1350760806201,127.04093766206633,1872.7466982329106,232.4449916728843,150.23999770179663,0
7.087381995616816,46.37945227827182,257.15096291782584,203.59138913388566,246.41498729112962,13.688783025057937,288.6919129304654,0
41.38098774226168,41.4187603545826,142.2636607976551,174.54215058834737,2402.5301837109578,44.348195255705214,214.55517393715246,0
38.47055036856846,24.088522703042994,330.38288810633827,108.26441172566388,4833.686643503871,269.2164286322138,120.17098660995562,0
5.047563409288796,10.02949588054938,238.99381881021017,0.19769385333895606,3629.09232324876,444.7683335429159,378.7987874103844,0
20.41151543821632,38.587202398011925,45.628927200888064,304.8831059555788,533.3480615434584,487.7068987688322,338.34655518994407,0
18.881429598549026,11.671462512939037,164.62814514676938,42.065083484810984,1136.0056547767153,26.00280344940531,360.72670727804115,0
12.502206947449583,43.93466608853036,269.4042631142762,294.5623713141348,3590.9142086641345,323.30027971159745,247.92332644672672,0
7.850530539205109,26.19057096943642,75.32075783023068,137.64014517172814,3180.745412881738,60.9983407991338,339.9363063173617,0
14.865019121129453,35.82177150740267,29.24144777688037,197.79138968553013,3279.5194476968704,59.02069462754833,407.12942250544546,0
26.85594428902789,18.749458613835287,283.9112820651357,25.322440560608857,567.778415953341,26.023830648855274,247.06162367823114,0
32.298531025921974,22.09192057064011,312.9931998246342,211.20513988853372,3093.066579101396,345.19785455990433,116.89130331552339,0
49.98274555645501,35.019899870243464,7.581462240680836,268.2363493047776,2819.6977269149106,314.5187954402956,354.72142572242745,0
24.40204860439681,27.24614761345566,103.00994245505062,260.14526342557286,1489.073944469438,299.5846390251493,187.23720717517895,0
28.58952634520536,19.902399804190786,140.61610686184105,52.62727748467952,2453.468237714954,147.8782558445527,184.3632399749277,0
33.28388027312822,36.37210600318804,118.84938691062493,1.6845865022637962,110.39787716718169,287.4704761943904,344.7130924201088,0
5.739765474125061,31.03969396788452,197.21986257647137,220.9016607754183,1388.3218391666815,457.56505556766,221.86022104722363,0
23.43493491376274,9.733435195408962,12.642929369211036,20.762889117196274,2647.878493708899,362.902521162836,128.00518877779865,0
9.573547583155722,10.080300491648671,258.5940657759372,42.9778075795841,2736.9626722597227,326.53086064081475,41.20546657493224,0
29.455200722290755,23.028085903075137,148.34346300459666,174.85005979717064,566.9731359805949,377.4404048124898,74.34096833879245,0
35.956988077753884,47.08678825219541,46.10888225315276,223.44342199503103,1390.2182290174253,254.01045858813342,155.92540928772624,0
9.798287512127589,21.855026290878584,330.68060595117714,181.68759664933197,2347.7161130893423,412.40345809030134,446.9415415598262,0
45.84110960501385,9.88797734154565,197.8234769609298,270.07728404156967,422.75541380736814,167.50751389582703,438.43220535993106,0
26.128473216669903,24.188791119773537,7.934563336363536,316.490981427524,2554.587260024803,236.9858193818487,229.3558280118418,0
6.540887513368584,11.061468137956627,101.95046452218651,182.24055837848672,1507.355808537836,399.66003910502513,418.12616259110524,0
11.801464058342592,29.21357670094367,156.0637819424323,165.2769916821885,2888.9268194295532,183.53049404059368,322.5077746903807,0
26.559394527895588,47.96369857921645,149.25261406659553,127.07856257642499,111.46128505997531,212.51257424793658,326.4408100546126,0
5.1518037593450305,40.22998666673121,269.87082988973543,245.99447635830333,2164.958720980027,166.13241040657866,17.717923195690265,0
5.620262434714849,6.621687164968395,297.217131205945,163.10093853346865,805.427080001248,354.87971813195605,300.93405682088166,0
18.60433438173908,6.384693636513257,156.82236188518598,136.54666490938388,4481.934981150577,207.80228279025226,123.52840715900487,0
44.013903089738236,33.335708479453295,339.61865410036336,316.8224979735171,2096.9662816110954,394.90972215087527,1.2303742241214222,0
6.152721603630193,43.02991857322683,189.32572958418865,30.449969573625385,145.98675792933972,337.2257284980846,267.2011662087641,0
17.74938734999014,31.954759476372388,71.5882311421687,110.18815823894043,183.19935550991056,5.823780508606935,264.12189720673314,0
47.64234661273973,41.286473992351496,181.5769866350965,123.4136358935086,720.4589157176453,471.07371282630317,474.6070316199365,0
44.933860333305674,28.830334750300675,111.2511381280108,187.42896788363245,1238.54146754616,286.7674815673398,39.49125821692462,0
22.52146239892832,16.484331471509478,126.9562091456272,299.11717375776186,2478.5255458081247,241.43664035286355,5.261716230022917,0
25.314025292155648,41.94347297559757,200.0959287809785,205.5048862991488,1632.9239222335075,317.98722757825703,315.7940474287569,0
35.51502968627481,33.88829842572315,232.9019279595605,224.57137650443866,4007.6927776633333,138.01648120510035,284.2928596818242,0
26.910439938469416,44.190382093180666,337.6703057189793,357.13284779464533,1327.7827065793565,61.09427912823817,176.02144252653312,0
33.75397009098863,35.49140708404239,150.21690475418194,55.27678959205427,3623.0290744217896,335.3735403055731,319.35530411743594,0
9.869407040538192,22.3409754927496,154.13410686109617,331.3082989455483,189.52316864543977,246.53093657072122,203.9452299098144,0
48.05477637267126,5.596824830303361,137.20776164948535,359.7052523214335,3758.1838896937243,106.51917015589684,381.5048415190248,0
43.784145001119384,49.437483336001144,192.1868350072243,349.47538001799774,969.0610464088701,275.23120482238886,57.388524599973515,0
31.090789026247347,19.415176940591408,354.1475669324204,346.175095144574,376.7546089329441,435.6227520028498,218.43149447781428,0
43.43163804866715,8.812468891679776,99.97469324563349,42.422453238082724,3752.702739981024,372.32938840053345,125.83776280516507,0
16.43569629825909,44.082228084362185,244.29609066821416,264.01464665681107,3063.8882986885424,146.67750651015226,391.73831615190505,0
23.599049766197606,27.076404506085588,246.23175344306398,63.810669435467986,839.4637531889023,417.4876939341102,1.6538750862569729,0
47.05031004296418,41.43610256963183,322.33999299032223,188.03748613525178,244.83227319105333,340.63437476414884,194.33275684664432,0
28.886912552149035,46.06335003656594,92.04358098514999,118.95984334871466,3316.6647367650958,373.78229006031944,312.0586378391821,0
26.81201957497045,22.002632506282197,146.91412727504454,286.822569370202,4373.300047035999,8.674213725539948,466.9338381894794,0
18.205954710169138,27.12535740430428,266.6049877356409,175.80157342589473,3273.332674594322,418.28763360078796,321.6150386534418,0
49.71720223878238,44.956248935264654,214.6932815466322,168.23969717093718,3462.4900067984095,88.13838277878538,267.99005257836797,0
17.96393197261897,32.32534285540578,353.73511522684976,240.9731896355659,2522.626847341005,403.31397058756704,421.92498404456387,0
16.830189901371096,21.319790272476272,255.77742521594502,6.445925108171084,1848.2290040859193,298.25727829666215,397.87325770400963,0
38.43062708510324,6.596446067992617,295.66706275924093,275.0925746255302,3307.5045366566187,352.39132494324883,426.51491330276133,0
43.75238395172496,32.58654742350034,313.4533902433356,178.67094138270244,2281.256070589233,133.54523318927497,65.08332469631833,0
44.08441104463725,7.154000875116007,249.78493272545893,195.5137836910504,1534.5993776058297,387.7410375859929,334.6011647642036,0
23.44275999435963,21.54558293628261,249.0593880625385,142.39310317737414,740.0546256122411,390.2429474288576,258.0806736616052,0
26.356529045557963,33.44819236507663,8.157228534728024,175.48090266817724,4506.769559845815,437.4344860743328,81.49184372622514,0
36.00194169682237,47.434739899190134,227.36391650244926,356.95982816423384,4557.523252931935,80.49812334422707,212.1795641237465,0
32.40533529128928,9.201839427395267,321.6253564182224,78.92880308218452,138.312100488456,264.1777369254565,194.44430343946277,0
42.111340680023986,13.12549533424071,235.7637139821973,13.30862667344415,3818.8047359469997,343.0423255245162,310.817260816851,0
23.467753264370337,24.904280310517724,103.39508293853007,1.1584373624358602,2635.473902402805,100.8206009628565,379.0382403612847,0
14.32537778130046,43.10136462371435,310.2411589360735,197.06293003190527,644.1932418605612,8.817819310557084,39.01241880245265,0
19.94834548800773,42.20278494810848,305.0861238627762,345.31213432002716,3331.1567855231146,88.23429435399555,285.5624084922667,0
10.865085064357945,42.299062676053246,209.8747293500885,14.00413034795057,861.2476459436479,405.06822746863884,373.04219315849224,0
14.107817581621918,49.098375543459284,5.706079175938656,159.93115475839872,3462.8779702291054,33.444583429589834,440.12668005317704,0
27.83352924320398,39.92824102083285,85.29699649897194,187.01318289323874,4248.854207905199,54.090515909234696,60.043858791175076,0
14.919984716314223,48.05198718613884,230.3457953781398,69.95761696843493,3227.6188215811426,52.669826688648335,488.19851921338835,0
9.061640338831625,14.04880618086843,177.54030305797156,294.61121215271726,2932.9522259736923,69.34768653426698,367.8056602012486,0
45.37568403937018,37.966493153817474,10.960423541185463,42.3007453245674,1066.329702063089,142.11726929547774,231.1464024499243,0
22.265301769300354,48.23341217862213,192.24760414867575,223.40590722760206,3124.815744599344,188.89173426088152,57.05876028825807,0
43.980672179608526,34.92015325782315,203.73012491589668,41.507163962086366,4849.449279172134,454.05871817069607,280.1339501681967,0
14.040834748922201,13.368986767519809,89.04314778172298,118.78183398314593,3355.274091770174,479.47702318958255,4.133985345997459,0
5.438750036440927,26.16043214929036,336.5751332865821,101.75642709567063,3129.7537489067627,228.92423680276198,198.00433520931904,0
27.068137476622212,9.226443458657037,233.56922742113048,108.1229037092885,2243.545990010427,405.6662318106096,327.30090406332954,0
37.8792764018773,43.78829232593656,103.16292094847533,337.25727563380053,650.1334387108288,123.64950036544187,39.97913090401367,0
27.720374139241777,25.479613223001536,170.3682852750029,317.45598818360816,2093.6519204277165,26.617326237299732,275.0505523840189,0
25.062441525863907,5.373322657007023,344.55505163491813,245.66202488831792,2326.2812943521103,310.6040751534466,16.496476638934,0
22.05620089888047,28.183768917777986,105.27407241921652,222.07244938798004,4114.5006706949835,377.1814965039825,364.66367135314204,0
29.690790178845923,24.14902009677472,173.49862315987156,170.1591476992466,1803.9863096698843,14.466409274922542,166.00105826671196,0
44.06591364550387,33.05793737749143,98.19263290823729,166.37521867840042,1304.7649744450182,468.07408232953907,9.265399430410659,0
24.172797671096315,47.651440756047876,282.561840773414,243.95615354154071,4203.368242349387,59.661490933923474,261.482163390057,0
29.684174197181505,10.984943037707868,230.95051667873537,336.1879736857296,4311.172961516696,4.550642410776129,152.7733292972287,0
42.193077691233654,42.670915111200415,11.397732151627288,44.16561532333973,1910.2076601225167,124.62416722593228,14.584506626436289,0
43.57713308250149,23.352834299486524,347.1415728106796,104.35656325949562,4704.2480914324715,175.80216127272908,483.49732190710773,0
11.43923678310579,7.613075982794698,16.428294638917013,307.6896737794214,4051.5354751662053,273.38148860072096,432.6141927234527,0
17.261498527233922,49.54013985928726,306.8913071269873,210.83919362683886,277.5593251241334,110.16324816724699,490.83440891085615,0
5.20256403405026,26.398451082289807,68.20894795049539,83.27332768315183,3109.4516459698393,35.8207469065624,82.01267651533006,0
37.234602344665625,27.325222674094157,69.38843707133839,149.98657169405064,852.6148823391837,142.4758441377339,138.27404498811364,0
28.306478170818426,28.283563159369642,299.8102891948368,106.48948099907835,764.2428020053404,225.39251321925917,236.4280872639633,0
30.97033313664877,32.77248424288048,151.25440327524348,357.6709163336059,4993.3193073483935,473.9776038396853,185.3095615182725,0
24.91133288076113,35.68330213622956,12.464288170346705,266.3323204074633,4662.686583225559,46.373819535367566,389.68215784929464,0
20.554737239470196,47.25662410274035,80.41517263230597,109.03662892304777,738.4047194923094,234.91983481703937,81.22589490920085,0
38.529540591998824,48.637244089711714,229.2513571249995,105.69280679474485,2839.5315309032494,151.08973698861945,293.96947429930583,0
41.90611610522763,30.980191469222085,231.76277419376436,55.932143553185895,2971.555674497241,417.00840592052805,401.78864628108437,0
7.587829036390534,43.59670677039724,291.3981849057703,268.3861175445711,458.2312443610223,335.2117069385995,187.10815692566845,0
16.704734439485005,46.01687946048546,154.64346519908557,25.38454017364824,2242.950289111168,311.1134087712232,171.99148364841594,0
11.847432341591993,11.246727865815046,211.51695943328198,18.177282706328924,4957.9053146541655,92.96588246675408,442.7716501039089,0
34.33208701371619,9.579376022966056,235.68598848255283,251.90875033603308,3204.4216745432955,486.6108544914262,50.66661469372274,0
33.471695341338986,34.53557096658892,18.097173080860816,317.72793143807917,4254.755677534498,395.6223649231146,494.049198190645,0
31.904498525385872,42.69775957559592,184.29947798795635,188.28617499743328,3399.805401629393,386.48547854630357,297.2134093164162,0
43.608428474236376,43.26261987170228,108.41123422895355,124.61798823918596,2545.8408053253165,205.9770222937587,248.00783040577969,0
8.624077331895522,38.53060272143449,173.83858532312772,68.96276611698012,4305.648360931629,199.24057642993597,28.479032198162667,0
38.08475731321957,9.09368380004187,249.1138841844527,47.5539680837533,1176.5704608558751,405.5725159314384,372.9844453558022,0
16.794033346956123,16.471963857573186,237.3557563875522,74.71987021551354,3128.305376516415,97.8138494677252,99.93737801068525,0
9.339428625883329,28.52702634029084,92.60314972019987,101.06488734073311,1041.747186951019,322.1852585533824,232.67048373829198,0
49.850648381887275,15.395752561721723,68.48164273147867,167.2593322302692,4791.132386914234,32.71728304379845,165.2642789300277,0
38.89227883385112,6.2873075684095046,147.46964537058471,59.374538319768085,2801.533496381327,22.928908790650294,277.7013619424492,0
29.551483974845492,46.528027975044395,18.777440290767196,303.1294374395972,3888.2531872960203,45.29895400507922,49.33347107041946,0
22.83147381216588,27.443996998804234,143.04566024010305,348.30779401414543,1655.5752646076905,302.69406708170834,282.64649596458315,0
29.574683052339722,10.056750759895685,187.2848911447257,342.2714139887938,2617.4931892614763,163.87532275857646,141.28808818055526,0
37.97227338583963,49.357316187793614,60.05439344079517,265.1140443157856,4605.723935359348,173.32174894786183,333.1885392142201,0
36.65691930421071,24.033856237916503,326.22703748806913,52.9831176664825,2822.3355357262294,346.6626861925053,404.7692108209059,0
21.636067597244654,47.79935560816842,264.64139506037856,44.13663224972319,355.0172646136632,219.12067050255763,233.14706281795804,0
38.05279310974449,39.92110344291117,359.3807038668953,117.41190461562388,1254.8585818068664,499.3901108167136,113.10962786876789,0
30.521926226005885,12.934151992685052,128.56086666169367,337.56250982276646,3359.4689127756083,383.16425651897697,234.34132297241305,0
24.67718743604008,11.063964495949838,37.321708497166306,102.49428734582226,4187.21943500411,191.89750905661063,391.80341351017483,0
10.955261711657439,27.412998713735046,123.38692433801594,19.40978189498945,2594.5422756847292,97.7280917198935,226.42224582548658,0
44.949942250378946,8.333481660287752,141.77470210681494,296.87151432636523,4457.27025121753,193.2096423993167,151.496061387658,0
17.945622946276927,34.95673701314607,215.92988983957687,165.79643272248592,900.7705976334605,483.14556161069646,258.815111808446,0
35.928484248010875,28.567219128674072,187.88920057978586,295.3167641493932,2967.5724427201844,249.81502578023978,178.54161060400432,0
12.643319992755664,30.45409156953525,257.5922566224587,276.82190252437584,3521.814920010465,106.5370333198865,260.3836484972438,0
31.865539588519304,29.323630151514763,207.41008702639544,350.3707448556025,3525.027968384048,491.76920305340724,309.03826055797396,0
47.59392432855307,21.207276263129877,95.2171821157454,314.59422444473495,3220.323387656501,169.5743823112067,227.5125695750545,0
23.7987427625218,42.50325676259812,106.33994510717837,77.21186915693585,2306.5237290428663,214.23493865691867,121.09104674917116,0
44.62537266898962,16.980107610354395,2.386076085026483,202.92307563683408,1375.7099561753382,277.0895967277038,189.11891910877478,0
35.601493583061085,40.21446374777362,180.67499692875177,299.38828699351393,3782.249829791661,53.388361471278735,182.11682422532238,0
36.77020403392138,24.072631444439157,254.17659300520208,328.9709842345536,723.9896789353459,331.35367118604825,131.55098298426853,0
6.592563631708833,9.6268701744158,266.4107848769328,338.40282547559525,3327.0621317629657,32.45690581930161,221.3647475982069,0
27.7366632239871,17.0572938291846,31.865380971484562,218.44757541558235,1948.3037184309712,431.90033124658027,165.274704397802,0
13.78094630430148,5.895424671032842,189.06683726057292,190.91149219656492,1322.1374840533124,126.59446549386932,66.71829742693491,0
18.033749430353215,11.47129195090263,153.5426094637747,191.9091039752931,4841.618136341594,26.353888636298006,347.4529686841202,0
45.616193704555144,11.959945569605907,355.24831636412506,331.25242979022784,1561.3060574847539,65.41606399639288,62.543342127828694,0
13.219037379999843,10.13195313276526,298.5448674879857,61.10421330414241,1448.8617787029386,342.2590760298121,133.3385326933641,0
13.820413622969028,35.922348335277974,45.46514027365414,335.20281199014175,3837.391743356069,213.8033958158681,483.6657276720195,0
45.53806984693553,34.70624772903743,278.0707458412808,81.66987415080983,1385.719973777639,328.37288817041195,125.75230657336189,0
18.63432412837389,16.304751911092538,100.3801216908829,19.16644596652677,4432.144624846153,232.222963655123,475.85980721209427,0
14.729096967891254,32.96512706881809,352.31322401953486,240.2004461444833,2666.1822695841884,272.04105574418753,217.00617154038122,0
20.438334996905866,38.43869342356137,95.54785798232324,65.55798720576351,4984.524927325946,468.1260346456182,349.3857110608238,0
19.176890403702238,29.133192055115238,238.79221336627623,105.84837567247855,3873.223674201531,326.82543764275687,70.09865489013184,0
15.86450518086916,42.27276027966706,31.488759370911122,267.84997406779047,2986.6937341877738,425.73848597365145,498.1741890483682,0
45.38733934678398,20.667834061259335,345.27490403863175,141.4209874767021,4380.65994005822,19.061657159965772,208.87820467894286,0
6.182340139799466,29.31485951720145,242.98280556455632,106.4016519530996,2527.493758922882,170.29536638496856,139.42320085631115,0
20.45366115996864,7.189726214471525,206.38667763336022,103.2397579299799,335.52664662613904,256.94266000837604,211.40900041476425,0
19.562370027535213,7.9987571209262,4.508417529378028,32.28777911430085,930.8113647058634,466.376348574232,112.90297855231651,0
22.375056756101166,27.515474544324594,185.04198753374536,101.5218473205328,2737.8693797942815,129.68232141864235,353.4196127497887,0
37.38776758230974,21.73845420015238,159.03611848081025,228.7726350447823,3828.9543519568742,43.64917746557245,236.5472866428201,0
29.08522626257569,18.4284865039496,187.94260480503448,258.2368246453297,510.1775756809425,320.3307010345334,296.1295864711586,0
46.41902561787274,29.36359968592585,165.4542340511181,176.48452489945268,2815.648556719827,296.602634958363,474.1512255408576,0
17.619466043821824,38.27322307716508,78.94653220027845,294.3357178808182,1785.0245369377708,352.5856701939442,301.06617757237126,0
39.44180180450664,28.398602239595835,134.1191882321389,184.05936242556206,3976.341015336541,376.28635544095005,65.80104761695887,0
14.048849371408405,42.68577315134136,338.949826436232,317.22934517010697,2455.1601613113244,124.60713063993106,321.82622037915064,0
27.04991341163564,22.436646156475657,154.82962285953172,22.22641660404954,595.1776429243886,174.7173972537184,7.1745732952473995,0
11.069073927092024,12.12563502412954,117.59444609187528,61.29380422010386,1377.3030868271296,91.91989734983818,123.9097819453514,0
33.339023915798194,48.02011477861032,63.80914609249546,275.04770314864805,643.2458448097569,435.64192848240197,192.47949800099866,0
18.545727431207826,36.14747605232827,352.66235505311903,103.12142648506226,3187.1559036947324,326.65285258927634,158.4589738903887,0
43.50557588817005,45.76706388143049,101.71318306919832,264.2309540852165,936.5466541467798,458.73501686733016,392.0939650849545,0
17.54811143915485,13.830039595779947,246.4979185326289,189.20204856940367,2024.0182653947115,72.59150187775127,195.9720122788152,0
42.99320733583573,34.002201857423756,64.20517387534916,272.01921609221756,4231.800158623901,9.252305274795535,94.18475971179224,0
34.48603913596371,31.48825023032487,313.33667331194994,311.9186467086644,1478.081951952003,206.77430520696743,86.44739089175896,0
23.352895300779032,8.671212648367439,120.2169031514766,249.37125425415476,183.59469867541355,143.1095793728026,404.6757709681448,0
27.668113149747956,23.895064577691727,191.41305506291377,289.2402829334637,2357.258408495517,253.1307308282979,326.4474578319208,0
7.798664120286789,16.80786921522322,26.616345488368978,78.98616935824198,586.3707122502135,332.423470244086,140.3646755144003,0
15.79022648094243,28.06253988591539,121.97762085582909,349.31162162128953,4551.664707627409,211.4858209946901,181.9336692535985,0
6.536811752379485,25.746076374574116,37.037420054164166,336.27582580476104,2852.4348967242554,241.2299683670558,238.64015607085315,0
32.376094216105784,38.133694271630134,118.05668686736041,286.81424127791803,1830.6846415458244,169.22182456192675,107.50108779659823,0
35.377492811652125,20.62206260408558,323.5808006279247,72.00921721508324,4823.0668485227025,284.8270787076346,123.03127724577928,0
43.19262943833068,35.02632126430045,116.44744025194481,236.84217176595095,568.2356922366807,215.39408939914446,472.1637265063508,0
29.69526833910055,35.64621958477362,185.62179957100534,343.0557675011862,4057.083918569015,170.70159422503917,119.7452190409497,0
21.615309787065055,19.308805333062512,346.5388112597886,0.05037539716532091,111.18410590689636,479.61043279274236,422.7155506747184,0
17.08641355758676,17.392907987174603,253.9117747773866,88.68596225898754,4592.9582983736445,461.281837971818,112.7267236591174,0
26.616978519705015,31.02157264089286,13.552219872371683,143.0544673695578,427.68687040040703,466.1263527291706,181.7114262171412,0
25.727973735298175,25.895736161189944,45.0250513999742,3.6407097196806104,1706.422933517695,48.6750107587805,405.2274026026043,0
45.247469555138665,17.321549833169513,144.776611156381,257.3776732153892,3113.7752121392805,109.50442754397932,429.65096519776245,0
29.7560899619562,46.559367167544686,216.71954511286364,89.72486400538567,1397.0247017719057,126.20288842265553,477.674630262413,0
26.707717928615182,25.134462590166823,72.09239009289934,296.6138836819495,4266.86556415134,371.8594363248721,113.65776183218468,0
11.318763904095892,35.28610415704881,312.6157285346213,347.1681879849637,4124.665291154686,46.35777651312078,383.5509087912259,0
44.12760445417459,25.111727951092913,256.6857780275651,122.94149645761271,4107.955184861163,249.0738029601869,327.19975513950163,0
25.3534813424278,21.565111001790502,50.55170558202816,174.40392490077272,672.0284054521001,126.82927789801384,58.42580006154813,0
16.19122149964943,34.2163969471011,322.1715967768805,12.226592386937142,3394.089206878634,270.54213774417605,261.09119447405806,0
39.95018599436048,34.7144681690555,31.086961061062787,227.16441665167883,2556.784117423039,281.31275392386027,408.4234460366835,0
24.34113957478333,34.29909753899875,113.37636290354271,60.6213035687159,4441.1245796126495,392.5758460667207,310.08474524334525,0
33.13522096435092,13.113177199097848,59.02172957694323,199.9643995018211,3457.0625181396576,132.1780285883598,493.64420534527375,0
18.127728913128315,5.820183626667413,181.42559720000583,347.0414113330223,4628.543348260477,446.05991333608904,163.99549517030732,0
41.35244363298749,12.737292003065635,73.87758490288853,283.9070263746177,4988.995282491573,399.50046184234907,404.08498731513936,0
43.17882226608308,11.235945898648538,0.2653719559624079,137.14909701546807,965.8867142215902,138.12428752114187,469.7955789454201,0
36.847126182746166,7.378100524028127,355.77388333876576,351.39592855544953,1440.314204337446,244.37987676259755,10.764463602933372,0
23.98286716026133,5.944008154641951,202.95894191692645,209.7284320083111,1720.8238214341907,224.96419625146862,284.02324974539744,0
29.175535640898296,16.249575089466994,31.55159732918402,42.340477237131296,3080.5147938020973,246.98117816548432,470.7247034735324,0
49.537747550325314,39.43911128072982,336.66453894266306,242.3582520191621,4381.5491271876435,313.1144798079469,415.81646865661315,0
24.421292270805004,27.72736852834484,76.21692017543512,197.9480324662036,4792.522499243992,29.01090328585454,146.05997289542077,0
15.066078986522475,23.194653948739422,313.02031260116485,26.598243343320522,1302.0744463908418,271.3495507641255,324.6266724372301,0
28.050535239864157,25.576859260034052,73.17964874247338,58.51147256163377,4482.276633943041,11.671652075455064,69.87129847444868,0
6.005136312509194,18.280025110524193,276.98957789224704,275.1710974950218,224.79439552943614,253.06951524724462,437.4953056071507,0
45.935044347289356,25.718731746113843,227.6778007193631,33.31067711489743,4776.704386824634,197.01416209302985,218.2301820687007,0
43.84232014319424,42.70429284138069,239.50820048915088,75.09592158641098,2137.578806733195,81.58195228358794,342.81028076889186,0
40.638604174819235,33.108032474081284,225.78711139095662,190.45967667987276,1510.902739751482,159.9234509380651,104.62352925411261,0
19.71285630069393,7.169128745056182,10.466399207578894,314.2422015999504,1618.7739661032654,253.86993871743618,328.7695880246492,0
15.712875955855504,29.882348124000973,120.72375027860436,42.777275001090324,3230.594844474247,400.14806740393465,87.70321379265627,0
20.55488031225282,36.82998865499864,98.98791390793797,68.63082187029339,1513.6365299376944,264.7603593452378,118.99227260473405,0
11.47783987130289,41.29541130977259,102.93763433515794,16.182135057682572,3227.072422605689,372.42537884456414,295.4808403344245,0
45.877376940010144,34.84939039257742,156.25346527611865,341.0385614870328,323.77285653199874,492.2434740539725,20.46636631978721,0
48.71286385371226,40.628472871435676,167.76551973053984,184.82764387752925,4970.503751460068,256.00668895506567,371.14434121522,0
33.27815897666633,30.227768421188788,318.8170690698794,264.6958157165501,1439.3506166989432,313.0740328991472,358.23091312554124,0
21.63471755306799,32.19884924374922,346.9515099971525,33.98903117812557,766.2618195959049,393.69127760143033,284.4265499416651,0
8.83994906340278,24.576756999304152,213.06679284580107,188.59826554973023,4344.46272241176,47.33884152150847,176.0129318920205,0
26.34269750646492,31.51450096628901,223.89480111051827,153.56146634237416,2239.5943838944686,265.8795867646879,114.68158764904484,0
21.159910996516942,17.654895307060883,87.16397280482062,51.334069062040776,4087.8522098420635,362.8207432992791,107.0115531074995,0
38.782796022858804,29.297049357349962,274.2643621743715,114.13483354654267,729.3732265621496,358.90659445244995,339.3326880589451,0
6.1158899121477726,45.92377800499949,243.08088221946613,2.2985787149806836,3847.7195866497127,412.5526888766431,408.2071639331982,0
48.926698051018775,37.100628549360074,79.11992209313294,91.83945576523537,2782.712508598751,363.70914351424943,17.921532004298633,0
22.13492722569266,27.904516245292104,139.3718004604597,321.5342114762413,2617.3354906508375,395.206475577212,376.52758542870674,0
32.55617094588605,8.908483763733589,44.21268595816183,74.69778619570093,1858.355700143682,383.74910671502687,49.3419998279242,0
37.30757617006253,23.08441725537791,276.4180051721271,113.08189517645629,2893.355421730613,155.2224723141401,333.7924405751583,0
16.468996127872614,41.60841973795998,311.2188462556955,353.4409004794842,2867.1179125613626,84.39925101644586,215.12265345451758,0
35.318210805621106,14.739675580611397,257.20139662908963,302.6290818897208,4295.977910760833,351.90118710427276,440.93998747617525,0
10.768943860224102,19.045141317453734,316.416234033584,228.2373979781827,1349.84272846375,29.076129775798154,389.06563604493005,0
35.001168380267124,12.367466361011525,120.44852353374203,79.18025334747418,550.0581142271112,48.91621008676117,327.868565979607,0
12.073515702291385,13.020921629822997,333.9785079127255,221.78198930844903,545.6744307722847,121.75048588068293,461.1931094459268,0
40.780023395882445,26.87844640886924,243.95628603008035,120.83049964743344,1001.2653437504516,184.83817594940805,391.4740878246049,0
34.42537391122152,34.6935247320676,115.30276575472703,151.77869195927843,4169.567783933189,225.93509541607554,198.72894920767197,0
49.39250528007195,27.372325779316977,121.2634970061367,201.52315083212216,2833.6491303493685,438.57377944943323,29.348134754833943,0
18.161749132436654,31.429618927759204,109.15492933696744,47.083174605162704,165.1581758207145,198.11374981002416,441.87268519139985,0
12.981424063986788,43.32449195293078,244.15921408567712,194.334732780326,2294.6808401315957,109.0228076146208,103.17315150845602,0
10.875639682549416,42.64396207478643,113.83113753609811,68.83959396581196,279.00528350983143,110.13556550102838,164.18335310054033,0
48.2394421601232,32.38276680117104,82.90198095203826,250.998814289315,3328.7920159644154,404.0420613598515,159.59933131826836,0
6.266413170591781,41.991354035902006,258.72154551601267,77.28790355331297,2174.471887157934,49.99317879051218,375.0792511638861,0
23.59384500387774,44.05781624632028,118.17550715926791,141.4354270311836,2036.3751626714968,350.0114410571767,464.35942046156384,0
28.651840107075152,12.185905946615403,155.16152263563777,42.67365041703733,1654.6194574102433,464.7210901405127,172.73893603111762,0
23.664276896750966,47.074075236101635,333.4643460424387,4.123275015909877,4184.338506800577,363.59692041367737,410.3351715709952,0
7.957647651487072,33.427552293002286,260.75328800341975,194.62163181876986,3631.8936478116784,428.04102772730204,228.8309277059161,0
22.980311418511988,32.8219969955404,160.15759150422795,168.908501521661,4868.178963380306,317.4811618150061,272.14544104631796,0
27.851623888527875,13.297778209783283,234.08206476436484,194.09786411905773,3088.168367614718,467.1796266034506,10.586940507164577,0
10.279599577284468,5.701553229309974,266.4673510352586,191.18578129506892,2084.4417133481443,33.37956983255908,278.0982900556724,0
17.72712752913624,21.749728116269125,79.91529164971001,124.3297440722168,1808.7817777844953,9.294468562671021,371.90281239758406,0
42.32407918284099,41.775429392284,74.21242682261854,98.4833417490739,976.581501165953,252.57259988113577,101.04667084080532,0
43.85157670986852,6.532027745394476,81.31694598041463,30.434741730793885,319.1042624604289,360.5904427508186,338.2330474720338,0
17.84039649429839,25.413817427410635,27.58363728060653,9.533866547270641,3591.420792367061,432.75773414027066,30.888031518556126,0
35.67566517677513,8.439029371750475,203.34792595559446,257.26505217472123,2804.1343783871475,468.3084290292181,227.79528176570767,0
26.708994463869466,45.31410562450723,316.4640381216422,271.37492623851983,1944.5608181927068,240.4468600129721,433.4703719350552,0
20.72447914639276,10.431675365544672,109.21259634261521,336.53288160973614,2324.873149433712,225.78661239529973,344.4398999081377,0
6.540902954744912,15.880590769097761,121.39532431125876,137.10895734557783,3354.532560780226,477.8573061969214,407.7310077269188,0
8.549670593590502,16.82898303850361,44.785327116780934,106.99870886902501,3431.534228766917,292.815213389726,386.9585159400659,0
46.48114013059057,10.608076553288083,4.066432901939474,323.24405175208057,2482.5817125219173,324.63031932141445,27.391663482515927,0
12.682164999871867,6.0686090338782614,229.14942903794977,94.90409263577592,4286.781758769704,179.45776002294056,112.79624464685418,0
21.76312779227775,8.306806714969436,221.71461625122538,331.19885099741805,589.1136704221659,250.50994924949288,153.29450442946379,0
19.387820849058073,24.227748561311333,280.96829645432695,186.43586748450437,3433.9640782264864,4.7046262715965685,250.71498802109164,0
37.33463858406719,18.190990954305168,221.23160432130732,187.64580651150786,1093.54370609443,173.09194245249537,36.21251949628923,0
17.413695744974014,23.935840317483947,172.57207553204682,296.46081071071245,4717.587903671221,61.09003227556564,471.1523999814369,0
37.54801257027653,28.000620220854486,218.85686481980062,299.79423920563227,4663.007890831517,16.079291455868894,488.09449662701945,0
7.453216838144588,38.303590621244474,2.4402836762595603,298.3601283029772,1243.434426786224,246.03657688868296,67.07579550875731,0
5.664435864284194,41.31475328084154,1.8920367403892957,150.6221925260822,1199.9531444112306,196.42835926713087,113.99182560537785,0
22.553152800208423,19.127922143074688,219.42036153048937,90.86355568724343,176.60722841935802,220.2572491512564,1.6074953617641885,0
24.0389803976412,39.6039033967182,121.74679680483318,284.2318499559185,1799.5462587252744,131.16679582786907,227.37178953240118,0
42.400033733154004,27.953354361304775,79.87389239911496,90.82691125993324,1061.0354101181933,82.44189286959657,43.80396803325925,0
38.24690545522834,20.555553587469817,140.87395937639698,167.75298922617216,791.8164190993524,402.55861622684563,2.3355011901743383,0
9.20771720259603,5.62497361531626,316.5041143906859,3.1405030548374535,3978.275833092965,371.47515250263615,235.55781489377335,0
49.28761297997048,11.262621542364489,29.766670531112194,101.14362338903433,4332.72835926626,468.1998989204307,356.03101314191235,0
21.433049278655847,41.96517013670711,328.80430915147,36.778592488922975,950.3802398227883,224.22152450260003,288.0110133950057,0
35.5007056283651,28.964642075151566,122.47315341168243,184.94735768350904,4921.489178714767,378.83085769576763,81.53575956299724,0
18.106644909838224,33.62765805103476,338.17331735383027,250.43012205269085,743.4991583830954,463.888040137955,310.2701600220768,0
20.27860882735119,36.3181467332958,159.52175782471036,298.6033510256711,498.28220653229585,75.92603186267772,488.03532607396505,0
12.082111115924668,8.180527454227214,103.50294818029285,162.64123988935853,1386.6804275173288,267.2788934629382,415.67669759807296,0
47.24263615737253,42.951753180957986,277.9559014195564,1.7125213694182229,971.5775981032428,424.96888365021994,372.0765006525558,0
32.49584765403641,25.696449180151017,195.19627691426263,39.32430682242325,1717.9054310281585,452.1641209249337,454.53599073338245,0
38.62127780384666,33.627913364027336,185.6798239146707,131.9715528771314,1730.6776354218894,425.9847391070937,171.53380565437993,0
13.211869201346747,17.112850388470655,294.84491107994535,101.79818216975767,3036.8839872715,4.605007407352701,460.0836835156882,0
27.058208328745092,28.941912502928208,300.47681728565044,36.17970071269407,1740.7861796029995,456.68762139131223,395.9222691221071,0
25.33435358992401,19.531846019856797,271.96211756440465,335.409092831311,2025.6811490332645,177.161014221499,412.9476850753187,0
13.4862971541365,7.778422746394805,190.68363473105168,263.46067702044826,2138.207360224468,405.87505842249556,226.38659888843844,0
41.21609875359404,22.577592113650894,258.08418450282727,280.73569370811,4412.498365938406,228.021779501268,365.0601726740815,0
31.823841573230244,25.41384684425648,123.68643349223905,48.49243531974419,2422.9488641191224,33.44755018131884,70.31713536147794,0
22.7508787411139,31.699113060112797,16.542777994357195,62.796993603840846,3553.385130817602,269.03399018347216,354.1810415157462,0
7.225695355296491,13.639403076566726,294.46222044274964,283.1905581749912,3998.789813790901,344.1611080248965,151.67199535304627,0
48.6423542679037,33.38045114605049,126.48408679419788,296.9639600871662,1729.2529094866088,259.882145216198,324.94353039724365,0
45.90775152149451,46.71834605142094,330.7659466549701,123.22038924419388,1340.7427716220418,88.95525386258896,313.4165527246927,0
33.66648549800764,12.496082319330714,60.15100576365197,44.25604897554462,3447.7341628413533,367.0700375292727,199.6443073031464,0
32.084502609746934,7.653172339319525,18.16628343935701,190.9315963189953,1933.9288364383906,259.6015559338511,370.7834139722867,0
42.50984055726269,43.42753076977814,11.24958735825147,129.2893434102491,4511.769303518663,14.613259834391046,180.95793654777796,0
6.843023893544017,34.16705928225586,308.63095772098825,21.10265642552585,1085.8207860164846,337.5840648767453,144.2741627606781,0
48.974049977337856,41.34626082080518,230.00678072089576,165.70044376426662,1588.221487782286,329.2685031467125,423.52499859025687,0
42.70056598647972,39.39616663986357,196.80266943826325,286.66360167278856,3311.559780382833,261.9233840514097,269.8052020665062,0
38.72863165832515,16.911076255961184,89.67384507112462,332.1544722816008,1016.2200471847776,97.12391834027333,441.2196904405559,0
28.048852642792472,20.11216439330645,53.348791977811345,288.0619893140196,760.0002143218128,141.9996172993606,141.20682982989786,0
48.26462568681884,9.422628564623498,80.52822171067317,313.7131445650066,2675.537407333765,353.3230147632303,25.810882642861188,0
10.95459102317842,14.580676245963009,273.8729990208282,177.36606437422193,2536.0871949857847,45.164900062744096,226.69385123610698,0
42.677800341287984,33.816216031427835,89.74507707286162,157.86810695926886,4557.802742437719,239.03131045988113,391.0267217152107,0
44.380507745687275,33.41912895073747,312.504819861355,13.549681637967105,525.32096237422,270.6922074851315,455.62181965225335,0
33.07518295077836,34.36715465831292,157.787267236257,154.59034620064264,4228.160982404239,16.86883011536411,395.930857045074,0
47.29381732911721,10.912713550811343,86.08770603108974,299.2367849379112,1548.3831970129595,261.8622240518326,209.62867020914743,0
46.93899077758916,47.88749589741098,41.68794232503784,66.0047363353885,1484.5170400615839,361.661900086478,384.99888240362117,0
42.507610867932,17.50471642842558,148.45229311723787,250.28500397727117,436.37384670404157,161.81953193949371,318.97444636153807,0
40.52284162907293,39.18870690000335,308.3396358250122,95.32011048116429,3677.3787990540272,196.55953496484597,49.68738359022245,0
15.531101405845696,29.631959235630774,306.446343424892,87.17204474525947,2825.6383956340806,459.32635420203263,291.7221027020787,0
41.98776981065344,9.851648478678257,52.43383009971098,250.58148169059524,510.77064378334796,239.18945043218787,463.32812099542423,0
22.626712667416882,26.554540766682102,218.90375762317913,252.09827966429316,1787.3170108760285,477.3430289491038,297.5083963084464,0
41.693665000623376,21.300915145402637,297.7953021781612,314.4156717533075,797.9713553404372,290.3690636459875,408.446787568695,0
27.729660914153023,26.8083087214499,25.73559016871371,206.35007905579974,2235.7462717512894,355.4650138439821,399.0258990053016,0
5.087036661573233,47.71331849713276,99.18975600425425,272.87071525923807,3555.1662274531154,496.56280879259117,406.66079913184285,0
40.81188492380713,35.47318998708977,75.89181004613582,78.8633315850918,2145.511788087901,463.8854063364449,212.78007508324336,0
19.064006375639227,44.35129779433814,134.5112817558433,224.15274158996883,3979.939924189281,222.93396282485605,464.1938700253397,0
42.29904355201805,43.35841824667538,7.91122672566559,178.27839695587943,3549.1180726333414,212.25532468733144,245.07462646197936,0
14.02867977792073,9.942410503821502,107.36247361196205,9.817871115790267,1251.5908373094185,270.9280328074013,279.6547027235683,0
10.443455858157813,5.604405734033426,337.7637868966471,77.96919303313716,937.2419803699452,127.20223577046919,477.1562978747881,0
14.798224507437546,14.510935928855648,335.04819482990644,245.4707867320346,4521.864144409945,205.05796997689052,402.540308899571,0
42.873156993686386,23.982840643606995,109.15712822877168,131.06786806520162,3453.288222499607,139.95042532266828,474.2963554754113,0
48.66006741989821,15.472163016106503,31.06289141624216,22.874397966310557,933.2865041533723,79.47018207043055,259.4043281662724,0
19.94270327253179,8.756617970943728,2.640630707267042,201.2322199725926,965.6635836240188,232.553258563037,259.88432988375456,0
18.429991762225598,9.985849343051184,71.80459615601833,306.9469329093791,844.2406659490415,403.32118953709596,160.48299064262196,0
12.487636699354463,31.44769936607896,161.32610420869491,56.46572267918958,2895.673326177548,197.6272002452188,111.09573565390862,0
15.662154152639113,48.541670074790396,2.4704215067565727,174.3475684785591,4049.3701486549694,8.598420823231868,357.2858301152233,0
26.403693155278134,16.53479256839298,281.47789844198394,271.5402622427837,3275.8568821785843,491.0510776551204,92.90397505398185,0
31.97095575338807,36.474704852167356,67.5958898182569,200.2544311010755,4358.274091887569,451.57067025627686,46.69781081204499,0
14.881873148078784,40.54703065825199,111.03970840411935,77.18404259497608,1660.9647045283987,387.39390830304404,468.7423576550711,0
23.830619742058545,9.686297438443223,85.88147230035841,102.81250926078123,2727.756737587606,191.52844374879325,110.76942533945366,0
10.55488908973985,7.329322706801686,55.11071531594732,32.42527423201884,2701.5448310992892,455.4662284461399,225.66512689281132,0
28.015758655439072,41.451460537255045,154.7660762832348,160.11151016307758,3200.971868702056,114.92383227292086,353.4665641754378,0
44.35064090193783,32.12354833912494,205.13116869851382,358.2262835685769,697.7441568393314,127.421224516658,146.01346983120263,0
7.082620438513496,23.8478943871999,348.2423261705097,307.4998284345451,454.60411598503237,444.4885121425685,456.46843980654944,0
21.730826959994126,37.30212200482789,260.05787349852636,174.53871969270534,2527.2596035605443,324.9823861337264,254.01690551609894,0
20.3160815985368,20.1846018622022,113.04800616460298,261.74535450796077,625.1801090148413,397.894673080025,72.94951618428207,0
25.333993334106513,13.576542831758157,273.3350672060793,96.84982839979514,630.7527946071993,413.0277982122206,144.76007107266793,0
41.350833337702554,45.423938698224745,47.92260432170212,213.8861476621767,1630.7692313651644,454.5969041726233,476.2141949977015,0
44.74957683795055,49.16901457297357,56.116538602056515,315.38363663284724,2769.0638508187935,392.28099061103717,288.61921966018394,0
48.21872902196801,34.456394320604396,112.32336976301777,184.57846038348148,4295.701611073415,28.582632911112405,140.903408960134,0
7.092278352335657,26.546881596475313,57.55188500859874,81.10980931506127,4680.551069727459,82.19079161740694,333.8601822590338,0
13.152303865220114,27.522773592593808,189.97836467902556,145.55135084871154,4931.787395616351,483.4872662649666,425.12400464108254,0
40.83715522932946,14.41330863065283,136.10545393293242,52.54345355567911,3993.985391437814,407.74859353512255,465.1716932054427,0
31.777723213309077,49.84855598475527,141.9849886946501,231.81331726304538,4143.123341146171,472.5556119846404,406.128254928611,0
8.621662978146079,22.497875848947707,15.471439126973818,201.4651419221067,1070.2345885792342,391.6580532157373,115.91768179919836,0
48.17683628668836,34.54930130596336,337.0089850264855,294.1220171777147,497.31420366261955,35.139644733514,215.73998280945088,0
48.76243722486634,28.77745964685457,126.41196466873946,25.14674431214139,3072.3673897292956,107.39000238972746,3.9206378191205538,0
10.49643191493205,18.060008957778763,358.35883090692863,50.97311697735324,320.6851204411595,436.91112755385905,58.14291597852939,0
37.482229776242576,30.89347381410077,278.44735145414546,229.8702184555116,4585.094897293157,238.01823882920624,416.0301235748904,0
38.39891230557583,16.481624381126476,335.38868421529713,337.9199021769464,4144.0340770820385,177.6528653451467,211.97818196425533,0
39.210730415492556,7.163738356698744,295.9540114765728,233.62180430890245,3028.4762680397002,217.8258176238862,173.45998020188748,0
38.449974778098166,8.344839599973294,260.82866493626227,141.49763962223585,449.6958432875467,130.5217664362762,309.6761289289294,0
15.040852309439078,39.51559883408508,185.53933798683647,128.68253888981704,1743.6426390609683,91.29257742921027,132.76880310792484,0
6.722304604020662,17.547621494846112,63.009110951506216,212.118285750546,3431.0470270109026,349.28971341241726,3.0654692398637273,0
31.292952108630168,39.057507004630715,130.33115650193253,324.8459706187018,3282.548332467338,304.80169426487726,91.80364468317681,0
25.614135424817743,16.973471029305017,97.44000350763748,96.02689842055717,1892.8634874044353,44.6599239319938,258.3173454467015,0
43.463117825131164,21.592191033381987,262.91241205243404,181.23774457622167,3040.7356516703744,93.70006727281365,478.48565704324096,0
16.398719353335636,25.55011302741861,134.49469448472132,66.64736048318176,4862.389644868242,337.5501194655678,147.5416968039855,0
23.541046519870267,25.9432099958221,51.633906264620315,170.75398414560232,1018.8551797054909,396.9155766035643,248.78700523665998,0
20.370380701046187,47.270928438445985,49.83722605064072,211.53220324986643,2237.247146728378,386.19491080825793,273.54747275446033,0
32.50854280914645,46.37815061287665,247.66802006979648,183.19717926194662,4473.707288195069,411.07467064703405,336.19390331126436,0
21.931531273195585,19.948059034275687,186.36862445228672,151.36819635490573,2064.2072249859675,239.10392371394025,311.08448330772967,0
18.427918021698204,40.22660068293363,325.3013395455188,130.40709360699415,4922.767761816182,288.8899120335882,163.16824158536514,0
48.28143777409232,49.68697226204631,171.8716674173578,123.24167461515611,1941.636307872139,127.57940473371416,402.33513505935497,0
17.78708114439553,9.21574273661755,0.9036924421660464,309.0564686567785,2074.7958901928696,137.9597360082776,119.34546149310005,0
19.85773071470238,36.91217771730268,165.28001399992334,64.28416056438166,4245.4398774613555,196.4627110900238,32.50869844943688,0
31.366685015911173,12.700725817503974,186.50922070914396,226.97083751007236,4179.880639861305,435.58863825074616,379.4196199218895,0
20.249776653192804,23.106320145124606,294.27019717262834,73.88913781921597,2787.3041598121013,120.55729625267276,291.6010450468299,0
49.86082050834699,29.683421467199615,335.6438955298803,23.040913323004524,4375.3652778572805,88.51629931216848,158.31053810909827,0
26.367092759401036,46.9671965023636,39.71731632197434,33.81711850827,541.9328829827944,476.0540183763837,489.87218529020964,0
33.75290117331895,16.68272102495243,246.49823140952043,130.7228153221295,1495.1976043589548,416.05511942162707,294.63618413298906,0
44.58931279650663,39.65750666520796,293.4571279724001,96.99378197227239,177.84046348496446,76.11400454406669,3.9489611405839065,0
33.363068463098514,15.966782913086274,96.44155631597691,68.46040769187,995.4947233532037,490.7362657062175,100.76655322706341,0
20.72249021763669,9.476723609547339,216.59176033069366,311.4494494054668,4508.802010293484,229.15354957421292,140.61531746150507,0
45.442983090126425,45.93894284044129,216.66545901720235,200.12799936520855,2659.232106376168,166.93622359996286,213.5064602791123,0
42.24833379826382,18.21118014986729,97.68819589307401,212.6350599913556,3931.7335025185434,369.1530860340252,226.63689182543612,0
34.09844226806807,33.516405734110975,169.41392461827255,22.077708406676145,4534.7508228738025,48.18782044189729,249.40639663160817,0
20.85122053051697,14.497200474856847,86.81043969089002,35.95210853961501,3420.1772252191513,90.03667637057056,477.33028112363473,0
17.168441963660285,43.071395701129966,254.1985845028697,152.0338692693647,3356.288448928256,94.19832165853032,172.2326470002562,0
38.14961414622326,19.83542099039777,206.12718212889158,24.91500135925814,2753.5206689419874,281.47898115669597,452.6498246971222,0
26.445271923759034,21.415180752972724,143.86401476293315,70.76286000714673,3925.1296470519137,74.40397074199161,385.52606881013617,0
8.413665640147478,47.25753826268485,354.2990127532314,23.699552037731788,4931.787736512101,40.38702517882131,486.6670922102862,0
36.20881051604421,47.30091435781123,162.35792740598382,176.67448233611464,828.1633249928855,264.55527495735225,293.5555717841923,0
14.694993662442482,28.88672605723243,146.2638219495564,1.8559667400176405,1483.2555309428217,210.56879999153082,396.8022244997842,0
23.655046396613578,47.494676103105434,236.15449647806543,46.57199347162007,4829.587893739923,296.2554072933067,440.8976598999933,0
13.399835878147035,43.73167902274525,333.5148760914288,274.35339557539277,394.84768589734233,137.37513940356467,171.3152275785571,0
32.880929320912344,17.819239898907682,357.8673201361356,102.96321881183788,4091.2020592153553,315.2138418364355,331.34524240062393,0
28.058433312094344,28.78936510746093,273.8942545618715,119.77846644964171,714.9035174512352,267.99648990364295,419.54876050553884,0
24.710286649071193,30.55087922551858,50.43238420915107,230.1889326132729,4842.079126448943,315.34049093422067,391.34048337851345,0
42.02817234001926,12.098428310727222,349.1525259080677,241.13655701512923,2118.0983791250437,119.98314413751076,30.267868654818344,0
28.355768410426613,33.06450311407269,113.96056355239624,288.8591898129461,499.44608141765667,202.17078495643992,195.535194898933,0
44.740891621643875,9.266394603493591,309.92852038456493,189.30250160319122,1989.7085259945839,342.1361281621155,227.93116500197425,0
30.298384125926162,33.96925588157977,208.4955387178378,106.40872833833913,3810.3015644932043,298.1744503776256,126.98678065381752,0
20.604533487514104,48.959844490112204,273.7339737919555,254.8096098133019,4882.492666457441,208.92036164756368,72.35697266217683,0
32.441146946751935,5.927732549690231,246.69900786580143,104.3653107467932,4745.299247054254,310.0355154543453,74.97834403211334,0
15.962760884389791,17.066121547521682,285.48684483586175,320.3547860182131,729.3462341752014,367.8721515711397,206.57577053505983,0
10.192677710791587,44.51973136685185,49.22171072394453,100.21382595804984,3175.300661867953,490.32914126562633,427.2594035702205,0
29.19715825672138,27.591267104855763,74.40196767042751,256.932370204258,2795.469713651456,301.0775132911713,411.960713647228,0
8.23461713427127,41.351215228640676,325.4870440849047,281.57089249852413,4287.828459762049,76.85697668548391,335.7758728104296,0
25.27333345481231,36.753037728120624,201.70919578120072,249.71358560076442,3063.6772524986145,404.62720436313816,461.62905281409934,0
41.037099666280476,21.90643372099907,342.9910370130153,284.0235733097005,2152.027416148875,321.04010638027546,153.23522882436708,0
6.7925338564081645,34.50412879825468,177.31128552183023,272.5599558097088,2927.4727964661924,381.5311509618734,174.15407239438906,0
46.24829725007934,37.57975851395799,344.94977306530683,323.42711822984984,1840.6821149503237,134.55288251795344,66.00900327818121,0
13.737850522986443,17.49516209048324,342.4517856268532,44.43756456048351,2198.951167767569,186.82722317493057,332.00195575654004,0
29.06605820456747,5.456906249943099,140.35744939781196,69.74801938087505,2991.6892881044264,220.2240491831437,56.46824932677424,0
8.513615299914662,40.53121709990216,14.949263169691172,220.8515761081211,2948.9198683670006,120.31039605972587,116.4710401347484,0
11.46182542815156,40.61820606200272,265.50323983097746,170.69427766926705,3691.2189320956068,493.0469615007826,454.52386855167805,0
33.40619985645422,34.10369786541436,140.22101183001178,263.1909083751039,2406.1846336584663,461.6933526027445,415.6202717279416,0
35.463459167234454,47.60798680415115,154.1887962061931,66.45346345217509,663.5804570385202,52.822228028211235,12.2805158605504,0
25.649617449216535,11.769977218412745,320.2901898483588,115.0969695558089,2671.975956764787,372.0592880292829,409.54946900932987,0
17.500777084589366,30.505724053813324,280.6183458991487,212.27086384285835,1794.5032014576273,62.64960654789636,128.7502432836657,0
27.14706783722791,40.355934196981444,293.52842329707414,60.065874504039876,4235.263118811056,423.00290583472963,251.19914977926265,0
42.90140832495986,33.753817555022096,128.56999126009993,50.28883880103662,3704.5157174485084,275.0439588464931,432.8908992599335,0
29.86276826186855,38.157690262148215,355.1374296187117,77.47330484543672,3301.763160015745,356.15344226032215,456.6714200955484,0
12.352719078156762,30.897513814079247,27.212733510911985,46.7179030366372,4513.022352996355,242.03692691887153,127.02629445401342,0
46.361695319055336,7.962949436442086,71.76061412454247,293.0887295795239,4831.910639030669,39.87964479329015,384.13938635489495,0
36.61400047358525,29.433129695526006,347.07971987143196,337.84060018245975,4510.886259718389,145.3451265236228,139.12235969342,0
21.902473816065037,9.115158242699248,182.43953920918077,350.0943960656394,3491.40652530242,244.14179794464985,411.91076434328403,0
15.91055607342798,45.95738243270671,79.21768641222312,60.25861021395596,2367.4552994447313,150.9833596047465,397.07750817776144,0
5.027353033133713,15.405330325838442,186.40208416894683,188.28722093119163,4721.391959040222,6.009311627121983,188.89287440186413,0
15.804284095672578,21.273777058037947,117.061410352518,191.24084181216068,2109.103986568547,180.79135584471106,99.62726831938157,0
12.082269245271586,24.58730851202319,123.09401945886789,337.60833140030866,3580.398545887777,297.70928258880883,325.26813607242866,0
8.241739738653198,42.8853470925899,281.1883459101098,198.31638548789593,4388.790839230726,303.82709264468383,409.98612455472903,0
10.73348059221841,31.015514095518107,319.1241504432554,306.4797902948109,4901.619583783654,341.7684607403708,223.5773521471897,0
29.524793019750078,17.74932549745143,113.55060408719692,330.2105526472195,834.8754109382264,164.36309793933728,477.36560147140665,0
24.91336165939477,49.11292889716012,305.4901234716022,259.84559379142945,2350.178848134894,2.4993508588060376,63.87853657007475,0
40.41157938522536,44.65899367982687,236.65555076488104,222.49459646631487,784.9609226673447,221.1946611750472,483.5300474082918,0
8.921353452959409,30.41431172095089,132.37916526374997,162.58734223905088,2630.100788276947,434.8393355205264,261.2374549651755,0
43.67222507802998,36.34815904567566,301.5748312048762,95.7877391169999,698.3654314352389,106.72263117464908,151.53978340990577,0
31.042538300311218,29.63119145066689,287.6851027337815,258.62696716562147,2377.4187536749046,471.15818898992393,341.9413897275971,0
47.560272582622105,25.213783460176305,32.71091534222028,357.4225643914099,2299.963532870832,90.32700340350847,400.5384228752809,0
23.370793032872427,12.883975443363546,237.8295466402308,133.03338941410675,2668.1960227230265,264.02676166678935,185.92002630603372,0
19.862639394247804,35.077181254644145,156.4727548638627,167.05939581415853,2016.9026415358062,28.66581526311579,416.2741478921545,0
41.56269833016492,7.191693562470265,114.10872406040534,109.25455224369473,1599.1776239088972,372.0224448424585,252.30547905409162,0
40.80539611024021,48.202056271223846,157.51404353943104,106.53992876385195,4142.094528760347,355.7838846939975,382.90087844900506,0
5.802306413249597,33.3105196529934,301.3229262892069,11.275112093915393,1410.2578431737547,249.05144062812474,221.46356047665955,0
13.628313332095084,25.119083075247705,197.27721539300336,259.24546153294233,1439.11687947021,70.07575666444943,119.24990772223015,0
32.11116901091849,20.656341112274745,157.65688788628623,133.57990007990358,1559.213026869465,44.48958950870685,231.43240633315537,0
43.749177210009854,10.719293023636652,0.003661691440139947,229.9056376056193,1134.8659007309532,271.3619302245618,101.19627175637319,0
35.48826955219049,48.65718951975255,94.99923482692088,68.80760310244364,4620.03444075992,4.991780216929753,19.78280734069432,0
40.10158905339873,30.74994062102384,214.1451139365787,36.83985307434214,4320.41316846406,119.40589105532557,382.4744525353234,0
49.93483961663549,38.11691644550213,76.00429776420397,266.32064651896945,1339.9668309800213,427.99174657082165,216.6520354579341,0
27.755209169362093,29.607455100329418,8.974572767378245,36.46592866080314,4189.851882559577,53.81530514462779,340.16475329495313,0
26.544053081376976,43.65232252515256,205.7293098753133,191.28953249531764,2451.2885321906406,215.89826744208924,388.15876446397,0
27.744125526813267,6.419297643014534,124.99212262324941,190.127765300344,372.91571017750306,80.38992440242498,180.32854460060122,0
42.181662984995015,43.3982789945462,114.66430269017539,39.323890447405546,1726.4931698709834,200.4463026256023,249.64031609395803,0
19.854453439823942,40.463617341436525,259.07450707817435,185.08763430533108,4229.914351311322,3.026783927021881,174.82609889133977,0
11.892166057727136,21.302126359446824,90.47623584404518,77.95547876186598,3657.7038217432514,162.87762749037654,412.8109099594805,0
31.21162872688849,14.074533271197739,150.51485789297217,62.79260209917977,4801.344565424369,336.40012586182604,422.8634238811215,0
5.1012205338320635,22.45087432834529,219.86681878049671,104.5573313460845,4200.70240154074,235.6090378330397,138.66153980563334,0
14.844417668150117,12.736162283992165,85.25313385515688,264.39954079320364,2106.308639433008,419.18144248044155,293.9840153380733,0
27.394522689601295,21.025096935662464,22.4424171162769,164.54044288230222,125.66979876390012,444.65973566374777,496.46841363858124,0
19.040428837042743,13.229612624461764,30.647800176882008,135.72884677084562,4523.671731682052,79.43527033897374,120.88080393734091,0
29.754516595262345,43.11321932771856,280.7246591741527,83.03483915819785,403.0802553947285,44.043843922216716,46.010069474820114,0
40.7519327554617,24.593763354245944,107.98023327766056,358.01418284985914,2921.1615263979415,320.33873998193235,434.3268962667498,0
11.195374601265659,28.71095500425861,279.1727160724656,161.374713557907,1034.8013756168566,112.48693346448685,480.0013596866499,0
44.72789167822728,27.414327078271413,187.8719802491849,162.6797505772057,4190.661539032067,102.11498438750999,144.1699321130828,0
5.406806081653808,45.99385286912944,71.81752753375338,279.14360565778753,1568.5084554822886,169.16428043433706,232.36311335252995,0
17.518155425192163,23.279928827739877,180.45094170354045,257.7655730579266,2906.15121993878,158.8126573604407,353.73747926802105,0
48.75839468216986,10.132122942870541,220.35072951125156,259.97680879692217,491.8018952177718,284.651678609562,421.9896344384032,0
32.03498169137323,44.57034491155049,291.0619343838153,223.81082848992537,1866.3549802594284,47.345569664807854,163.02910726338393,0
34.85963655868268,19.737614574682723,164.38673923644922,350.06027646363646,2951.7225855500537,396.5596592294215,460.2923399053661,0
13.61114968400841,19.38520441294866,40.35199994975156,248.65907205384562,1736.965678491916,460.55241458115813,337.74325726791886,0
11.89104224870399,32.05906074058167,21.36577884562471,246.9934371106239,1236.4322990891524,169.50621597647464,270.6240242428865,0
43.31167886914122,18.876546763810786,10.560783264789784,294.643512948938,3451.0549126195456,134.34095397976614,153.36249119612822,0
15.50431910696647,16.2944843312888,96.7810757233931,174.15356652030678,2230.176973821002,342.7236290581788,54.2747468668115,0
5.007975541818123,26.37977038399959,285.30390531513154,193.53120668246981,542.1338590083035,387.58576321954126,8.798393377402014,0
40.09079838387529,43.046369908367694,147.04075505809595,127.75615284918673,4707.153718868151,58.108863478275765,172.62239257225792,0
5.968622160780651,16.150491824682746,124.42268797803571,215.5197024543136,4401.144501742187,260.39685425652414,288.2370682098359,0
20.724168540602307,44.2787675108983,344.7128020683389,37.459643036327265,3799.648926522817,278.4707575096121,379.46987802152586,0
23.694080814297166,27.977661661119043,207.7895871705963,346.1862376723409,2464.4934738868847,288.9091196770379,2.5078988528867696,0
14.714030106429883,5.951250288723542,120.69133460789877,178.61343031607555,759.9584057914087,74.30636309934225,207.75394492293347,0
16.24999801474855,5.954913515678957,81.73482497091454,278.934724793927,911.3669751517456,70.16149781136572,247.78603844145968,0
44.52416955242738,36.8831464225223,200.35799581004542,204.09048182727915,2354.732306701043,99.97231917217847,436.6715694844263,0
40.23129658535491,10.566468970585323,296.2385621323294,311.21306140088905,3596.5032149470126,160.90466466261515,237.85427715755458,0
29.453116359393753,32.34176064424538,110.14119256135643,259.14181895940874,4802.896101145417,473.5586102843356,485.0766035848342,0
32.02459736583606,42.65662638880042,190.50490189061398,343.70884278934517,4166.858527970126,228.9768272097769,148.99136946292703,0
22.96171586570629,34.5070441266373,214.3213216848177,161.17310146001944,1063.4242302907937,6.5453737573850646,342.658141300908,0
19.652547517888983,14.662353026756431,279.11946234851104,153.31777140400786,461.0958823382573,29.60965915800118,138.41309557369001,0
22.60962993115641,7.989549628494035,192.1638440055229,330.87295354467375,4225.969839122649,370.98837810590607,298.4496938067926,0
32.161983048535625,19.664858213363953,255.0192226051393,310.4647244592422,4134.767373323821,348.7268051046318,113.93605283793346,0
39.406971454091895,37.16718278939919,44.16999781664958,239.65631053726514,310.0971182565606,284.1994915144478,335.1395141888977,0
12.498497017184864,30.045103502773944,123.76555994583312,129.14344199773097,4763.877013105531,51.320084160231985,123.18536637680893,0
7.259463416121868,14.108237912055593,310.13035502293604,9.796587463422814,4730.350635176741,468.7945969863112,116.53924725422954,0
10.02823388024616,48.89827797053693,110.50264254890479,305.8763367552687,2642.4568990792172,187.73561947539335,344.1837570907764,0
12.255894656814348,33.69987940211345,246.25180967258243,128.0611633726239,619.3481186536028,348.8484035393989,238.39291596673095,0
29.890625207033974,45.30054169764512,325.46997116949404,296.3677190514423,3400.6985911289908,59.825997307790644,206.7270668742187,0
23.68791127708148,28.802329632450398,281.581299605827,232.512270552081,4182.389238001726,464.391148943022,353.22408225773813,0
14.862411820607216,8.903824961055568,228.87248744814931,137.2748700401207,651.4298898877179,471.90360654112095,167.6772176650904,0
18.80949147167724,40.86256066829631,215.04712854284367,131.03176478894278,4755.637522481209,71.34730577701303,264.49923966032736,0
32.83445769102984,37.327393415131034,120.30278412854481,231.8215838068312,2609.107544962435,485.39386963134706,5.377647131627972,0
42.05304861677683,27.348329868681482,273.5171293045821,291.21381923106617,2979.4018262140016,422.03287758361927,354.9610469170972,0
11.684810970334365,5.039097393676669,316.41040255961303,301.3876647874885,3581.543930863715,84.92594771063283,246.52284819802466,0
49.8718588879431,41.68082130620255,110.13857720996866,213.76068123786138,1711.7848651710572,263.8972160650114,328.4818594932495,0
19.956042805964444,36.4106843978235,106.70519235778055,354.6248440233095,1941.1411674760127,71.71822426875774,10.770703029826356,0
6.92039242751758,18.426347894708883,342.4902425957456,233.98688170527547,3522.176435935729,98.82871327006154,254.25601220651723,0
10.017529111200023,42.7688871163529,358.93113875611346,194.06344748701596,627.1053905930885,60.392669644350086,99.91282552152458,0
11.405750131684751,41.732264236039015,309.6725655346166,169.0592236200523,2605.5910060082365,304.9540505387652,5.452119459667837,0
28.893436543037296,30.48117625989982,187.2139258327111,95.48566748495124,4104.830340891098,319.69521339093023,347.98059156997545,0
39.363618175307785,31.232353239258043,68.75921794996725,359.98237921607597,3060.9472876005834,145.99437565740593,141.09596441882545,0
19.03484469081849,6.224831734114762,40.28092508700969,237.8961298575407,1516.6615663723824,141.3121316826177,234.69635701492285,0
6.008788453045711,43.12154382574246,190.16713344085196,283.3921275154708,3199.7397409312825,23.400034121630163,200.3263680366839,0
38.55134945520672,25.358078338924155,106.52454959881132,239.28761495396625,2261.038907008425,326.8437147749369,117.9870376110772,0
8.804805306257554,25.15675148555044,129.71739061004544,206.11879008592211,4764.577219821001,317.98381465995203,94.3866198429883,0
27.381896592557528,22.21553047104377,246.7005482140716,151.47102839191456,1367.805035810331,32.768393649242114,346.56128705909646,0
8.474141129290192,10.417967153751391,318.47596264863427,339.4810198429032,2100.667270460579,389.4404261503521,112.91656108895148,0
15.241212470034261,49.4626896737965,358.0300792241855,107.5124341368448,1697.0281798209032,106.43356410403126,83.12872954861771,0
31.56464941760535,12.386688526533323,233.08845681599755,66.87469159278766,2347.1978456793227,58.051685857194165,489.03580152660805,0
37.36704905633627,10.088055470856707,105.22297524072934,224.40680838682704,3598.3862930763235,78.24144498575004,250.87649123960693,0
33.309374759692616,43.7681880254042,221.3904455503673,334.9653483641478,4665.036977488279,87.90406488498093,80.99670725224273,0
38.92936450181436,25.48535028336436,77.03693043043782,66.18786769644612,350.37019990791237,406.70013189020045,133.41730110594884,0
29.33005851469727,13.826849274968833,340.6299776609787,54.21465482170411,2112.6317997106767,146.34286199055146,22.77033135453621,0
49.341596993681435,42.75506627302474,284.53823469367285,70.4229535289157,3452.7878092262636,406.16128609790167,255.4113407138071,0
37.80342911053182,12.682721456702915,353.4767175083974,343.52453490152084,3844.714802209781,301.84943605959586,160.4281620585066,0
28.28753914538672,38.53751919169025,17.21237866295464,234.17778515120818,4834.788111863408,383.98208688085845,478.26786912714147,0
5.492282421585903,37.17841142042147,206.36112205799938,350.4492849789952,3637.775985257281,370.3240742463191,351.83912675166846,0
43.79765922759534,23.178530009150116,306.9640326265203,202.94535036084145,1850.4616163989288,450.25532527608505,428.557710505672,0
33.247671197586065,5.510983552833362,30.860153328481722,172.6683477559853,2560.1191723775464,51.06351762015454,94.83264582669632,0
40.530769070042986,29.324392069524055,213.31372055634537,24.918714256577896,3884.524655201863,172.08345032998616,130.0051650390089,0
20.37847403447708,5.426803547461728,100.55668570428972,245.98741451209344,3541.9110922361974,473.8197439024863,154.344531579368,0
32.843970475344506,40.45857472661485,297.103090113796,142.24738371978003,2004.471784165904,468.46068534594474,20.569118131891216,0
47.176392586896974,46.81332537276191,41.83160124765117,256.5426493942403,2344.477977795334,180.47211489862363,448.426125582277,0
45.1431604394417,45.256425637229505,218.26737500185638,320.64341143141803,1943.4498868605992,239.59014429833925,146.74554812173446,0
28.397839425027843,39.462168370264585,75.91821234224973,221.0690675406045,3188.5015030550235,168.63041773424365,347.4806061982268,0
6.644617817807077,11.758659725114885,204.07912666609198,69.51487927395645,1020.8614819098034,386.12872979636825,208.6520492815193,0
13.602641978651796,31.901142990899306,205.36495298174515,262.38623837180717,181.6954181701262,444.5672390472924,92.43639284128702,0
47.60391913135131,43.218244848862376,88.91160066571598,197.27405273561624,253.24497640028346,200.8307238017708,383.35771042880907,0
42.99805636971438,41.27007693337237,356.81777755076564,241.8032848231747,4243.5812375511305,367.17417864958713,54.56386059287033,0
15.423340022819184,44.56039531421969,317.2994016713561,225.00669996347034,3162.610161671716,58.25107485873271,451.8003022930066,0
45.87066155351494,39.574970492349536,210.435486705525,111.28751293670943,2264.306280610218,436.8172075582906,253.18990135886094,0
41.88805510373472,27.496646127597444,317.9631743873808,72.73314095222376,363.54482421175055,410.5068710124914,121.88862269206923,0
44.80627007245216,25.061648353202425,10.42206919677712,340.65934479954024,2753.6392574968527,120.05131951639176,450.3387856145807,0
5.433176841461953,22.478707090215373,201.71423285708622,161.021066478409,3640.5944951586116,80.51398107883506,470.44048283282257,0
38.00646644003503,38.74981354506148,266.18299052607597,157.94808327775624,3483.8798529093892,432.05443968329826,360.4178018050883,0
47.491962270380064,35.1135693901375,21.81108209111435,315.70465954732504,4736.556576148951,151.98147147217628,481.78311619886847,0
39.94393677890165,20.93587969280813,218.07666483408548,351.4791274826316,3338.524618617712,182.02691385774062,239.7996922770562,0
38.065948496869645,25.306241579093154,92.04779315651612,201.98665446462957,4961.726082326228,30.29962088058291,102.59656484733142,0
28.22331417910895,39.33555634070559,203.75919367817383,348.55488290958147,909.0031675072707,320.83498395762996,130.69832035690965,0
16.83967215861493,48.593247905083864,240.27048667806932,349.51350438265337,1234.0030515992812,154.36296826431507,9.35089037426956,0
22.789234409470012,9.234435833080086,160.50872306546685,284.53229599981603,2002.5491257458452,497.787801868291,406.4604389754814,0
18.316368919351998,12.798328545443564,149.1112616630922,323.156264096955,1199.8611418637622,4.842819449350055,7.733770919550631,0
15.85330351831843,49.55840941371834,176.3212275267733,25.08373000111841,4105.66784599886,120.49817952255853,183.66197938261496,0
31.108069505761893,33.22589262241616,359.2640594659565,322.7064335591049,1732.4562649932004,283.2671248438666,154.4325941884514,0
5.490894904290479,26.37464633280666,144.3198296612079,51.16118027037718,4109.732661542241,146.91888305214178,188.83619802933597,0
12.705143969734811,29.72619581919777,267.4269996033813,324.157871748457,1794.346610386692,294.43143384179723,136.10203701554207,0
42.843227207845594,41.82396824514202,332.35591768239794,211.95159890515978,4611.7021983842515,22.81092933697354,356.7892288387322,0
33.10108743180494,25.24084416704931,163.25716417665055,308.8669381798568,2483.867884547404,87.31474847387105,236.20208867066327,0
15.534040249240466,46.4366654476576,344.1446476632253,203.4913878698162,2855.669477476672,79.62905249274016,452.58196254170457,0
14.115168069523305,13.812682110225692,263.2375184189543,350.5557791089654,4590.130446522589,286.82112954429414,75.43693976023764,0
12.753295843615433,27.850766480608574,83.69970751564752,81.3880255706935,4868.095972334786,265.5578066988066,392.43781382444547,0
26.71600812336162,35.19683616276676,36.793399966257866,252.11050825516193,161.6612943665419,451.0687000673539,98.44231954793192,0
35.31809392406288,46.87137791390427,144.28047100868457,27.330055563128006,2412.6247423697705,471.32526623337924,266.083425157955,0
38.194640126455525,29.748530404278917,122.30033965725225,168.091817797775,1120.524631517705,184.22628643784077,19.959448442856964,0
16.209645755137295,21.205676914174056,342.0582284466645,274.3936816548988,1481.2954179777755,116.89096732096688,356.96222358282824,0
12.606642622889101,28.193517055696503,64.8821903179641,318.4143541934537,619.4386185785903,290.5149360444195,4.7169743479200665,0
22.21552853493193,9.801123421778314,222.44403821358046,78.3748015010033,3699.662876883215,264.3313170560505,99.92857740702638,0
46.208267718885786,23.081184364186928,197.23257325938718,206.05965300317803,1981.5272223243542,324.3537282424314,437.25248228569126,0
13.984937417497475,13.993734569794988,30.144439431301144,230.79210699297082,3468.256183702464,220.07037944139125,497.71939407979,0
11.622413631439006,30.188502298914706,112.21585440091431,23.70988847580737,871.2218711835967,368.5462305471306,18.80033100922418,0
7.7447704194424825,34.37063497434255,17.89228965580373,137.89119527396267,1779.1083210092788,474.20756133168305,450.6858999549015,0
19.762925390167005,33.15306099174306,324.47259376372483,146.09321024156233,4513.126470596648,349.0091306252772,335.4977886652338,0
13.958616048807869,37.0425009716057,330.4209421936509,312.9183734578219,3007.622009110244,442.51824697769524,240.41289043752394,0
30.88659524440023,38.37170544335405,44.56399087514059,320.24026005472933,1787.0341899250525,105.50426313756006,207.54751763834534,0
45.66568204881947,30.885230686294594,225.30326312939633,182.7446887922659,4072.5545555737126,249.0166327329545,313.25880651980475,0
41.46335642213033,37.01705839904064,21.48010544820576,278.15014892296296,2966.1933408697973,105.41357783696742,332.09778159579173,0
25.818690325964297,45.13104046660988,82.49440412296188,290.3260396912919,1592.7396007929951,12.728397074994625,308.3886746892196,0
12.472778012268819,12.100540123735367,294.43195428564803,64.95336934296184,3067.052247682029,132.0720628231859,234.98015601770362,0
15.555963387000782,34.62154913068367,148.33543068164028,35.05911145486348,1820.5578844787863,323.10340876412295,487.03850270415353,0
18.433942508573367,44.70914280818637,64.04805826004971,86.7288885725233,2764.1796654365826,372.0085119855113,350.8233473225093,0
27.179179868264168,25.034232669190555,318.315164260758,192.6707964722467,1281.9364832506933,326.5933540641481,357.9262978306479,0
37.500954070613496,23.5332317985682,59.57092815601761,104.3405135153706,1486.2382031277048,495.59226463368,400.78150489614916,0
42.19010443089048,17.032464317421354,147.78136801453545,140.4481218134019,4870.935967133625,384.38526957999227,233.15036275478894,0
42.53280600265825,9.638483612605945,236.61070112658388,193.01570027590108,1429.5694452910052,264.8973775761236,231.17381537461995,0
28.19065523552154,11.639118606435261,231.11028428978005,142.93381542628526,4153.982547886147,18.993199640962132,347.18976537333134,0
40.82237005252688,17.34775880982733,81.72338657433991,24.992236124056927,1965.7106818312159,232.32224539396623,144.67787663924648,0
11.778213756331276,6.477940089407024,8.200238086994162,73.88651109937149,2177.24108612676,213.5497848248748,222.3003725143246,0
31.45826773272577,37.1301730220203,102.44729853076912,311.14870271164676,1999.0688517985884,17.977023617970765,448.64666294976035,0
23.380885356510902,17.42972855878088,263.22656781769655,150.6858334611298,3419.1852024419386,109.30731324006454,251.93729794874864,0
17.351296674243695,5.284707260294387,88.36382086563533,37.58360886516542,315.9650587707027,287.84394766156913,36.58598634335475,0
15.378120882888503,43.74252186979703,197.08023352993385,0.7195903596226616,4571.088278461832,170.98118465275851,168.1342407037671,0
29.228217113120937,15.342934397267207,105.00729735897704,346.4442100339617,4344.342302997438,34.919097939454915,213.09112180393424,0
27.414441405293083,12.238402778731073,160.36245829208434,299.58646753906936,1694.6424537488456,477.54232578783666,113.03113915965746,0
7.070670999256215,41.12748615460826,106.53005159401512,245.76511474621,1374.9772873270654,126.62095424677145,43.85032380816084,0
25.38661608070074,25.07072970179309,67.47442355440074,36.91719935572361,3431.081954201246,399.82671781932373,157.57739184630893,0
32.37685433391509,38.98495766037167,148.01602776883948,159.77713354112916,2402.911685877096,51.503891241347134,408.559252521713,0
31.005358907390253,22.209271831239114,87.73744335464431,69.7836960851345,3468.4635054363034,129.56141285493754,212.60877528248702,0
47.63198056949868,22.93801368694085,336.73527270778743,136.99650498459334,1770.0025787075201,468.13887823175185,95.00738564025701,0
8.375421129861046,24.36621735475972,356.26569906262864,259.6067587475146,3277.551921856184,184.27888691785122,212.87351419794453,0
18.73221123912625,27.179157341369798,38.87807637854779,337.73652970508005,3675.2373823668204,84.31465254947929,59.7234731466823,0
8.34511704310343,14.448175647129691,216.5276117176587,279.67244888419594,4816.253588705451,214.05145363129674,412.84697520999515,0
36.20267635018001,31.125502700688408,306.02136730150147,77.7652579076463,100.45031238261285,455.5701350322191,294.78045411150526,0
35.29859629248362,11.60509729928468,207.06406265696097,256.97334264135725,4407.5202080994495,387.6287998494609,197.42189420932388,0
6.714055725658211,25.68965297209641,194.39495520750847,97.84260987749536,296.6359727865986,458.4736413718007,457.0543662875711,0
28.015727239867264,7.907459797808927,130.2068686058037,284.88413653553437,4196.932255262174,2.456656829394166,399.5801661945906,0
30.598929396610117,14.151775855407344,26.360793131312732,70.95936766045955,3980.7883258443358,403.7565988879525,111.47691846744901,0
48.09823189389496,31.718802131301032,29.051542983163344,92.92802701254524,4336.0906327607245,317.4529219498883,273.8084770301463,0
7.462748224495479,9.426741282076765,75.90385244273001,187.75972994182268,553.5180329559233,352.932566915599,255.27422100313342,0
22.296349154461993,12.54492484543754,300.54328426491713,73.65915231220183,4726.098975906978,61.49797584909311,20.238466059580073,0
6.460730922237532,29.599343902747556,277.1833373055587,166.3694558117684,1978.3689510313714,143.71635062252182,263.80768398874864,0
9.17330355424505,7.760037148488971,141.34338824392395,116.02926965823559,4691.748384133661,349.19461736658974,335.9730861772224,0
19.80939603836795,34.103985005222654,355.0847922319353,103.35314293462832,1208.121451813257,400.4247811531986,21.556517339897606,0
24.968113695793697,35.4742298335284,268.1333045233905,222.3436495105723,3182.0516442153857,298.84363893235485,441.8194316628413,0
38.861050871311704,5.639775791390218,357.97314589922155,67.49111129540051,3870.4132863286677,102.59321532942073,375.9946421913452,0
49.257578868150546,12.868478305776502,246.42161156576057,276.3923277129867,1243.6192558624791,411.92979948918224,356.0494110852522,0
23.102731081921807,44.27076382433555,151.95084052508003,328.39549012240946,1185.4420463510237,3.9756809060103593,471.06863392950805,0
23.528857375309627,27.75502841513496,238.91599642151368,51.53363085460363,391.17036555141516,298.7917080443265,29.948328234438048,0
25.10230454121586,40.054667110905264,322.108899083126,231.58375268413542,3896.350901584016,157.77554704545722,133.77851464907238,0
25.762697733135717,31.01505577469222,72.63783040413325,345.6465196341167,2102.6264763488425,334.83222844761565,216.52558776412044,0
7.272016332800838,16.19719387175254,282.14731701766755,70.83421217647917,2657.409072949395,374.7856556700017,298.4364796123237,0
25.932054051812717,27.2516818801717,279.23652575188277,109.1854342261772,3953.9445093285567,362.5005434501265,9.006679077500523,0
30.604788065476978,33.33277633526082,41.204906056183916,43.95454695682925,3530.9813110190016,221.76764826508065,175.32144010735183,0
8.715141549436764,26.579787381741053,327.73886715189104,26.564631431784626,2520.727438511046,396.19187813187585,111.78341805080028,0
26.9683109744025,23.973439996100904,315.742169959467,102.93563894952162,3927.972964053876,320.49530341677786,79.04363010851168,0
30.753891911109058,28.67986192623738,265.5940173441302,247.44765608402147,823.7297705329557,409.7220638789687,470.9398184966529,0
27.649555929431955,29.668104005517417,323.1034971814204,266.98108688302483,1144.6353942502124,432.7872636654827,273.38062676968485,0
32.01628280486334,32.14213804297398,261.70964871443306,103.25649248503346,4545.187904971273,262.34204644654574,336.20935037915444,0
12.81122826893117,32.1697482147496,321.7989775824296,158.54619699450345,3613.7543470284872,253.52189515054806,48.394606657003955,0
26.675663160038173,10.097780777935958,75.33410379096331,47.01549176148982,3031.1684231247064,221.3747460531464,274.0860265317614,0
18.34668598377734,22.592556907507685,138.3641766524313,81.01706291827354,1796.6236302143961,93.99830404641175,251.0461722591722,0
10.53955978607095,34.985935681408534,308.49685392622786,157.48444460510498,2397.4692214562515,429.922651620169,52.0214353484394,0
35.36644937205425,41.17661033157333,231.01570926648102,35.00331973600085,3229.2639702352017,99.64812395546407,454.90368152809305,0
8.991223689520869,29.69221919223262,146.9458559812586,173.4965336899402,4481.040842021245,54.71464537155657,135.42059034556263,0
21.572420398713135,42.57250871222551,321.5966559589716,64.04879060858217,4060.7712518039552,107.48538886386727,292.3694273377199,0
34.716104831996745,5.181297409700479,211.64400278080174,260.5675459749369,4932.356397367828,422.1699192401306,335.89963560440475,0
10.07180948353435,38.47520370306994,32.989438944911626,248.4300847775292,2403.7160442985405,6.595918823420144,417.7768991315625,0
41.0073235323954,29.631592812326588,51.76902858913244,188.48522780296884,4523.147950259727,312.2338209501603,12.596961580599697,0
6.951869340027347,20.188138812344757,169.09452200957878,351.2322640968361,996.892694962441,72.10998168130367,321.21318938619316,0
40.779468309856476,37.50611551205972,67.15877878900089,192.31139026991187,2273.54892423839,411.46994219756,442.1064061227271,0
27.047539976670816,29.889425115945908,223.80928597404687,67.38473607508361,4600.123957529845,135.11886105627852,274.84298373305677,0
7.83336496173829,37.55284023654947,278.10638243332176,153.33774771199862,912.9177882365288,66.62305353229809,336.85414571355653,0
42.428155860619356,16.486738902485325,179.16881266908047,261.9358042234111,3489.0536897349302,437.4876010505912,360.99942552865605,0
8.852543915860366,17.750897782562056,325.61282121981156,189.5748785933736,1163.065918861746,278.20948993721487,338.75772341885016,0
32.57813606864566,34.19890306260308,155.32428375271303,56.401206202429,516.2198681549726,89.37360185472303,20.264034407798892,0
20.599605397613928,36.30158469812382,3.568300178839019,145.96968187485075,1054.6882611960064,443.3463064798062,444.6105238203157,0
49.5076172224733,19.720213777865546,257.8906778314302,82.05795411157902,3187.7083548239616,335.9832725680465,108.31005219341338,0
42.015556112236865,24.230293171375987,224.16274511248915,252.1633137120225,1124.201417059249,497.80350883472573,226.80140653325725,0
14.067540438397101,47.53228085706244,346.9780675993479,24.035555691332412,3884.7334875102583,324.47596435378756,202.9919840083106,0
9.725743759870817,49.30230863015342,324.8166880583489,135.59854101823916,4018.3445951427593,434.5840735550967,158.19584019557226,0
28.589243818540968,15.673890031529623,346.91281350302853,282.7449105710604,4432.061568674771,267.49946088815966,49.01967937493962,0
47.76157094928359,34.411829025973496,145.68451654572522,73.85982680630867,1364.8996218735304,413.9437652712922,109.65702090377721,0
9.803701181603437,42.56026182900698,295.7839543134227,133.08473362929215,258.0193351701116,475.14449968933195,98.12490057783279,0
8.922116653447686,17.88671202562755,126.21258688920766,229.11238654757835,2312.164274651511,106.37440217541771,485.11635729947204,0
36.921157665594045,44.77866979881659,112.09444697246494,322.7707350565712,3700.686643199066,241.4138665704037,346.6868748747301,0
46.158194405496744,5.907487025997512,43.237836231751245,129.40749502537787,3067.8007589205904,143.8821550494853,452.6738866976376,0
13.786326786904562,28.5805523850311,68.55760443632084,291.29530726569243,4111.559417375598,174.56013291855066,278.5765122575531,0
29.31763054903508,36.88426556420569,238.49142978305133,326.9134764755058,1573.6791974442376,165.19143879710896,200.71141542140995,0
41.9781085538867,10.902029344428733,105.34543314533241,265.9228028778589,2149.0541590876014,445.7162565030402,174.3630263243145,0
43.12060463299285,30.5554120112646,307.8837517252116,28.211288324667663,3118.346476575584,305.2196970398451,189.10469035960665,0
35.466463018206774,46.938355163144976,49.31219839954111,334.14394252057696,1302.4225746781442,12.785703497207034,360.7712295518907,0
25.07621657755691,21.150762417912375,50.347413914037425,340.738235568492,3696.0354747798997,463.79930177954054,492.9567971810764,0
46.525449042628445,19.656177585927928,79.33880929575231,37.29213191955538,2100.2486102535267,271.03914100987225,42.400178618914595,0
11.084915535911398,12.079212949875567,158.2280480438482,340.0021714930697,3137.721352021528,425.7554762436338,404.36848302882106,0
18.39562462884455,48.37752659045947,271.84104513287065,143.38319275332927,897.7444284698563,355.15394427291113,456.4953421451367,0
37.57241669618326,48.05556157523718,159.73910421867345,216.61409145915096,4913.0793593753715,359.04074604032047,266.76056406944866,0
46.555982921154495,9.49393628590332,352.55195578478845,46.382142480404774,4157.391809623721,160.82637323924814,30.804781932498138,0
39.040281218712295,42.39475775078503,235.89224620057334,139.41530992933494,1522.4121336549947,234.50750320426351,150.79488218776532,0
45.59946308230054,7.0603738636346325,29.69390096551068,62.706313978793375,3433.794559482508,15.147859345604031,366.96496241281193,0
13.708218124232545,21.37799679366003,151.95395058122756,356.3871549835009,3368.4820345189605,162.12822314410303,158.12351254584644,0
12.119061030253201,38.136429996794575,119.23721246034529,134.97519747859232,1147.2399767051324,340.397757397681,362.20664522926614,0
46.339241973498055,43.56408417378949,11.139140812435585,125.91127626537958,4285.183088620504,127.99986731941488,345.92762014425887,0
33.67993178114038,47.45348498403215,216.3358183037566,340.1919282424536,653.3831304247618,204.3593226820069,487.4681068183829,0
22.095501036181357,22.340065541590807,4.1472393966258725,176.37254940214868,1934.0980917232755,89.80088683530273,4.938816308328153,0
11.68303663210615,38.481818002114764,348.94486389727825,7.66887010204357,3917.9982541346153,459.25775088817755,343.8500775436791,0
14.208891884005247,22.030874219224962,308.5368637812809,157.67912162829842,907.6641831527235,366.46186160191877,110.01584146678128,0
5.478181510640551,27.664197700331982,1.9550615061882004,56.596562936771825,4177.531326836753,267.17009985008883,452.3346394428331,0
38.18290444391124,34.36054040687862,242.47119785485887,16.79216424800569,2735.6245143519513,31.815216732285933,58.60321858602374,0
41.686148539963604,7.912701330048498,134.1440850573494,153.65196515569946,3157.170269860228,339.891699567962,380.0004030532984,0
32.2463386081683,5.609050557469678,282.3971046094497,68.64675777148692,4420.59162600692,196.90702483983645,228.18459094336384,0
35.82766494327288,41.41724753176611,337.6632713041316,50.40759047417165,3888.170232693537,456.8160804421153,68.78438709533968,0
14.529195606756874,16.28392072454217,120.45629268207446,66.58687192398638,4032.0974726134564,104.21213221197922,210.22386961795343,0
47.08175289933294,32.372361728107094,187.95901745876859,56.29106350688638,2759.7361792294364,491.6363484112091,366.57059991094866,0
43.65305277074564,19.3788812326376,315.42288302781014,183.86231945378134,470.54427473717135,80.6416359632548,134.85857981056577,0
15.78099047230032,15.760594789178628,155.9090448809003,212.93939824132957,797.9010827983606,304.96806110645167,420.1530375114374,0
34.132542407769265,10.762210321759042,258.59952882473556,296.4971187974651,1380.0383932823074,344.1455618766769,447.11760890987466,0
8.462827088936997,9.827159866017162,288.02268014592585,274.77354533041654,4401.422580808023,29.259654103432233,56.169404720955605,0
26.11925927630843,38.47012256554651,319.9058821481615,93.5162933831826,830.8752719899089,199.45556499580763,12.026555259837423,0
21.553988468941327,49.994694333088624,284.0669491712094,317.49952810298595,1666.8357653900744,460.57162208098754,162.87525680661298,0
20.609491981967608,10.437424373588243,356.8505403938229,85.14631640865649,1680.8467688865617,96.62557698854025,457.50818250023315,0
41.244426232343336,27.837300059327415,106.51016001888426,264.1079815641104,3667.2629204485293,315.7533689507606,375.28415945429833,0
27.576098069950675,7.999864678005624,77.86200973653392,115.41547257406927,278.59388288967034,264.7711685544471,381.6643106228206,0
25.757941445634025,22.65072725706473,147.66171023006027,319.676888684251,121.04556081168506,247.61290588547902,127.60664600413513,0
49.820264685808716,33.23291752051445,132.18638239704683,196.74058288487393,4123.143902140262,470.39678958478805,49.34471879855512,0
34.07944036079125,16.243069723112974,60.82278444132196,317.1682688541652,1689.8124113465597,47.38326640016138,132.06459770168323,0
14.18420974060342,33.07410432958496,352.69249609385633,34.42672779672524,4422.3534765279965,431.3060716043282,60.12410800342499,0
26.14626201256149,31.352116035338092,352.8691244833478,338.5748928328261,4997.202851449662,290.652980486257,109.7327558783246,0
47.553871704110875,41.54876775299132,5.623924364267956,163.62763865706538,906.8558860749729,464.55965179079107,158.6556126957011,0
25.802935069313126,41.609312413791606,227.1851475171079,332.33658604905116,1182.3910602298986,119.12210711655085,472.5916358760907,0
10.84247177596706,9.550811031663834,278.38368133135475,254.84250572558574,2843.7007524556907,41.46522558810717,187.19636068842004,0
8.014505589829579,9.6708624950978,334.9260754180528,103.37719207020989,4316.906851217333,398.8612449883714,194.5360997772001,0
14.68505952559894,16.77462584813928,116.37526646790099,51.58474940487956,4001.5575608395066,404.1244561506013,61.79958133973129,0
25.683767970075863,34.30586695138744,21.945339132047724,83.13888046008621,2560.595544114948,250.3112204764391,43.42830823183219,0
6.801904851536806,17.052702509551604,212.68776007313187,1.9613374266832517,2614.267660064878,488.64111255076045,397.0871350610327,0
12.403255142665342,25.1485387688715,232.09068847758826,324.1687285317317,1205.767537949624,47.0147357247519,229.621724099325,0
36.298663049546185,36.371282803223906,280.5333849088698,149.66579873562887,3596.8576760747287,143.65295741502416,352.87455316876543,0
36.70472436877222,47.6373373634311,120.56273433495315,218.03243585617162,2838.564750002114,0.1533494761165044,491.78607953560464,0
5.356156354109993,10.370425771101159,74.83873258332076,123.99451897406979,1956.9664389033526,416.1537359573496,40.157022528967026,0
46.224688202434066,13.310001670906027,31.026568242889763,350.2460741736277,741.201602440411,53.059971455237495,241.28381005250037,0
43.46336842719696,37.01971994733124,89.30579195174978,133.888256385722,4583.397092652342,398.09593242108934,348.91251829562935,0
30.00940035203518,32.189382168932454,343.5676556642729,18.009541293800098,1032.5927282750167,144.94373482518742,364.8312601895122,0
35.424289830447584,27.571161519658972,96.02232877455015,93.66435182446547,4483.225773825335,322.1850125279747,240.96847918003573,0
8.136998710704496,14.970649018943536,112.30785348690632,148.09474264305084,2287.6840881737726,82.57973603298696,19.691773877096253,0
23.08304115784732,34.939506851895416,153.08335561753793,326.8444186754003,4557.572598855434,12.69426947648611,40.457662837923735,0
9.05775253312299,5.152286799262985,38.809761337247856,200.89831070397423,3464.0033898510264,253.97286697722882,483.22304582662497,0
33.01211200044537,14.191130897903268,255.3027663544344,6.053404144411663,2521.6727313742963,56.05892274673996,310.3423557625192,0
48.75477766171181,48.30520753574845,236.29101302064498,72.9518377536087,3570.711488394715,456.21979960463125,310.41346120357736,0
30.645327950953025,40.77455339556431,271.0638701595669,248.03985048775547,1826.1532466238077,271.8955184607335,353.25377280059837,0
19.93650271265458,20.563506574098568,121.79300198597383,29.893425005361095,4785.331680357424,202.13517538710929,339.3171833530997,0
20.69665200515812,20.13092272199311,272.8199502688906,261.1498815212141,1581.934003251857,444.4176655539563,334.45864007357983,0
38.84749386033764,38.10689385655815,133.54308702024878,192.1249608441873,2089.640542203205,448.14805705762444,412.1620723645077,0
15.342053386919382,6.425754205730247,279.47855294326143,345.3488551991704,2728.8528190865345,236.46993463772188,348.2116835876457,0
29.78535146115867,29.398710330459558,263.0551071909892,98.60730722954887,3313.0028675340463,176.72462598833266,24.947988726013392,0
44.95718918454236,14.30450557158277,209.6895427055817,100.33864863721136,1894.476138249155,328.5418844666954,344.63934906542573,0
46.26827059562003,29.465565557112456,74.96670776579955,355.7355606669767,4335.372604170619,296.6174288806672,30.956648854269297,0
42.34860187486145,15.828204669948388,103.78661112064292,238.03322036341697,3690.5034671269577,358.99255813568055,407.1254675419495,0
17.09881029693888,8.487472236272918,318.7194607810731,161.4153557495242,2447.207244434827,57.15366855762532,470.06366294987555,0
25.287241852014684,19.38632991678617,58.32978677445006,351.8736369613728,773.7899986610137,309.31507641666406,458.5955016096718,0
40.33794676009348,30.29337744498883,138.89269168133896,189.756374630388,3840.8263587046845,223.84068641439742,279.57221208651293,0
41.433951935786475,34.155559041774566,291.288037275236,265.01087915448903,1072.4786850921346,164.2025127683797,218.57679519278344,0
14.865872329713723,12.474178105698932,295.28551188650533,204.62614811680191,4296.7953648996245,82.78021002753371,247.6098274079543,0
12.934027580531263,5.883304862603397,161.96889134725174,203.09863709521306,3771.4707437823704,232.5788481350221,6.158611002349101,0
7.394134237556441,20.379545172495458,141.84173540128938,166.54841485503908,1842.1495048486292,476.80405265159914,51.89793183301417,0
48.85793179961711,24.427810459149068,321.5913874708304,351.0269147263166,322.78838001355234,221.6335070715311,369.3341597144558,0
27.384792770477368,5.926487887996959,134.84493299191558,86.85025423831907,3049.1882780522606,153.59319339509275,399.90602755120466,0
39.3339048107123,48.0093504863407,115.72089602291305,92.1829409899063,4229.599243699819,311.64552263038973,184.81526318567072,0
11.339976366609259,12.530286651036388,325.2895652487758,202.3411230707039,491.1849069804866,452.0361481160412,171.76386869384902,0
32.81144036534381,48.707852567984226,269.57580041912564,307.782290505041,3841.3595452287327,414.91309251028224,158.2657060184765,0
37.1442083977208,48.15649741076078,351.46319679390626,337.69592331895024,3135.6677539009775,75.16589667713951,143.89722409321448,0
17.91631923113281,30.496522651077527,156.90891290637097,345.60257860536314,1957.188491020063,382.28767864058517,410.3520810891946,0
12.962416891397542,14.973853901627145,60.50114882565683,324.3598211479745,1733.9918246885177,25.672800489228152,273.7631618754959,0
26.04798378984708,6.269249739104591,301.4238584112519,218.4568416703883,3272.9777194693984,8.083369999234314,398.78760117680054,0
10.849729772293628,49.290047539110645,331.64016454025585,77.22567873105068,346.2330129766793,168.57555943519387,139.25069373261422,0
24.65660804085973,12.169403227415495,232.37019882467928,302.2788356000089,3503.7885877231884,60.66669894712051,195.8615999029243,0
12.127900988157734,31.873149953698704,124.82634911249421,350.18800588123503,3645.57054552292,59.94322747304387,155.68892435149107,0
32.84602749747869,37.09619943261224,256.91046407709047,326.6611141098915,3306.8238424092965,189.2090843567244,314.13925571332396,0
25.733778298661683,22.805210964947335,342.6451128239985,205.38854981126042,4938.742110273171,166.31466705139303,197.99549731553535,0
38.20521265776998,49.480535686819735,111.0636447620148,314.00266188036176,302.0802780685794,410.60087005841825,428.4594755663509,0
47.38235894129484,26.706361425104554,54.62510399499948,327.35776039801254,908.7772921668143,365.2807446433315,281.9062156971283,0
42.79582795133973,26.20465849436734,57.404698263910056,102.73623799085381,2950.6921675127924,25.09825903108015,404.1566283558278,0
48.535707971991684,44.42218010723016,110.7221405037977,19.801273487921293,2390.4353746060237,18.03536291599883,461.9655378961354,0
19.962119451899714,31.386495316993944,85.82669060299759,79.16237985708608,2721.1339837491455,257.91484410750456,254.7584263762789,0
9.369474230615127,17.750777471296423,9.286135121956507,108.30551209589171,770.9078694974606,420.2865911231346,27.753057746085773,0
43.408236565183124,39.30062394711054,190.44646441441125,261.1166332757102,1189.7819923057543,327.7470239239825,282.55613282862817,0
33.88996029848285,43.282320019019515,61.581243600040494,95.57375870276827,3695.96724453449,82.24912743166146,25.705624338414836,0
14.43591983691141,23.367488073093142,339.29520649593877,101.81879946613319,2214.3963499323327,457.59762355096416,175.11927310011183,0
15.506861011786764,49.26949828159152,197.87022281033734,163.5484965819634,1799.084786376077,233.35126305401693,437.23898407530777,0
25.682400505048932,31.096891578180117,340.7011537024309,35.11038461398773,4502.183639170721,352.27504347174886,210.68739745851266,0
13.829770800270518,40.439010581803565,345.4263567129832,117.2607470685856,4457.828908923915,241.12237115778834,259.0408822936019,0
12.486505706150108,45.211862729489596,181.82889889147924,53.50962795157517,2448.6486557243225,16.92904819511165,449.2049061243207,0
43.353751822210526,26.637189275894958,233.75325530233263,56.17118643745304,2611.6178936127826,91.67596018885988,378.46075963726395,0
5.15524221180398,43.559476729165226,52.32958398339865,235.23939072063902,4185.403019925903,76.71443809010425,116.31303996745274,0
29.480544177265404,11.553714299491375,191.20394519033914,280.3787930368608,294.8249953075792,233.4819752664173,422.7793219772281,0
46.746144616207566,22.01295039446072,249.155156947197,42.03567055040564,1407.2883581690612,236.41351892252783,12.204110734169326,0
23.98844614224126,29.01078400697713,248.93104771792096,93.30433764874083,707.0857411430079,124.45832818529951,36.77592094808085,0
29.926783911378212,28.9060002814025,235.98124506036646,135.9380647987251,2402.71749171194,495.06037541992293,456.56308010792486,0
27.94907357001859,14.12253209179075,26.830101332868725,215.1534072258922,1879.6030533907635,402.68133626238614,311.08018739652914,0
27.706962674548393,24.748913282507097,89.87815471666588,70.49221572893238,770.7389930867384,419.5704094076277,457.40934298303813,0
42.07210181265847,37.929379494609385,165.6751927037224,329.69289526312997,4417.696208214643,333.2066002090335,420.66916247510596,0
33.77835987412756,41.90502372901933,200.8571582380539,41.72544055106955,2139.613720380473,329.93116043880127,444.2167517630608,0
11.72921114772262,19.291559860066826,140.86111116625028,209.0343147903715,4006.9322255452184,449.3170669941188,320.4646663690922,0
20.222556102831426,31.272730551206386,303.31459377195694,316.72284422638796,1954.4459775457615,426.8013303184041,390.55494784050273,0
32.08945252572547,35.769797250270585,159.62854825984627,261.46847654902825,3107.0404659277615,494.1017244496967,203.84233487326452,0
33.66122493611031,15.759997558904152,249.15756150852937,346.9532804481772,1990.8451127646028,156.08413764579666,444.8305786839343,0
39.73467888917629,15.093267045375807,160.32189915476854,42.00448917518164,4585.86522572126,78.10895211900126,318.2666189316771,0
19.966676106452308,47.936414136681954,301.37060118419,263.07375423768923,136.85770608825987,215.64926655826727,495.6317845428376,0
28.667384687758233,33.21482416559059,76.04048479671269,20.102837333742222,2772.2484839294243,124.70762750248693,384.6902537371118,0
42.2453277781936,21.792900678517928,336.7264881050594,88.36460107649584,1919.4198498860003,407.5632028319343,230.4474822081085,0
45.000315652273265,45.21329123821642,75.3004781822385,125.25249256918916,201.41923688522064,440.36576883907276,193.8212245340958,0
45.61705291567032,9.9216666766247,346.27516308698375,229.95258272531348,1267.3361265884514,50.886207026829,56.73259862461316,0
43.922407652611405,31.489550420627793,163.0831862551649,342.7664738403162,2097.7340892730576,268.91364454645895,487.85407340014757,0
29.22997586641487,41.29676289425056,5.684281573294787,137.26202498631585,3055.580315969504,266.8613163696063,146.72950313210504,0
24.898650356121113,49.940976004741884,87.44340855166449,206.27395341225076,3553.4946662458883,149.5008559197375,83.41617646864063,0
23.42346997046541,31.211457480779,168.26807486110698,6.567701395389105,3146.243683674326,153.32210948547993,354.64183268895124,0
29.40047072929039,19.239628415670516,177.22446649545515,71.41699580334446,2316.3221612093807,62.31614091584847,178.71312546844248,0
12.893480693964953,12.350686736785923,359.8512785810154,295.72832685756435,250.3515196611501,346.2668551698911,265.2013894141184,0
7.760415569631138,48.072713337223234,21.23597499091523,6.549486536574567,1660.0737554084837,70.34649255939118,74.83635829673257,0
25.537235610503956,38.93154338435074,204.47787419327776,317.0981489815948,2072.7916842526697,44.35364382528406,128.9818182880917,0
9.727106917527493,24.454512329230845,321.59372366657044,332.5463145869629,941.9319346597927,30.26909962793689,174.44237999282774,0
18.406360720659315,40.25438402663206,229.69712624330552,165.94017706100146,2602.2362091240575,283.0312509612347,246.63705247750644,0
38.72745918639318,22.020297546263894,227.89276262616946,57.41711289208106,1793.7184017278748,344.072206804141,190.74774026672065,0
29.741432693974595,23.184987652193268,261.6674072594924,117.01940652694798,676.5212073162214,172.83558617976692,193.61052165919423,0
7.059729607462306,47.01294360233359,210.32512819200988,92.47745236961724,784.6399228777316,129.46563966875573,63.872612256708706,0
6.976890429533477,46.37847305200298,346.086595751828,117.34290541144125,3735.262733229028,285.5883024787873,71.4978611538194,0
35.6420018339403,39.05390898693929,125.56849564802451,216.55321644941293,2847.813548942132,498.2998969439623,355.19987111164465,0
15.296420603704375,7.026280491354297,287.6834980758214,343.13938283162463,2984.1852853876653,465.21775493390885,438.07398859857943,0
12.398579118878626,19.25244903512673,60.58264963984001,233.0594531206861,954.2639454331095,455.5628320846871,381.8280046989052,0
19.983207797471017,30.588980101996032,225.64907926260102,205.17391152231502,2270.0863440623266,36.88824134181262,180.17754752663268,0
42.91954814552977,10.567986626519694,189.531241470341,18.780259386227108,1391.3896514603584,116.70915439243956,295.63017814266965,0
34.05360937112791,46.97080326259268,175.3606109515193,159.2983574090473,1553.8973465712625,84.09350848200408,96.38373281931555,0
22.137376564594874,26.299536549412245,253.14349731660806,206.27494182261637,4184.052090174106,47.7960649649099,334.51718036105433,0
17.682766003387414,14.139605749802858,340.90162359211234,203.05334225425088,2964.3080913292115,404.80072493725083,210.02508777964096,0
41.272051579977784,26.79148951965962,302.6970002525527,197.4268616621788,3539.6545657663905,398.9212543071766,1.0303336035899502,0
21.942873509254447,49.65960264700813,52.344819352406475,114.60636863859239,2976.665207600684,177.35463923527294,252.2236865738832,0
5.3091915025586065,31.928910909618722,262.2052297996222,221.0749082243032,3859.3612493182573,416.3398713370261,33.61403623849652,0
37.94508510872244,16.10387616354959,213.6811543255279,91.75573787618961,1358.369919706998,400.93894482187693,403.39930960441086,0
22.7633775891051,49.84941418551468,228.0109579297077,297.80093969038154,1820.769477959706,36.24053036266,411.60122287140507,0
34.47590891591426,6.517529222417665,230.4132011296493,299.92427493931206,926.4775663951476,334.00973330201225,336.299658659613,0
25.487617389043816,30.939221728319144,340.0786109810583,311.9173737537248,2805.0573173748453,58.58804210383833,231.22608275872813,0
32.83331569346103,49.43427090860031,166.07503747302567,40.93139410235643,108.00364738615093,375.65422930349536,224.42400517586603,0
33.308963916941906,26.031696453953916,162.89071631191652,99.9959181406611,4229.724546546091,48.4572589551498,478.4952475771561,0
10.91405363051597,21.531285677440202,230.5113846990085,232.9030000745977,699.2324802650598,87.50507055344397,7.818279838273434,0
23.532170570174372,37.82149236036362,242.43417238151494,175.09170813115102,2466.868240512275,347.0336266537161,117.64517488331921,0
37.57216942353891,7.847556757158433,284.74935779809067,277.18420739293435,348.4880734586094,454.47259588861397,50.11906612005096,0
15.989070184169625,5.884996195182001,319.8980632154196,184.25868825946054,734.3587083072787,398.8533411529861,428.85494795924507,0
33.28338506899348,45.90088462390373,314.17688514111035,228.3992286465229,1036.0215204956767,253.4727055036878,76.80987323537475,0
10.743593677282293,14.958146509151474,293.56554840203114,24.65104369522754,4530.528915249692,256.345460342689,499.0702776154272,0
21.170385759353074,40.689337441670695,253.7198873463525,330.72300789199704,722.6654551287601,212.8285103457624,498.4999198406462,0
46.507019494941936,15.7268930491572,191.37843303939002,64.73312964517054,4095.306907543617,482.51552472545825,65.57672497649925,0
45.03049086157771,41.45593073649553,56.77806258822894,273.2735646919605,573.0875363165559,99.06522369106746,116.40484502702225,0
31.307900780780006,38.514107177774896,167.11612318792567,249.9393554341454,2928.6022763114047,495.28076386763394,87.35901939154466,0
31.955306307879155,12.798681785852722,161.35640239192435,191.70638981621389,1168.7833217180157,462.3251560167373,82.00986310325237,0
43.02750933443873,33.29515825376933,278.09488743519654,159.38609878837437,1070.6301855650913,134.48162198632969,233.52771036550058,0
14.0216080894185,13.301725784269374,302.8926172010766,23.959044414130698,2319.248444658233,34.5403596738289,94.61332876337852,0
11.043883255398967,23.919688499768867,0.9089182912586269,73.53936125956014,716.7391681996776,390.0878039540392,272.34036349401566,0
36.08165073004872,47.01210665228472,196.12534776684535,75.08088019184491,3650.801198088022,379.7224681166101,227.2114862922326,0
39.665999779375355,47.281389355848,325.7849742815106,331.8639106225809,108.54724341312362,127.17830675740626,153.78370255808366,1
25.56865094894243,34.49776867108892,175.1938538145839,90.84477354860638,4263.480744415563,364.0897976707084,252.2101787569953,0
6.616439901880188,48.629534031261606,217.5275069989388,54.448955876508734,403.1991502704689,191.70928989519058,260.46990995936983,0
11.57621799093761,46.33743766957573,289.11939435111077,270.57925589658146,3206.811491124628,486.63942363805023,324.2660569831242,0
37.07775083148972,20.951980929087245,347.99413882074714,300.87542058840836,2649.0614274706613,272.6287554101479,220.26206191992543,0
29.16770719343188,10.913269286252815,170.46646373455224,166.57951859614866,3976.7736232998195,118.36507415833731,234.76653768217508,0
5.082546677382215,31.54546092389349,134.45228659733132,261.97564287901685,3432.655573368798,476.1820805116584,165.65285608366236,0
15.275633092086153,6.554624993198459,102.87229818000381,136.10629667143618,1750.9095095624361,449.28625671501675,362.9257804150405,0
41.5090008233836,12.30864882667122,235.58808060412773,124.17863584444366,1470.6096934428142,200.88312100560734,354.7690902410744,0
21.277358693704148,16.400531962625145,101.63713053829275,145.57265797699046,3124.571172635279,134.2126670515224,326.7724887606654,0
24.25239800356883,12.043046004346206,152.70553706761407,165.8458617125812,251.59410906035885,233.97544277970178,149.80953452718538,0
26.167955342846152,41.083342446762636,7.789983167436412,304.06530127961054,2166.3004061529914,421.4801109725716,119.2475679987256,0
19.097209607142773,36.04869438512338,122.70032286787307,353.77116235602756,3055.838963345024,49.494982614394225,104.60501035751824,0
45.859804277036794,40.31007726697337,25.936584512766036,74.23177714793837,4269.465741342683,152.1941883336712,97.55716215382316,0
30.744610060967382,8.0922474775332,345.83814144568817,78.1460412348708,1118.518679524033,496.33951448753277,223.04946721145947,0
44.083658424692835,46.1530937617207,109.3169660481331,240.8090526074085,3750.965914742407,420.5648635787862,103.3835340635466,0
35.86517856874655,5.408426320711298,0.5484727166355885,315.1638148138205,4717.293754969861,468.71121541251233,178.74861452571488,0
22.94392797024917,36.54309111132599,10.41798067614343,285.21455926247864,4808.643630155714,178.7860076893656,270.60850918808944,0
13.728685759054692,7.5232727351036335,287.080104799595,231.27144839410803,3833.8991841586203,233.43967798085947,119.38635579811752,0
29.932233069923416,13.07084738108046,163.66039328711827,306.30403513172877,2027.2721085696667,239.03728749942888,254.87120570829285,0
11.80726058037258,40.432544354144156,176.063180259929,359.0065329805664,624.5524612764838,138.42785902785775,230.85547245917633,0
20.291992793048287,19.97375003630993,37.66052352122017,333.5755820033057,1122.561254096137,370.0979739339125,383.90972246711436,0
21.310642137246976,12.492968510637976,340.44770183383963,46.868977210563116,1031.8794998364403,61.028999582777686,453.3823544706646,0
44.70047930307145,38.43171949345595,86.46664196279079,249.7501164703574,4743.174871382192,352.9778334740398,91.18485955165417,0
11.90542070378662,36.20848982921889,336.52761757744486,115.16845609496744,906.6644566388818,60.55489501997241,488.9673023378167,0
12.299132550403254,47.20429030805821,201.50718354421815,246.679554103748,3418.953122242508,172.53700449978092,457.8672468079482,0
35.68225259857809,49.91082965917069,248.86711044497437,141.86144725840333,434.5271700546927,263.3050827411987,365.5277914008894,0
20.06396865330499,22.359790138334724,242.27652877888235,250.15533303028292,1737.1790453317972,496.95928149916904,469.488742737349,0
35.065498625104865,36.42473527065947,151.23167416711053,211.60843702363388,2303.7300220774196,275.0177376078539,158.51500079870095,0
37.41414744175268,25.19677083214584,198.88479691659126,70.4122259775146,2731.1118520095843,366.150986433552,2.075175679775443,0
32.45378816101217,41.49963833891909,31.882767121375537,350.8883146883994,3923.683384040582,228.37126026824478,486.3331975386655,0
23.834129114373642,40.324095146929544,51.85307507226969,201.03371697872558,1358.6347187000636,196.48656497561666,45.482438784638255,0
5.7487535894900095,32.726440370762205,317.2619479927788,76.9789702100845,510.39041934478075,336.7134853882574,255.61314633954436,0
15.93623626948851,19.023677199056834,249.40044547746098,15.818936478692184,1309.8630313091119,383.1885925001256,293.0111916629177,0
33.62254324772375,28.19279312809521,35.48383288097867,98.90534308304996,2137.075473342641,426.82697034985375,156.6457476626616,0
35.841706902475664,28.19503441025215,210.49432437213545,259.53442576988743,3931.340872483901,9.25855687697419,35.545751962016816,0
26.247338567461288,17.419991374745848,55.65100728130435,93.07487959587533,3644.393785937757,392.12525022524284,306.8371508097957,0
22.80700304458127,32.870036587261666,241.2289219108848,231.00074757168005,3565.9291197872717,59.604710102066804,302.8923260646855,0
42.52866487939654,45.71301176599681,244.97064747430682,261.1688599766734,4346.329574238771,349.7735268168819,387.48521540338464,0
29.4967424279441,14.599281413150567,86.83064105851281,273.7667234891422,2828.775721552986,24.402035227834517,295.2026091303734,0
15.543357400475305,6.750937795869464,151.90250811457875,284.25490158794094,4697.00753180506,250.8434590670307,156.360645709503,0
33.46537606006932,22.183699242423558,239.46215893403547,18.226106524643242,1975.1057966046048,238.9058150227343,477.5367735952085,0
49.250704232860095,10.471643016352388,323.2286455672156,259.03870500320426,2922.729416154458,283.0463521836841,182.5873707205632,0
20.367812421955556,11.161887492727796,288.8112596382904,224.03635975560334,1098.0470248778583,440.73583800555537,188.39104677312574,0
19.09337535593408,22.997071568448785,249.5535750901218,284.6825120973788,4654.536207595646,327.9577283029287,32.72437765141034,0
15.562149521729587,13.243655352340555,283.0565510563559,259.79360680519375,1682.652849572613,121.91212726149992,466.8977265698445,0
30.297584318443345,26.116328707255317,17.902801933926437,161.15732183149075,3307.6934284138397,408.7077623319935,174.5393817549231,0
10.820569366670675,27.55958047520539,250.72869593294064,11.501749825505772,240.55416897417882,329.76054134455666,465.2376973379654,0
27.261127702066734,13.491851032629839,111.35528392163602,34.80038896108998,2931.978891682027,211.4441884331938,487.1655428804948,0
48.96927051710933,12.941270491094008,57.32117674823527,174.59007627015913,4849.348682602225,475.0380703550307,82.7670358132926,0
36.74879019260945,30.501252557730485,222.25285986782256,127.4462967547419,3520.3544900047377,297.6623997587892,30.545705037019477,0
21.545571431235782,12.911550327072481,358.1722654813755,241.2442815176443,2202.1566098125527,115.15359902854627,172.84718665941855,0
25.07611322572789,27.957382688803854,159.6097823398376,68.79969000752924,2779.524701886309,357.74908000526796,83.98126519120453,0
19.622595492790673,37.6568618992805,110.1835071935481,333.59819792966556,888.9818588828253,172.8068499654231,340.63888775187286,0
12.95306545477927,25.473134305843452,67.59682382874374,247.61272620365025,260.30300367067116,132.2066215421918,22.410384160301334,0
41.791039751010146,33.92956230989387,295.30188954592074,106.3859745124576,1174.6019436036377,99.71439490087857,352.6394830873228,0
39.55906361041358,19.43954699110784,333.3837203370901,48.74125802525417,1056.7455010779468,445.7939626365204,177.27327605269278,0
34.496386840038554,10.035851001941136,133.01729240569506,352.3004949839164,2582.783947085786,205.741784932512,309.9908707132203,0
16.30136820509277,17.914368381099663,166.91068925870462,243.56538707299157,4042.8702446311286,338.5607971403563,421.87252314838963,0
10.650756432898739,39.68199800958904,196.51152568775626,131.9290222488025,4180.600920778563,489.9839508532826,476.62988747438357,0
36.2719571751998,40.25652125381655,236.19977299911497,242.0794588641483,3258.1703712693734,180.01152765097868,108.0440618320604,0
37.04338635806386,12.611175400992911,253.7254312501901,107.12107953624245,3232.720953532619,181.84038865182885,131.05808812758724,0
8.578724794952059,6.271713820701141,291.3094916370117,203.92268150425787,3631.5572199380867,224.5984362779213,103.08027138203157,0
39.558531111609625,20.307525767722513,7.788165576661963,182.92814335766815,1150.4833340379932,73.88794906702978,45.81539838103521,0
43.403301927448275,20.321357071659847,96.9743226771472,217.92426042747962,1207.1386162672427,244.67565322715168,173.0813416075343,0
39.14135805956989,39.59397902472638,15.549014831468678,31.84725537478656,3862.1830451973833,210.05631095474507,448.3188335645661,0
20.00179513486908,23.63068368899837,40.482886724735216,306.95137872700235,4244.812158343168,134.10525196108568,146.01818925051407,0
21.02495378184325,16.678623691498714,153.22142348215334,105.4291081720394,4107.319425447205,169.47166597236034,293.6397083118379,0
46.299285179911315,20.81163812176414,62.27077387590307,246.4158126981423,3823.5686101614065,42.45260340386297,94.77898089542126,0
7.8634414988802614,5.466704111050925,209.6453080062954,42.00402580693187,4849.593191040668,98.54508484899,127.93939499238044,0
9.767258562658453,7.093956618411798,111.6322065011963,252.55742737206216,2323.4534072167457,8.263820380083885,12.426046339989838,0
41.73370549897305,7.831258678283859,55.848084130034145,151.1094114051948,992.9709843576335,478.33404969351915,169.32387265739473,0
27.50625279510002,8.179667166519543,251.149262422063,315.2365162502058,2696.5857061619595,362.8770769878811,211.62633895198007,0
11.494671129047564,37.31421095491858,130.62209114996918,233.68756399150666,4703.902173178725,148.93890470918726,123.64678415601531,0
33.74587161667239,24.369950796258557,266.8188745128567,140.9161881247908,260.56854009054297,417.06772020063397,53.93298843355271,0
28.761305818739753,21.8342638362958,245.78789915366585,220.3159635177685,4193.613840209753,157.5723803142995,174.41038844635014,0
18.12054534510905,28.691828394189983,327.86029200254285,53.51052250901145,1566.3123290230956,167.52483208771568,90.2728864958226,0
38.66514782369687,20.664133711890674,271.1543324846643,135.21235297463136,3432.5333559462665,484.3631613685315,302.1891714995751,0
12.10338479331224,10.599944145692437,103.74556337473825,114.15903843210222,4156.6066535600785,192.20611363165918,436.0318496507029,0
26.259673644214125,17.032568800544396,38.46756699427558,311.541069239494,3123.9186189708744,149.64889972212774,192.17547868198386,0
26.498319946764028,5.490753151826552,259.6795872274201,278.4991965780004,2037.974176483769,398.6358983856508,303.9783336447688,0
12.094267107506205,29.362252675689216,256.45419013854774,326.37057018938106,1781.2239457417427,108.19474441137916,385.3210257397769,0
10.184013610472178,21.860526191311116,343.8984317575988,55.72177634042,3328.2353126053144,456.49372131046744,471.26864015773253,0
44.96158747853397,40.32971462844098,350.08583504477986,223.85768611436427,3155.715892044024,408.1712523446278,263.2957507136727,0
39.25948582666439,19.80568547991844,201.99942682329342,208.61827818703262,4435.4430491424055,441.83031122082093,373.16496950978785,0
31.54375227105407,37.07309642985392,122.55759581288953,296.85520552449367,4246.126789691439,260.0924190493462,418.89857926673324,0
38.075129857717656,23.664854945025787,210.85537307282505,94.93332260519074,4238.758834188307,240.8005093207835,116.6986739429089,0
41.00385119565646,10.8091791935803,77.88373623567722,238.6177634676258,3517.4104678464037,349.80877901800284,398.31438479579265,0
23.935639416682804,23.525514888769415,40.23150296729139,53.98080456202068,4817.627801916441,27.976152225906105,490.3481888036102,0
33.739223696926686,40.1206423436125,200.88585908360523,292.62548594134773,4878.81028998045,497.99008386740724,116.48066168037724,0
16.249716001098694,25.631116154710295,27.71437484991813,50.17668238830408,2974.447168707474,162.12093474912214,99.69878047839536,0
40.3081369608258,10.813240503049089,59.32564445460828,327.1739926412187,4295.950781858585,27.637674737273855,308.81954659000303,0
10.20557046564372,13.404090536989411,163.1599963334742,132.1283910857691,1187.1336967929976,378.97806465655924,420.47442536192716,0
13.429157555250816,16.90747684891218,55.254739471488115,159.9939253343122,2608.6604788999557,36.705153433555346,98.71905377014627,0
38.73905980749103,15.547910551604263,69.66984888043184,68.39962324596414,4572.2554252373275,289.0913718705355,165.95475387010018,0
13.589498988933936,8.748216196473182,81.90557990478396,326.54805362192855,3683.7310241810974,256.52483063893294,35.62661186818883,0
26.049171505012833,39.84695566038774,302.9930082632405,106.20699052607517,1930.0443791199036,114.7199330265395,341.12531312264315,0
9.655241836901025,7.150753448333085,347.8192967421154,222.7198684823178,3145.0388746739127,134.62260292232742,335.22375654017935,0
36.733643500934136,43.65928777612265,138.56186669136008,302.1895125605864,1095.8922969638631,69.76402748942506,451.02869783331624,0
15.633726944480072,35.5961041203027,24.27661913922889,231.379787254202,2720.1834001289653,284.38816839711933,151.52708512397385,0
44.37683391838953,40.48179814768832,20.587416311046773,314.80316396998796,4513.160412374365,70.93497027696016,408.389993191199,0
48.51146570360128,48.65043703227758,49.83073654206505,216.76482756215196,4633.431107664261,493.4330457529437,234.92747148488152,0
28.737174276170855,6.874412856819434,151.98845227737186,99.9692865171058,3138.7394508570746,24.446777569103794,270.64273307581107,0
7.347688360751528,11.080213992773015,224.0944781804706,48.00719607450495,326.42249711690954,8.309358474495209,336.26885342624496,0
45.47259862378673,16.21336061870054,155.08689915331695,143.4103767508832,3965.7858733350436,316.11664955991654,392.8410217017677,0
16.513199281915355,46.402426854301936,261.34311961210346,292.56381899584835,1932.5006600087659,199.4755921858669,297.2520316801374,0
47.886143503274376,28.21098080157039,254.83988702435622,248.41609076110967,1072.973770757695,32.03135676507179,44.57674174492621,0
46.809273110587476,36.89060288539386,194.54286503159673,27.35583399847819,4113.994454555421,58.013339496951254,108.19367608369468,0
23.052730631329634,8.859497432998719,283.8219575254752,2.553471867370436,3808.280126030699,480.8061616333089,23.592652623475317,0
29.74959229996538,47.24120635534898,331.3633714979075,142.61968276427842,4433.374448925084,96.90749284583184,419.5951387432624,0
29.67475358897113,9.793860852680515,263.07546659057135,145.25832206006655,1147.3364965617293,410.70899068887275,58.31088780541338,0
30.80294009078794,45.314299419869634,164.00270863812352,167.4532886205924,1086.0051064347795,107.98700988710725,361.7527443757508,0
23.70494377492802,27.935826713927717,91.38287110602869,270.2592267328568,3525.133020250063,466.28082616195803,334.2553835171332,0
31.76019648630418,6.04460592797451,95.1600796136697,128.97522596554882,684.5022622569838,305.2109897134208,372.6777559629711,0
19.055360987390664,14.333481908908006,95.00252208477812,13.214752316711284,4027.7819371190817,287.87967104488257,118.83906834487678,0
31.978933403083115,42.964838864173366,246.5247256089438,177.98391817495812,4787.263422567851,223.2201653602351,390.9575258913975,0
49.26310010459476,46.389844473532136,41.693130367446436,33.98672066420654,3093.4388322020372,182.81718607386304,467.0180945253662,0
22.635335219403593,41.832504225583335,98.0880782833055,325.08938025568165,1724.6316037663983,376.0042120716551,433.9176069267817,0
35.10706893924771,33.27568228240858,167.08350199544833,139.43439582016683,2891.243376274962,181.0569571621763,173.9919610996793,0
24.615988150816197,48.149331708804574,276.9091020025297,28.648684343603854,1295.5121628384618,446.00653396638796,317.39585959173536,0
32.36129463442681,35.900904496901404,274.07295564791133,111.39090834358782,4246.45979936751,48.12895818703805,111.00510428009613,0
35.45982011202703,21.6107260798909,7.988137623491576,339.339993543237,208.49821162472006,31.44637900079783,465.6920690913574,0
42.04802665700162,14.341053434501248,174.65923454846325,277.0369652472437,4059.0555478484594,204.39454379491173,20.935204525382943,0
39.46735672080685,31.509366677291066,273.51683208294605,231.34135556361565,4820.576731896176,161.78695232722785,385.9692514801356,0
38.7064674469728,38.55309343131164,63.78878807070276,351.59243188826565,2129.8069640483195,59.27193950645931,333.46372731247277,0
24.572752680116743,24.615500076156863,146.50485245095237,43.38492208039864,3239.1559151367132,492.62428322034793,459.45597330972,0
26.724880701685912,38.000355341844745,160.57676424077536,0.10509450764867534,4049.8290859205176,27.573972585787143,280.0147991353689,0
37.52047208595224,39.68615562414338,199.6834465589957,80.42600675036458,3506.9064460221994,358.8748716484826,23.83757759056587,0
42.03328982671631,25.81082954519721,29.242345788648958,294.52181772450274,117.98265741336348,406.89849620034545,62.653110390547994,0
27.393900214953305,9.701048031426133,145.41783629097745,303.29883220412086,3107.5683014040665,169.12305014865126,143.88029413865954,0
47.34114840231142,6.051194373044595,316.4892238381284,102.45125353545643,1254.7331379530367,13.426616284325954,30.09192643766989,0
27.535754038069747,19.54463095456239,257.2740695293558,303.35709790989574,1490.421981395839,155.44422541604803,467.4196303963605,0
16.039369255227733,38.71768421087836,272.82412204798925,330.4250546594569,1166.8150337310606,227.57625180210388,415.6598655007074,0
12.126987985150187,15.339551773003565,133.03139597270962,5.842716364536593,4207.345623258954,187.3083935113753,366.4896871328609,0
44.92243864662417,29.73615838935035,4.5225537435316765,107.61685953135955,282.7526352588083,482.1095825969878,316.2515392928364,0
14.554010075327232,22.16749827854483,357.98242354908143,260.012725626748,3044.5682293467885,145.26048099514512,191.69362471254098,0
37.13501603393514,19.83473742989476,164.935709233052,298.2418900767664,1446.189155245087,66.49193797518366,367.5756442586323,0
10.190914614157364,10.134712887600141,332.13340775702585,197.44721406571335,3366.898978131659,256.0100899444666,237.1465167155365,0
27.025199168760704,27.938990629195192,16.21220851330168,107.92833726357577,1803.8600123761057,218.8135214969027,286.03610003296706,0
32.87744150532325,17.549686312017208,225.44369777600764,68.06956160394316,3686.646190472959,25.125962539299994,277.3702952877415,0
15.531148573300094,26.76043398005593,192.89415656075357,66.40387751343604,2014.7080329473329,418.1777373325435,481.1967623652507,0
34.09382310769155,21.585433619893355,347.2942763678751,75.3002478557368,3101.905220293328,384.31097746661516,282.9363001851218,0
45.47717081517247,19.328076114081753,120.22802164724035,146.07136986795928,3932.4942960523404,238.9796882224944,324.66201635858056,0
20.34074191263385,18.655836625764678,310.7866407764214,55.00323981296635,2698.056221632511,28.35225891670179,96.6738048681402,0
10.021417151721096,15.289538204413345,29.578117011991424,288.3047155256853,706.8813777169668,412.9314190247652,42.96510461741676,0
46.577611667793036,34.45389158476811,49.77224362659602,34.472234762294335,2266.447163987545,47.95847568470679,293.80410088013366,0
29.123736011639885,44.45753508771286,213.1365478190292,261.27631637185317,2018.4609300941995,402.9137993768317,14.846268940864105,0
13.643280646056681,43.731495887942735,257.0860409627199,12.681869142206907,3942.5087368324,72.12436991330695,472.4883819530608,0
38.84911572701844,16.072482793701248,32.68176578935488,101.44412249832315,4295.5122175495435,1.2214734105769898,469.54982912595403,0
32.31086169737014,15.361603591076102,95.93350786250974,307.56157442192534,4494.608217157564,21.388411128529185,425.391039848579,0
16.703568990496034,45.067616886703675,249.8216462015502,53.760743699580836,110.03862190484003,62.037063612634505,446.40078555758294,0
18.762654694967352,8.385295026051981,303.4658473639276,310.36699940650806,813.9184555638362,400.66473227057435,306.37422897349927,0
33.70402508966838,27.541327931979524,52.92497615573028,97.48793491677492,1841.5685391414245,410.1074626273923,498.5293155273971,0
12.542077144144475,18.480065226268817,42.85525023246209,263.57808692528084,4339.705534810498,228.6774670957572,345.2300276961041,0
23.0881800461416,18.38593021765334,235.49234006013796,213.27189798305892,4937.6811787200995,144.8540011873926,383.2990677301155,0
11.153502944584906,5.512792338769492,272.6895099811096,57.8713996408283,1832.0595546883753,289.80432252597217,493.5593593761509,0
36.86177432647412,21.114011766853128,31.530661361480945,100.19019138929961,4209.686243859346,264.44730661566,446.45773363925775,0
27.409723976472794,13.467308374845762,319.6830763832446,7.69364273975246,3099.6125102508504,47.38521636162552,63.40854186990652,0
25.12871812808777,35.45025375590194,124.2710919656432,327.9320020995428,4199.726136133697,476.4103506373706,181.24566722034942,0
45.32802131268482,8.652315195004816,120.59092793649933,151.69531735449226,2109.563983042132,243.0933259208072,349.2342247115315,0
10.712716762745037,26.046037450089052,338.1685946219553,62.116147320578435,3293.5761648201856,27.36960969233715,125.42932436368714,0
36.04408041119186,7.154122379599027,61.452527607347555,5.156391270802163,3811.1100042450735,283.6281593865548,279.8940630899772,0
9.957482089152748,27.01313786397111,270.4813124463383,192.6271201472654,3838.284600329543,322.0323903136955,385.4881187815808,0
29.47757712951325,48.916681663555536,133.7367493920285,343.91342702639946,2708.1308938988896,87.42775704526773,256.3394146135796,0
30.941054543070255,42.67142785808973,217.4904712084985,234.65038123298237,3631.3000125270714,9.53795099739424,78.29606454313071,0
28.287544945878302,32.74391862143007,42.6855530968013,103.87568264136353,2475.4063266882645,2.2112047161125803,184.64059936068716,0
43.28748119800042,28.50277784701755,348.3451149574492,246.74548788161707,754.7013040929821,334.21495685586325,374.779153350937,0
25.084120220355,13.677343558664358,12.77730777520909,247.64129788639067,3762.3929466223685,198.64218739881713,409.9077443397813,0
44.33747469622995,17.443498385367608,37.26441679057285,227.60716655033806,3613.21986647274,412.4368398975995,265.78123855421455,0
40.54189653580502,23.004377862572593,96.64347992682579,0.5056533990327905,2635.2478366147766,443.50839905326274,19.343094994842712,0
45.19514173844163,33.848231729333534,316.0706506561232,304.56996100215065,2937.17900429696,50.02825011524431,469.32847794639895,0
23.726674914523958,23.798403533826995,244.26702058108413,37.279014127263174,750.1783737141736,376.00640622641544,7.264313496941288,0
37.42738850447572,7.786848791285168,65.13567747741078,56.04997441453251,2175.498695324851,314.8949380962384,155.2186783879443,0
47.05239601358686,8.883373763116357,67.96675781979057,343.52342621074484,4067.901273647854,428.3776815723779,29.297949456208837,0
22.09553939576826,38.51777190685442,65.9185245978892,184.4086460790457,183.82127195979746,0.8582986129657688,212.45657458579086,0
14.550955032228899,28.839512733751825,317.09349202436107,291.3831009420326,3461.819973012269,441.71442702011404,74.07107923469458,0
20.201535668005132,25.52634932286044,323.8444217467332,136.4989729141783,1983.915050097462,124.03300898658232,35.383544878761384,0
44.636929837945736,11.099054633057136,3.6637442834502076,183.88912773453887,1825.0955100558147,249.42349505935158,150.57410873531362,0
49.064112047486844,44.593100267232096,160.0258505902461,241.3124631487118,260.0099004964009,321.3169257174517,335.63394661841875,0
37.61841573396301,24.73630012002205,287.77624814736845,121.95914810756167,2193.18990214982,431.92783751993437,440.69972414736225,0
21.269111519755487,39.58256500035271,192.30651052699093,262.2360244493081,116.90400552909063,56.92820778438268,51.578370886736,0
48.09226115322538,35.614769295304114,120.2327784681846,117.10691175440454,2551.908037037414,188.40575141276534,107.66854354500022,0
37.75315492298386,33.13470976231097,178.57611143189246,342.4996345963016,4772.0136018282565,99.42302814927973,278.2553038374486,0
16.793355283920015,6.8195281008314215,94.86831926879168,56.38303645132004,2510.148495606356,250.5702474428922,70.64157891296591,0
33.82676270631234,40.03712577723047,75.6745759429399,141.4612629018566,2583.957061351596,157.74150573400075,475.97426556214293,0
35.64001951545974,22.42226290453366,263.28450951108675,257.6858563625357,3625.420738573996,323.3762076640202,267.5136428340113,0
30.0280203047091,40.737235989318606,331.0235674286727,307.70562172598596,2761.2093622229618,480.95546731275385,359.31505258235774,0
48.56669406203715,6.457907719464067,68.78212624779374,3.170049028588693,1331.6713293173912,482.1193186925405,44.49774250399835,0
33.602551603138124,26.003891228087415,336.7604742655658,277.14042157985625,2191.9703628501584,29.717900573300316,213.93934443796098,0
11.726428549702403,16.954561847790416,334.7434419531085,357.0058578133094,3304.910026882733,205.74570853939466,81.29958483096117,0
12.762049640229169,22.409566193383633,308.81961317876073,138.5397932081481,437.22955467743685,189.40745929051766,5.751109871407312,0
22.61372196064492,16.407960156288553,118.33126622785275,218.26829129669548,3503.0453687634645,470.7478736099242,456.70715773960626,0
35.4474941581784,27.333162692254405,218.40973759836822,343.1417497616906,1516.937707844302,334.235491282771,106.48093906468675,0
21.83045470436201,29.18824820274922,66.06061020076756,44.625428170923136,952.7565239475103,91.39850417424994,71.59574362882509,0
38.065553783354815,10.942367147649016,141.6933698286043,99.01382923396179,3584.537245143019,156.166923367919,263.49803366307594,0
12.008108709370397,43.88380908338433,264.67372431132054,255.47296243488037,2471.3537159472494,333.2153781734105,160.47374417697353,0
19.392950315486274,40.811958388901914,120.39433481591946,308.8647981436979,1344.283188009948,367.2221476429674,342.2052575022007,0
36.39866231363119,13.885398366631257,81.47711276208216,157.6712606995326,3527.088690491164,443.7717337992034,450.291116617068,0
32.260623775381475,21.11027880951827,207.4682716606695,23.888524787980813,630.320578924473,249.18584164712948,29.72048222001511,0
24.273233403881974,41.49059556508611,156.94076205355574,44.14318044894161,2405.397386375609,394.71243676546885,490.2383292901497,0
11.556629895445797,45.90238281621064,38.6137139650851,271.2414112455457,2604.6537961654203,352.9235213340505,1.5589887509101508,0
7.311309384069695,32.61541394300848,11.739699711287637,301.4771543415724,361.24534266701295,90.24803839933193,147.7009715961728,0
44.72067553325661,34.35289828312107,293.1971241502753,279.5690321255576,4861.710185512375,366.38163667116333,432.3920516816315,0
8.571350160500973,23.52909210958356,109.30196385903241,74.63606558837695,830.1325108801101,394.6864273301605,270.8746283510734,0
47.732346276878616,13.408544069491201,111.0590306640943,82.12472588870942,757.2522357236097,135.939814532193,441.61110526378536,0
41.79129595944662,14.882261485214206,352.60713190279796,114.10997502503722,3371.8453975366097,295.82847568043996,17.856809543885245,0
29.43333936359736,24.291101168560825,61.718156130717006,223.64122390650036,658.0755198023329,300.4115110735867,497.97494438442493,0
17.992869847815705,7.12544582157416,268.58440657274497,179.98373222831694,907.2503841032764,126.61317795175309,477.3745497732194,0
41.39820483494859,10.150799460549441,35.6165951794205,144.27709745460484,4425.624936448881,150.99366637443933,69.91468105547172,0
8.958773751986397,16.587238682218768,10.343718393048743,187.90705149529478,2438.734330676845,78.94479600186688,17.15447108998186,0
47.54042588549704,11.315680784032926,212.2049201699113,36.52831161082692,4673.300666664068,476.17053449744753,474.31058224581915,0
38.26037963014497,40.10582524450089,72.89553519637352,145.09894835171593,645.4584489776205,154.18217695079943,118.71868404484975,0
39.855367345521934,34.33255885130359,72.30171043480682,140.52368557255713,1440.5318458161025,341.8630544601509,475.6946251940223,0
43.940767289312184,24.636629833370904,145.2666909780787,66.17485623277443,4481.890708882449,21.357269986562788,22.007869849366646,0
29.11851049399406,36.973188557174026,142.1522330225105,162.6301336841095,130.90292547145023,482.3300245343411,356.82532684063153,0
15.647287309343362,37.43593024734555,231.4596563501708,304.8526696368196,1039.0027546038905,401.2443696582392,124.92898128898733,0
15.211581413537502,7.039020312621818,281.1063106750666,64.15430527315586,751.5603346775696,275.1392792067923,467.5776895288525,0
23.53888600631526,47.020233041320125,43.13026314546336,161.83524827287962,3711.1526708144397,225.68460711634765,52.71258328702727,0
20.753088985099552,39.7127031984703,300.34417006647595,229.16983208981,3834.6326225594835,335.9899186782868,466.9717706151795,0
27.074191020837077,24.83552351270325,310.42955240703157,255.7585169686898,4971.104012359392,180.40361620197476,241.65179217660238,0
39.38554807942748,45.899879860133446,163.2455990128135,250.6209036749354,1688.5145606386384,178.92805398086776,422.0828786526424,0
29.643230989688757,12.692544110198813,287.2515810227747,117.59081840592172,2114.833433166462,2.711773945762719,28.801228695485793,0
27.834891125771634,35.76857167679954,45.974653610103026,122.47400551018683,3061.8799006878407,157.9809931677364,407.9142227487885,0
10.509844050531797,30.43376933183785,243.826031781797,85.67450540757432,3668.88473474767,177.3614818447808,462.7182845294559,0
16.310493673138907,39.144133971941926,123.57078326142957,136.7228455197015,1972.4845999474633,268.3004794265589,183.3861002562873,0
5.158510742597356,17.236307525756878,242.28381708608958,18.27407979719814,4474.779045181197,136.67651570063322,103.9614182431216,0
30.071222760003195,24.145528029112096,138.25585249635105,333.79867982872884,2084.9243476668903,219.814948322825,369.459909991796,0
7.89526936400086,36.14125979335165,225.56416482589782,346.7383993324654,3439.4977663525824,215.82661608265119,0.5266784939719216,0
18.954853427915356,45.29913110135419,170.69576199828518,151.52710972428505,1104.4939382212046,168.34073618910023,162.3431775393505,0
12.28151925129274,45.286818657958946,130.73532155186052,110.49722489429469,4588.724132994304,143.24150277068782,3.0284229811898267,0
15.508458569658755,11.679161836712192,121.3962693779942,134.006557274371,778.8105870554278,131.43597082711545,363.04620832360234,0
17.607954891639274,48.53849369418853,211.89070342529075,349.4368115354642,1230.6721222931603,239.37281200687704,460.08479435268305,0
37.647730019518576,49.688821095857726,40.26537994956436,321.97609146963197,4588.434033113898,46.70664546490849,208.10397766524324,0
35.416065350226695,27.743188863440135,0.38965842852665133,207.17587057302757,179.87724913297578,183.49295443527475,417.5149696875491,0
31.68292189787385,11.810310152916887,307.6509177074053,186.8054470265161,1214.2886417443333,17.412494915651276,93.8403917848456,0
39.053735039866886,45.47147977991851,266.3715666270132,8.124537354759633,1534.409435593712,130.64918718328406,347.3701935711305,0
37.34039709641382,24.304382367216085,130.14518256099572,220.84488818971104,877.5209571184598,466.1580128976903,378.2947422405067,0
25.038269692183537,32.10608534228469,126.58181092578133,240.58760643424478,3244.2425265014663,37.632396230334045,37.0441221801664,0
26.608132192681108,23.429857543790888,256.2541931137097,243.94204008433562,2493.7433807469906,14.604393577711761,453.61976107842764,0
24.885080147520945,6.282883011478437,272.1981633222619,336.94867043490285,1093.4590840602314,485.0962866117732,127.4296740140674,0
41.648542327848425,47.29069251513309,184.476298839298,214.7609878459027,1962.32289641618,476.40429885581347,377.6466849789566,0
30.694534092444886,30.45664883230302,123.49822846895654,122.03447970650743,2966.9951052610995,467.6387359178666,449.061789199864,0
19.013914871047614,43.7192033734548,278.57703336723245,9.265509551489748,3571.65948592944,285.1138464657186,337.72099953357156,0
15.079241897749869,29.796972191143194,250.4889365243416,115.35618461776752,1312.533263172211,394.54162624877205,193.47781736382086,0
20.39938909834556,38.17232944240257,321.6781173491277,134.66865496006693,3833.84849172073,2.9755682914042736,293.90377100721213,0
8.31200190365306,27.33177032539454,230.29986798161488,49.69661732744771,4315.720753217435,401.8488590386559,419.25145335216615,0
35.021045370755175,42.00599134086683,195.20846175822254,6.548956471996097,1347.6438808465045,446.5315556262015,101.48556734138275,0
19.353228886160977,45.279451664558664,192.8767724364583,62.29512886951058,4748.313994010822,434.73766448521604,413.0836979302792,0
27.667952272418574,44.78176648653214,182.67910993995503,208.06364990998148,2806.12994070336,336.1962004151197,60.808469801332144,0
49.03519088969343,34.17228085351391,309.1260293739273,349.71267673427974,3002.992499518015,432.6531337693566,360.2128235054095,0
9.344384644026906,27.012922875821744,142.1241638160827,225.40806994543587,4423.232503771154,73.23766245929487,209.0351313513864,0
7.272455887138231,21.191969468282434,76.14845104261444,336.20402008376556,4868.549878800257,373.6342470990393,450.17718870462767,0
45.48309531229631,26.51982470597266,243.3961921698785,308.3019267861878,4101.841933427662,241.16803295546524,130.0830319229038,0
19.76194186550625,48.06839057775648,262.43205331732463,327.548972355919,837.1095226614567,285.55010835530874,69.59167313494503,0
6.373769388114931,5.113558817051848,85.18645085446025,142.58130327960154,878.8791512566495,268.17447811092796,473.562301791617,0
41.34273036705579,43.3619030720293,105.76128208715133,8.740820756543112,4052.4675814629245,362.0294460268408,290.3987381851283,0
9.6681303308107,49.40553568351161,295.2575526990738,123.47061108434545,2465.6135035341663,30.44782314683403,356.9038817337533,0
13.181986767752816,23.217789800761874,106.71108057658081,300.7443747391663,1399.373417355788,316.6109514664259,399.6128489055068,0
14.971721116962442,7.885492955627653,204.9202447724579,299.98881197535286,2327.282453051172,63.785823719916316,113.71835373342043,0
13.237706800912838,18.07603064434178,24.46667517933845,185.57224683072323,397.989101760076,274.59463988404195,268.9551885859503,0
15.639604956170682,31.307748080921975,115.96269604254574,252.19020871434336,3187.9937009484242,67.56594160549679,398.74888228868485,0
6.601584545450716,18.917745062304334,198.41382823774202,199.4960022269417,2850.248683545701,472.3963312985734,141.06179403165547,0
20.406180540427247,35.984528779213186,32.96072993655254,149.20353182849897,2103.78035306536,378.80654618399734,58.90401935651602,0
34.20632959957514,22.706169513572398,119.42555378035242,125.0371031371166,129.24601067031722,441.21073794320193,171.0640413783819,0
29.58749319022172,34.68799572069545,352.3267585312448,257.3588981828777,3920.317813870124,315.2460129755891,486.80759387820945,0
35.360410489711356,31.33846851439165,45.77087933011181,154.6559161145403,776.1191148936782,45.06659672977437,383.9686752197223,0
5.210135482187541,30.295330219146603,121.00348484047996,258.6508891583786,1022.8826063284231,269.4263008138684,170.85655144171997,0
21.9618763623924,22.212915630376,75.73807001067807,125.96273298518305,121.34370533632246,454.98159423976824,380.27880989975904,0
17.18853428727452,31.488455552499953,17.469359571096632,41.30908549372598,2064.0013518709047,446.43735973522564,47.10679307904575,0
8.715358411168886,11.368031388302029,198.93414729690764,276.3790082218548,2513.381362523373,240.97020684574866,116.36580279223341,0
7.420328949169974,39.596516184421844,293.7231043409506,311.1839543586764,272.1749828607751,204.73085482772797,164.26379151748577,1
5.230258510503677,8.017401573727467,214.91410389331915,333.7900502511936,3314.864871485426,173.74930828065766,473.23188279810824,0
18.83723289069888,32.55247276098318,302.4790014551378,187.78707339130864,4678.793525068316,303.2208421855072,378.13609875501953,0
33.40036919317113,7.6052102093150244,291.7267432066351,262.14729942111734,2813.8893646705783,89.21155558792499,439.6587150556876,0
47.39967941969016,20.528960966234155,290.94074838820706,295.60414689245556,266.62931404896347,271.85105810245153,208.83432896854993,0
8.919003492020527,41.94869876300217,250.52992281845184,327.0810135629413,4148.587202049697,75.13453268699239,422.14422894991765,0
34.28378294610549,29.526691295520905,175.43976992503917,226.02763476081324,3094.5343352761256,449.3021652690882,9.98465952751154,0
42.598385081488374,8.156871099941071,234.74626427808147,221.67207960881652,1710.314639048193,42.002903897276624,413.3326780142253,0
15.466757472675917,6.8009183034113185,276.4777100782726,171.19235079837233,2143.815252299296,32.66936255531594,104.2172117392407,0
45.60092958174141,8.414081817832542,127.51159552942347,75.68962557763346,2859.403069716395,463.071562870358,114.3328175635645,0
13.228797217656911,12.482946614803819,106.39279492833843,88.46505696581285,416.02203327544413,291.71234871832644,79.9911755661472,0
15.831546207056498,16.777381001705088,350.71596865608245,142.59983975285652,2433.1254331110613,463.66910223078156,254.4431249451508,0
7.718823521686089,41.45899692153826,351.5336577502215,222.14847957608583,3971.2861597139013,330.2547754657349,60.157758657053364,0
38.699831272916775,28.53310058337963,354.53066319067807,293.49606268281514,3716.1450199739766,48.05353717722072,244.56706139477274,0
42.89056918140943,39.93568623146597,130.36766661280757,132.03739407418163,2567.0626750599195,94.6814576120984,316.4711536389733,0
48.15390213049903,17.108503283261058,131.3592813676645,254.6728835461186,986.5356653762205,362.66629450963273,173.5533572821803,0
15.073897664640068,13.769087485837163,186.65080267248493,76.51009725488458,2778.086522275874,277.63557856296916,285.3564865258399,0
19.138956322738558,48.323190582871646,14.126542121285919,324.70508702216625,967.4594319593343,96.585174831602,464.1275751204748,0
37.8336437559676,39.61752811618301,183.97698368046264,4.312984890894551,2652.253430533659,429.27796075966165,368.7416582485862,0
25.781780138413655,9.702344109056293,189.0639992225863,329.3241686823551,1361.875700177566,498.69421493005103,375.4140256757746,0
16.799625301492917,19.100676882070935,281.1527242171262,177.69980490620804,374.9818054082888,474.86224513684135,320.05581339648535,0
5.358712360280665,29.63836332337461,75.44442737316419,2.3521886481209853,1300.578024345665,368.0320307515644,471.8260850873378,0
20.16855988721927,30.654518871369135,142.3908464809999,208.15365066625557,4976.777617431822,369.44892271427614,341.428838165671,0
14.902525880858926,33.19281131253317,204.52237551935764,87.1997549965087,1554.115992075626,375.00071686421165,149.29002492479353,0
39.38476446787939,5.398949166767223,48.09700537131138,311.8115593225118,4483.04074071968,97.35031642324648,358.18805695557506,0
17.38628067060739,47.342729636793734,296.7670114764091,122.20160624466295,717.2201782977023,49.264553848492376,226.9052604429493,0
23.114832331451815,28.988658497325563,258.4827090116045,110.3897036975089,4900.719480486208,260.48840146690287,460.5179270298969,0
5.741969000745152,14.450833662506671,274.9818008713718,250.25034103120677,1653.896934671375,495.793842966639,396.1108460512165,0
35.34687129311368,33.647951857782076,11.642393363187233,27.35795509629178,2430.087062695361,205.10150661959364,310.98881963666423,0
30.56280156316707,44.58673989141754,87.02497248538211,0.8443386175474554,3464.7317233931703,219.74025218738757,369.16443385087155,0
12.900743661762956,45.525415470057325,93.9282895917228,149.364849347378,4924.193433547349,175.068100134335,156.75090178806067,0
44.07028327247275,29.849263706987124,25.59510897068021,151.92038593962064,1596.52102917502,425.080310300583,455.87380706297836,0
15.16878784404216,26.67932225564763,325.64902091575897,19.331146207156962,4068.1706646708335,169.40585317500302,170.39522906601007,0
7.283315922025029,27.223407885327482,87.52115121342416,62.3019702751511,459.50339480048115,204.69032119715786,157.6444399403158,1
29.541594077150574,7.139542986091624,284.63251686593736,208.87606755695168,2407.3424050503795,187.73864519056266,391.4617005585363,0
41.41045314283218,24.692854639531316,235.88403388221576,152.16893608886735,4123.191155541648,57.50691334120772,400.059961906762,0
44.30220358821065,13.62230700808303,9.59753687206141,243.23476192890152,1022.7839864963904,142.21518734155552,21.30821885306017,0
15.60303967195284,48.75879215270408,53.41512395970455,238.88702902512608,1702.3682037949222,279.3594289346094,407.861027022714,0
30.92481134283385,22.14672288174015,268.2445320556994,160.5537289144131,1160.1597755134737,266.60991444439037,180.83575459690283,0
42.733812263331664,28.679217600961433,177.8482460744538,352.17546514255974,4152.677729264997,188.55777558320952,492.50944389368817,0
37.86491580567937,36.96737519359309,203.44569102358102,163.44736818171208,939.8087928215198,161.86186991147994,368.6043826559047,0
43.9219056767422,11.355866557112403,329.8540356689758,86.88892706655912,1371.3064846342518,381.995168312243,121.18141805924142,0
42.90516270941675,14.384199664483468,308.303184591213,213.35621858617395,2357.8229499197105,416.44512638908924,55.56909494163731,0
9.006685637977274,38.387382766999345,86.79801998571577,206.4759282233622,4347.222985827336,63.13450230876316,83.68297959555731,0
16.128629672475682,22.659411200523376,114.90451597118582,159.61878929823098,3873.774799949531,153.70595319215187,172.1286977007893,0
44.071245891977306,41.75511860221227,332.3567112300159,8.918743009076216,4205.62114837254,487.3671429532387,460.90106595440665,0
46.2242945353054,18.056923095077046,164.13906163951873,99.96983468771136,3026.0474926658794,432.6816424197385,28.40364341139462,0
10.02527551838201,19.35033067999803,312.5574539201846,143.34653657697726,995.2827149114239,179.48188089734575,103.39602512308838,0
31.988816234291967,48.31348834871474,77.20241744677048,221.386948143376,2822.966657092852,256.4855533597733,327.67290001945196,0
21.668784604684614,12.925020005267822,173.72106728080036,346.3050236757703,4816.8812981020155,435.07377069009897,246.8923545540468,0
48.84647242027156,43.70934482010166,299.15976144093844,108.75815395077903,2797.156433063725,454.05377579578555,315.02420389464066,0
40.58926717102407,24.443644956836692,153.66614927817074,132.34885366130123,1178.2936491587766,72.6819751669518,408.3065802457626,0
11.583605152735888,39.410757471965205,326.671378424799,339.6890830928311,918.6999393799728,329.0417937012405,158.07687961628193,0
26.570064400268826,9.120816920489453,264.809550938869,210.06762456306924,204.06707499768441,280.4966461219518,151.92069004269243,0
13.100417021626104,34.027669665849174,15.947250319302043,166.18801641738298,432.35071561648766,155.73434926716251,416.47350035413547,0
31.526620248419427,43.886578369804305,122.44247154159036,214.06336537926745,4166.922786448075,46.47886761179515,491.2999521417881,0
28.041627654125847,32.52493893555891,96.66627171304214,259.74570879275973,4209.847744144729,344.1353060525106,283.4936725728213,0
29.2123268565788,48.65748886640213,188.60261484699998,100.2191206303471,967.1090258334369,437.492924562367,61.04762373739842,0
17.094479871426195,43.838087013778726,337.3164808880746,94.50058698479495,4603.812445585141,293.64922834672706,320.14371977195276,0
46.127488519246356,14.948465300085585,1.923274093110816,271.5707852991298,3337.3638533809226,38.46938544459771,372.67497797809955,0
13.642756793262258,45.11025427713308,74.6533503142591,37.83621349519987,247.80968423329207,318.90690928676463,337.8406348069934,0
27.409336617564655,48.66451679974885,9.878435460196107,119.73891828927775,2233.404426752416,391.16904746393044,358.6474376033161,0
20.771278333158133,35.96238545847703,284.21959151561765,85.7055145758255,3528.036357962408,360.23123872315057,221.4259113573906,0
8.22336783819512,30.84747324687205,162.40977857062632,279.2923455214296,734.5319410881997,449.1088656322185,404.3434240632495,0
26.495971533865948,28.536555839634364,184.45488221450526,124.50626074777169,4999.970989353632,80.89044668129979,105.07730050479591,0
22.29107484972068,42.69791532717715,286.22187395941285,138.05575153462848,4822.220061144706,297.9329734038298,346.4959324842158,0
30.30942866768413,44.10037184960635,185.08913189774313,327.8380222136126,695.4201455575795,286.12254629601506,445.83928175025244,0
34.259678058515505,17.349838696772277,53.71475414435973,43.78507591504548,876.9850721929216,363.9076813749629,406.79312548096203,0
13.170350660021876,46.81739470398776,25.91649358795874,58.07026997093198,3256.219546773144,249.0599122235644,80.14299773918788,0
40.49508049082151,18.10105730467253,343.70282515836544,238.90160450973713,1308.8698050043874,356.0736600580745,59.94480962815213,0
15.241320134768658,29.663734539782634,61.458935062232186,268.917279813436,693.7571394517533,362.47446076244864,221.65953182851737,0
31.494736766540743,43.730582641423396,145.34059638093402,204.1404603777647,740.5665615497364,5.10458808797043,341.80926138737476,0
8.205949827958369,39.537499962999014,77.19725850208539,98.96335015398341,2858.7504114565722,79.5802400300198,302.6693501264408,0
14.982365299921769,49.7157219383958,137.2078255239964,189.3491620609665,4844.208633716699,73.09875207804478,97.96913726411682,0
24.107625258457354,14.42360668211724,163.46246342197995,331.44466626794906,3685.521894116761,155.83578685148254,445.7149593225437,0
49.129393517941004,23.844073211521653,160.73762315895587,359.0819419574748,3327.135038156232,476.6816095456849,63.34425810879918,0
24.02148671215363,33.31001245801876,270.76943117905756,13.906196986748247,4538.025937963307,227.6554832712412,186.01599182062705,0
8.905392643153863,16.00265123188946,145.8153646520302,166.07127411762704,1937.8890318817062,408.3660947497488,470.0308873991048,0
27.142817566696934,41.10329990285805,352.96271092958824,172.62600290700496,4950.243196860355,466.8508465371217,322.39204141376274,0
20.133723113643892,25.933326986100123,326.8118470144726,262.49136042062366,1388.648437500988,386.2306495974688,330.53939417543893,0
35.28317795347063,5.100476736536214,123.70622517334616,327.1977912952177,3497.739258600143,151.45268344146174,476.46904521210064,0
39.136358784092025,44.59717925805484,172.91280899319068,238.44150432295012,3195.112910883057,53.076219164961415,272.1891242534513,0
37.89591262197072,22.102138787830167,33.03458050378255,311.95057037925955,1150.6000104310597,400.86757901522844,155.65287172629888,0
15.730400461883246,8.642347914868449,342.358882149508,56.848506697806116,979.7878983130297,209.9548998292746,205.36912807345942,0
36.06318181683288,20.76390105012294,165.70919534284644,111.55144706904608,320.1598113360831,180.5033865117952,134.82141298291296,0
23.35752711019052,42.82267664697234,122.8979550467722,71.45817178639142,1908.7544766463798,65.17696538956564,402.5008359570084,0
45.119187245265074,7.8967833805388405,349.97828999035573,147.28347111113848,4013.4571026551916,360.67299460263973,265.2570322344436,0
22.573985054284158,48.09072693603481,0.6876444974313678,89.94685898492372,2119.347796402326,337.5800998405023,261.25974530852983,0
30.42164178144505,42.169472275160835,39.62016845250723,40.128321049791765,2756.0873168328976,54.637939402124914,211.2178504633176,0
6.658049657179914,5.146844040120018,86.81305375221719,56.872000654809646,3510.3766284399235,238.95769056425732,178.14901676951789,0
42.87137020430045,40.89892687980421,4.85917801141051,76.08715040465107,349.6385063380791,235.49325651119125,284.19984859260046,0
10.125147222149778,12.934937265827408,32.744249424336786,97.7914170105971,460.9376127641704,141.151160551804,129.3031955940888,0
16.827262141328678,49.013804760124636,234.2566673838007,170.19051496227473,155.60793942702566,284.97194828105705,332.25480625471135,0
17.51324489567797,30.629166187272265,131.65530956551206,95.13554234334359,807.0343189705108,455.4478487176353,479.91471702392556,0
21.868099579778427,28.171086781809052,156.4918996486115,104.66043044121419,1444.7523119077607,76.33350226349833,462.33588004982704,0
21.431691490724283,27.92349143207378,15.21919226891637,79.74348918092323,963.6305241053443,217.90494493061712,425.6510055276691,0
35.69148533099948,5.412747412839895,284.9318542583493,232.67094471638632,4780.732381384477,3.4583263284006516,304.050768341277,0
42.21573012595018,38.96194657836387,347.5654063996681,279.88066531085724,978.0534601635435,11.619185903938567,269.78313380116947,0
25.576922627368095,16.421390283872046,95.83349265935084,49.2009561757926,2055.3154931078852,417.8357815219191,386.7297326106141,0
47.15001796737705,15.369532943192535,17.219440069635947,132.10731332492793,1742.0861996216638,257.2563066222116,364.8842017476428,0
38.53946605870445,22.10186310918515,172.62106499493376,2.024720843324541,1763.3259382171732,64.15888325916174,249.0787745989131,0
40.19076797370176,13.066401266066649,263.9769280684823,236.29456544655736,3022.152172745809,107.08855927282434,157.66887017463065,0
42.691565108365275,6.511660148802529,122.2752087003248,185.7276423568306,3973.3685621126915,208.88937566769027,341.3221797997251,0
23.188771403722683,18.221540584121882,347.44273272904826,24.06053552000457,4194.8326428848695,230.49468482579195,110.89614003219245,0
18.21684592871455,18.31735035079727,352.70003471706843,22.923716683715668,1541.9973277556933,84.02132340852164,448.87731380141315,0
20.56575868854651,28.307623843010166,158.96064415210375,56.69795249136487,3908.9715170302256,312.9277474381434,371.75523093361926,0
28.81379065945593,44.50161993056716,226.24602811308284,304.6973742101966,393.4472346989687,147.36267492028642,497.1675670877799,0
20.718299120515063,48.12982355217985,203.4846112673541,295.4608727511771,3657.236365111262,284.74134944767746,125.71572413716886,0
41.39486273865159,46.416105022896254,129.36205945936334,235.34834439449554,1544.4137619470239,100.72523965722158,125.72700519542506,0
7.004744588206381,20.662891489596035,184.9318062954608,247.46299342885692,4284.080705877292,115.70096884770086,173.82111431097928,0
13.530979230856323,48.97778420098665,213.04262793691498,339.86616947659,2074.7801688958016,437.9502744322768,280.96541688620647,0
15.774582270467906,42.04391432307383,263.6664255757887,18.521982899500582,3333.7749334248574,309.2864074109555,276.56693841475925,0
38.263899800369956,6.699832090924403,263.2869188373118,200.84837371412686,2746.4673535130164,112.3608299452829,228.72221393856313,0
7.67937336638984,23.208411675721177,287.8535918621752,321.475194510476,3720.262880657336,396.8377521456011,56.2941580067694,0
48.36444365469524,43.230796129262764,347.53322331947817,211.2640891307407,1562.4837685013895,462.50075742416504,334.79646994720446,0
47.90566083945413,15.436138167475864,17.64802266917009,356.85029353255567,338.4580833982144,379.3520581704553,232.00360276909637,0
34.983325061495364,27.421211657619992,318.3104861853664,99.39650584479217,2117.3875529481093,74.49756701929883,43.75281700350514,0
40.946083785241086,22.60543904949549,349.0778302035623,263.0468494288617,2336.532185372465,383.960919339995,406.47189959766166,0
37.234061051568524,38.435359475461915,290.74772183603403,146.46455193899456,3037.696705704026,273.06547416371706,115.55464709526281,0
10.85672295903814,30.409589665583646,172.7154483522719,90.60690769740253,4415.400509711414,310.58833860818515,193.20996909509884,0
44.112207274579,20.61684081397398,34.08909407238866,202.42024539354944,2027.538862152136,61.847627658623615,300.747445638396,0
46.078293044079714,49.518554411440114,195.57565901685697,87.94636933677953,1635.5696043596874,81.26896424113478,349.1325860705075,0
43.05502635591675,39.908962579805355,330.5141400386909,284.5776669274907,968.1665744942217,291.51916390131623,425.35169769228014,0
44.39658058807559,12.574315343936112,187.91036211006787,197.94518378928373,4703.455673363602,407.1261082692341,185.96918718964366,0
33.189506175801434,21.88551639672176,341.40390871909545,38.157433124245046,1854.4823098622996,36.81976327576225,442.5786026931772,0
48.31029731654112,47.68860887313275,299.9574960425181,234.46974434285735,2830.9475269893433,19.24577015029033,29.179435179400414,0
9.541560308648636,37.03387221398562,199.4775808845416,57.565537560900374,1892.20432835618,130.55591733216383,227.24775269199128,0
23.644677558477394,15.16822277544803,302.83726630729666,214.32928325487563,3290.5599756443685,423.7819355383822,26.776639953123183,0
14.519920920072341,27.476764738906528,50.45488904906361,132.80113537775586,601.0045782173456,305.438652943618,55.170633372570165,0
11.560128677836047,6.40482402153112,111.63834765930449,221.61177005608081,912.5500873496003,101.60103103684187,331.5623768178341,0
11.176869833888361,19.181387106093958,61.14427740649774,213.19797758292341,475.54649338983035,401.77828590092724,392.06881619621413,0
40.21416297234123,22.700744026603438,288.6166933115575,307.82707030418595,1540.9934006344022,86.6502597329537,447.5226823480733,0
39.21854349944779,35.667424444089036,180.69776302381442,38.72404637953422,4623.642150756017,201.03595410093078,477.78455421463104,0
31.336129839836342,44.235331565081374,178.27371927264397,349.31793186216396,1809.2060083621188,29.185150306954398,204.40614464646646,0
19.846575639413608,34.124941758513856,254.71240370702446,109.67806546150496,2517.930253710081,310.68602456197635,13.200838721317776,0
44.6380239273137,19.793192941601966,213.10034925226617,316.0452486710858,4558.591226942015,453.8596782828045,156.45530360172032,0
29.03435504954701,43.99566252401774,284.08782132491706,328.6069364394447,4447.38772629383,158.889609224815,64.85142549384604,0
38.948604512981916,44.12407511648598,260.49528981829945,227.24233318231884,4342.850097820361,182.49667496865345,165.24472366581261,0
24.204171552623762,19.39303354950001,267.9415338498042,235.74814828615138,3054.538674317481,398.9098954822138,344.56108631672583,0
16.63630757667699,9.251858796789783,274.6892325818992,64.91047912285345,2247.8106386721065,192.92614624088,49.54417275411343,0
18.114236488347025,30.572534953912562,136.60007501664623,182.5698211917747,4740.883026453319,272.06902141468663,287.7595464248193,0
26.448102678295374,46.0256954652776,224.2370558396842,97.75891513541471,4560.247479368476,308.2265003966146,127.48683578709358,0
28.08327336942167,42.53395154851535,297.21987361288683,118.34335574901223,3455.5464362664156,110.61755553682579,375.7629867078876,0
14.577006109741024,14.34377937150617,283.49911561765174,351.7251093822648,2338.885554440942,321.6082694489217,356.0860276629844,0
21.62628846189362,28.447326208392273,217.38958886935845,46.31148514813354,795.4703471311244,52.17002902169787,102.27677267620444,0
17.188050886701298,7.448308031136798,92.74757727736153,36.21826107709245,2447.495809688677,116.48134158984236,90.92684813943075,0
44.07570350995361,34.61106548807406,205.21043843793848,336.6601279591164,3795.4418069268722,395.9341592354195,34.576319078064024,0
31.576136334654613,41.8690691836869,212.58166542214332,278.9642903557418,3392.9950453886763,340.3496496258266,111.46444615743722,0
6.267269307641369,43.97160659781441,238.66216591577222,195.98815766218962,715.0391985831043,137.15583451546215,256.06118379713763,0
38.95872801153292,29.661247898771673,212.69198517781035,261.67059821854025,2116.154438838244,491.5607443584256,87.53992634096453,0
42.82279979306722,31.346462515410966,72.02320175910232,124.36715702409498,1357.7184761399183,312.9014299022541,481.21465549759466,0
21.761570738454054,5.0922410537911915,186.44451693407242,171.67348557397077,1295.0363667847464,475.96263663511814,97.33775650431059,0
13.372815959586667,34.73276341602494,107.57856302659799,229.72684148780823,2065.6802996612732,100.7698004342596,450.20220730049357,0
34.11698642934669,21.503222474197177,198.80023535678907,270.2549638858484,4453.043607650117,253.05680272207215,435.78846443355087,0
45.701279943947526,22.271859335760148,79.94287837257501,296.0123195881678,1245.2738088130388,477.97003575818417,371.84441528393984,0
30.017401718137677,49.032794477902186,29.818299586030562,14.723179561565306,3256.7968362601823,220.23020651885872,396.6866731389162,0
9.373738301413173,20.68951229400786,270.87413971581697,119.34293354599384,2961.2684167558914,234.97238908140838,484.43385631479066,0
13.164938373518936,39.34893659424767,250.76483781882044,78.82191547187017,1066.9162173319157,93.06007760451045,229.60018056993175,0
47.33759688846874,9.04581433834719,146.18275732241804,310.13238508404095,3432.0337721112737,239.8634367512932,179.44837893843695,0
43.333571503899265,8.684855425158577,261.18851648926267,26.4793058522188,623.3048479566606,129.4513538232459,107.68355876225726,0
38.5092747349334,25.988026170170297,241.03322164899777,245.53337701067264,2547.7939215795536,377.9885058556035,498.7708770389156,0
22.260969676205907,14.730076999927183,222.72691547416426,102.03837195726396,973.5643243320851,189.99146846872455,410.6532253462787,0
36.87668735603279,17.060026950013864,326.36640852443605,18.263488750380827,4461.373919063159,345.35041430176324,435.02483013801293,0
16.364201770672953,48.54582411594909,61.73686525955566,120.85406540062908,1609.5901818084494,438.03974017631424,1.4820025397722092,0
32.042950963976025,23.77238801854334,3.111024266454323,249.70391368888252,2126.973106035307,282.07517612689725,173.23709044984193,0
22.726550435945963,18.62647043497504,73.90137650959974,5.390742789015475,3976.546089420605,236.27654774293288,244.9233889890419,0
42.56725438353017,45.60413997782253,36.34969747504404,211.33590045686495,4312.961805612531,194.15891691188781,135.96337266628328,0
29.900882181836515,29.184260884079166,251.70280118961125,116.23264087240881,921.6489802880534,76.62838263825333,402.0071304144281,0
29.60734364856998,9.025046445729139,43.34786416592466,278.02741257113894,102.49589082618688,98.34998675129557,182.09037880179878,0
22.61558183397127,16.772302264985157,338.72257712031217,132.96319001481996,4371.887429334749,68.65921547159087,386.4793425832404,0
27.51316934083791,10.195374275933222,37.95553968028547,317.6422948203828,4592.00377278043,196.23642610557656,161.4159573619091,0
42.96483185269188,15.753881375153867,305.280902205387,110.47427326560614,3981.1389107986656,472.62216345768957,51.53619438495621,0
33.04854525865275,40.369106272003506,197.2692556140037,41.848769044512764,1482.665274323696,223.1297715656995,115.15357931606468,0
46.85480358042117,11.895434471640925,141.37412000379274,83.70930425014284,1949.2546327514217,410.7504718236245,138.26505219031648,0
34.10136024314646,31.58233380161545,347.0399161608047,283.35526816950437,3037.820116510882,114.72287619892391,238.47358296771898,0
32.21919918960804,35.30894670585067,119.17308995164709,337.7289342346603,1812.5888844152107,140.03020064643152,2.8005029385033686,0
38.34485124074084,32.431698431405835,15.146034608810641,100.82346092235248,1892.3642996643323,108.80957781461115,119.59546580517788,0
9.081466965747406,33.00473433221894,291.9798814925812,154.4002845903256,1095.074827511593,82.12862007834615,89.72927523122249,0
37.566973172806804,39.003291679775295,344.9124171955505,331.6187993886841,4522.68197893755,427.7877977174993,14.825432695448892,0
6.184163163409971,10.510432322677863,129.7706341000442,353.9728932543979,1213.5716799144152,32.378023545005796,441.64916792649956,0
18.764296810947773,15.912670195941137,22.86100121497205,13.267732208380632,3553.2246803372714,329.00549775101183,51.455532214162325,0
17.80584576027521,7.758722511923153,278.82464055306764,206.32950856953568,1803.6684516294117,317.8524894027891,229.47529395071587,0
6.44333191687626,26.448382796509314,4.282211509887679,332.1775757521882,2706.3093433723993,160.49754703055618,52.01235427949341,0
34.90534033028064,5.570736947505941,296.1878641628837,84.32249841021955,145.47511490197445,48.53488038590959,59.20182987902811,0
49.7183264668539,34.800855708765816,192.33371093821012,271.7663613078113,2819.337335442909,153.72498066444308,9.921118683721808,0
21.189538251435064,5.8710330547108445,265.9083262917415,158.19818797437577,4573.831892144052,471.7366358526578,15.47369914433916,0
30.083966512605578,18.695940952860603,55.641959432827434,264.12589186463214,335.4860292228084,24.900909315833943,316.1118775765518,0
32.231709403793936,21.288352194602073,335.7549680942602,342.9099305801817,2584.7498009049614,487.8390272548197,407.26031702386325,0
20.4974527897476,37.46238027132707,120.3114310497186,66.70321975964262,1439.6951351086923,289.27204287877004,348.21554346284506,0
48.20395657764586,9.85105857048321,73.13263646573972,305.46025790188173,1729.4542654873762,464.0165916225747,175.7778022751937,0
30.889009104982662,10.250084623206838,279.8048781444286,109.42478755471583,2137.5879468050225,352.11676391499793,365.34002249677866,0
25.04096053489746,15.134221581153344,227.58127241851022,153.28046742030327,4885.759448081204,191.33358179754018,209.88088725216963,0
28.544209300474293,17.61412189717462,183.80886856415805,279.76079113252433,2748.116097625965,282.0760958274839,465.35212806842014,0
29.150227405653535,9.204820228093329,41.02877798138243,219.4078198800653,1851.452684507792,469.7885021413415,103.12688936576141,0
43.63208718832799,11.573287302114409,13.086870494174342,218.26512528267028,1316.4602346228212,167.158338425979,297.4309222017659,0
26.23293276101759,41.4648843074128,300.86593418418084,20.207015469804965,3323.538848261533,268.8330846379285,242.61213376878726,0
28.893516201563504,27.30798181346731,11.417155427460637,338.39758270219943,3849.6637559720207,27.434718895807507,495.1306972991241,0
37.31556455755764,8.642061767310729,308.6242012671255,78.25150451049191,2273.9594443376636,236.5742726500301,181.22292466695734,0
36.068237673121814,12.182836741177335,35.508569274075725,192.1045755604703,3242.741040425214,299.8596413141929,213.75629896024063,0
44.81177895240012,25.607810081250303,243.12222027670225,5.691297876982553,694.1469628527298,1.0908548928158512,354.0139698983362,0
31.79900157500711,37.295297397054874,172.8414084875081,6.034364367770397,2967.742081637175,195.15421770048047,206.41287839362033,0
12.691078485096334,10.340604865358092,247.61612658932899,13.888515172478172,3703.7423474238817,287.1458311631765,213.2700555045801,0
24.900396714878877,34.504381857118005,192.42845770606664,102.92380234828386,4732.163514191558,469.8160596297408,423.09523188937777,0
21.322142915017395,30.482616733587257,58.96702075201368,205.45539900127164,325.70471819938166,187.083386379319,477.29498870197085,0
48.46809041477066,46.62820735506257,220.4612675502823,238.40386496507887,1780.2528046760729,323.8987380624141,470.5618127578217,0
38.00556920406052,26.862359235752038,297.583283079631,284.5668962793893,3353.118182218079,193.9938856631346,455.42344015941006,0
26.166510763873074,10.72999062388407,115.76186116510857,182.02951951570307,3308.8175375297747,371.0162210687129,450.4528116466045,0
12.785548244279777,22.96986337825145,339.2734972825036,147.83301925588043,624.5363523328105,394.5481004875846,355.3566618373467,0
23.420030608069293,18.12248525150533,17.581889109022036,126.52575523923326,4310.657469609332,435.1533028628608,360.9937996497781,0
28.287016087862767,8.532135040763134,224.61734525197699,48.84269037818265,602.8448545745082,3.7936663705135376,112.66941555696397,0
31.391607686863303,5.484424352878884,225.57307937041213,319.23834656877773,1329.3843607227493,102.47468454016895,248.4040933237579,0
36.83698860395393,6.401514617589438,317.15087032650473,113.8401511339234,4042.972561718869,232.36222877730683,331.7689904047931,0
27.855749163102228,47.11647645501874,7.886330614468866,204.75355543712698,3585.312639640993,354.8350828904478,384.44450334566267,0
38.453368357951724,5.523815376810434,160.92788476057484,147.6004578433819,1578.0176946376514,402.7590390772566,449.3372779020214,0
26.79212940315689,36.685381579497516,187.5422372609351,92.04996167595974,1847.5029425978837,110.0094741669968,287.4269596629257,0
36.09032265521995,44.1183410436279,332.62253344106256,235.54753256173476,1906.613445921959,203.6189460874482,7.242312388710204,0
20.022867182604813,49.63542248045148,164.3282190820041,100.88050164703701,2863.859062237418,340.58179260278393,494.59770510182585,0
22.261215399088343,40.05908004274198,325.72447079920533,181.62159746623323,819.9971440973476,478.6199127588482,20.283637732321004,0
39.59698998753775,15.670588145445633,178.89412858851216,308.7976509987868,4223.2341040895935,232.52177655968347,168.94326181302299,0
10.595433796283224,17.941061143069696,98.28743573004299,40.64269139291595,2751.834604679217,467.1337195333492,15.990566378502823,0
27.242973778813788,23.78616718946491,350.2588870120075,247.35825405531244,137.10806398833216,385.38342328710064,4.737972009930925,0
25.031048907829128,48.20019292313627,126.54736213682474,97.21776884663467,4401.270466333946,117.72127724865288,90.34330400699898,0
22.411692734302104,24.157253165937522,41.36566191043899,264.7898353399506,1079.234037058729,206.06127839679345,230.61075117871744,0
43.883052761509354,7.797615759523204,154.32803693775455,160.1551079966519,4039.9764749332353,474.77854323713257,136.58714948563454,0
8.299273427046565,49.25483337018958,26.271746897157605,155.13159874313078,2949.2623341817916,25.83335166866635,203.43352224457527,0
44.705977349214706,8.560114543157155,216.63806617410825,12.460824425721704,3243.342008118603,196.7116828429925,125.30172389269678,0
32.36612261550199,28.85107907907517,148.7364552307714,178.51251456902943,2605.2239658447565,365.591716603833,104.3350043249145,0
22.277597000229964,21.065453335178752,57.575165030021736,102.06091659095037,2069.6679906788445,106.83161561301114,461.2934324170271,0
21.982536378630023,47.27124287078814,271.6145643002418,236.21455446261328,3553.2486753963854,216.59970816173495,315.2494373046522,0
5.578007553234243,41.85923139621558,207.83539325168047,174.62715204184857,3410.2318201277444,200.72972581590398,95.50751419286769,0
44.78059177653059,11.1829979615921,18.663602769947516,35.346058840248055,3583.0611116902273,223.3011425992637,65.46290954163958,0
43.677661812582954,12.16341552017712,87.50324311793742,297.5906837304531,2149.2810729461626,152.05048725811932,239.2050628830389,0
33.59280027177558,43.6940064344459,74.57178645289713,49.191753099298964,2202.169520780409,208.47658086722782,216.33117879251594,0
5.166441964037176,21.249109627529595,290.96675572557274,13.000092556233671,1959.1433949288744,155.7639249796347,371.9483065890767,0
5.108742744237457,28.562026759447136,129.52842372433133,97.69373134139472,575.2766638015854,29.100161166636717,461.26885411708054,0
6.840831741304029,5.23575643706082,176.95441548265978,124.69502991906002,2307.1883399715416,286.096929260075,305.974208034503,0
14.660336944804428,9.058720851257487,114.97024858996865,308.3137643351686,498.8084256186518,89.23740038699069,466.2202273838988,0
45.525309843199395,10.703865723796971,169.8738049002568,156.4632968084844,4299.918099350789,76.32922301959482,325.29690746770837,0
48.83307721481416,36.76556301565767,97.7216472738674,165.10579334563582,3734.233224240383,66.95285343828084,150.37742137849847,0
41.12199531237476,8.700234216777757,315.29801023899694,121.38394924547707,1851.9632837921724,461.46772641786606,271.3889164760789,0
14.913576758549889,26.385408837028027,121.21032458307972,266.39771110805185,566.291651877375,419.01474835095746,61.37694199995414,0
45.97911007837541,13.08034291808393,336.7811055248826,319.2200037818746,4815.912095979919,202.86468083410213,295.4564267679645,0
28.919081377915685,45.2226350711077,135.3081072805119,176.92902746376657,4116.427175231434,150.63303072521234,249.69157595534492,0
12.531199132231656,34.10144112967243,208.65765339235048,182.24234135308816,2301.653149521808,464.92597225564526,354.52107584373664,0
13.245177384425022,48.3379748439542,291.7375311719408,321.55070469185614,1372.3459062025297,82.16437306396118,364.60347611646563,0
15.336757639921967,22.631317834363266,173.0201100898019,147.3150222487544,4351.763729865841,477.336278912979,230.18755998950706,0
24.09567825451125,31.756802915884432,160.80079680544858,289.5858189045357,2858.4112962800004,231.2058818351625,315.9702617348249,0
35.289558839226885,42.051616984565214,169.65340335693637,231.2592846085053,2916.294802118585,211.081741979275,226.6377822723959,0
17.83251399308287,45.29636331306476,174.1411317666251,57.32754832131026,3997.998574252201,225.49834899422282,497.5536757729073,0
32.580663539537554,47.58933719617035,48.610364842504076,5.843811908716208,3448.8740121854544,229.31569810476054,347.82615996359084,0
19.15463617284612,8.246346934752653,330.90386060741326,173.04045606966076,4886.103651871539,12.108291754328759,276.3421639591866,0
35.744243294657025,26.078110577957517,2.7162707909700545,48.69740430783913,3387.7685062759647,282.1061124261051,247.1292518298168,0
40.31723762312364,27.612371620906533,324.0197144856522,109.23757301875852,4423.739085222872,477.53209035979995,469.93558758182087,0
35.6811740110966,6.747709798284273,253.0244039752046,148.83729079125553,3645.9406492326702,33.02901550563708,147.59079023950466,0
43.1406725067079,9.572734401695868,92.1540667221566,260.9993999968107,3410.882962025394,43.814844323738775,378.7533904043645,0
49.64472722128583,28.359596146985208,304.17954379915415,201.0703475864435,710.8562822168518,365.7685176993528,343.6874876634179,0
38.08625316375372,46.26488957994681,167.1067525406357,207.42439853572782,4853.720784015342,141.60354543574078,152.7454369075224,0
47.77683297104053,49.64266655009119,44.52584902872473,51.715267555256936,4626.08182979087,360.5492335697516,106.24184338629344,0
17.95557924632906,24.213969382024636,207.89464802437385,264.91915379340014,4681.145889709066,491.5792324283109,8.90198312719459,0
34.1843982377286,10.816147198340378,113.24571785919629,182.23528227214626,3449.0619137814797,266.13242689139554,329.47342328421706,0
49.02960895721977,24.997644910777062,273.46620447669585,135.48807029153195,2397.514183688521,226.5390373439678,275.89404107950816,0
40.8527411880393,43.76295161881487,11.409826785955621,300.63235168714266,3327.8899104415996,474.2644872527946,86.83143742881106,0
46.182082492578296,40.532343758723414,338.29650771183873,37.509776262068314,2587.3299121582554,491.56590533158356,420.62969455698965,0
33.52658083222818,7.133831527169924,58.96845515112465,146.78345550791596,3096.2075326387953,233.05384181681015,133.65064683062604,0
6.149953710992618,35.66119531218388,23.7770290540975,217.6706406877316,214.0974079995871,223.2012166787899,434.92265590880146,0
48.56824174807842,26.37746311532629,49.86405807943307,191.16513860511787,3923.700926443296,312.2063530450033,382.4851910251441,0
7.764193213853094,48.453160403539,242.35765599168516,23.973488413605416,3606.911096698343,190.1444704214585,175.19857284937234,0
20.545474254305184,6.3340424686780405,208.6591286994142,184.6762052126172,4071.0557511553516,84.46339688250615,122.38138916000035,0
7.332060499034847,11.736475934249315,330.16328207623144,3.379901811720414,3268.6653126308165,462.633114107744,155.27546551647993,0
5.15059778696833,30.92209961941172,204.61397456038344,320.12153062735837,4652.220770415228,34.22749435698624,447.97282923853976,0
37.04966450117111,44.41126432019553,215.83383024831085,221.82836481828366,2801.5162194253558,249.49695110182796,24.41530483701215,0
13.789525130595058,16.707952548314758,168.22673458946073,239.284459840372,386.8974814713333,296.3610252271992,139.86286877079917,0
10.913755024302027,26.2719995154872,117.64173741922747,150.2378599524639,1060.6256166273834,252.89668616707468,389.7078242064763,0
11.985356978990634,32.51865192079836,296.30098605937377,47.77067738043938,1561.6036128288858,392.9910784964935,338.07337234504445,0
19.510967955193266,36.85103092095228,255.7015535246523,8.610815139719294,2323.401161583451,323.31800012593106,453.5722045656243,0
30.015618023773897,11.463405318086748,122.50508886315683,245.61225153314962,4232.951685776978,235.9897390592513,446.8759024575925,0
30.069142919458177,35.9777738959571,333.4588157030035,90.26251707619126,2259.13393864113,389.13660519119264,79.77586297493266,0
19.172079352634398,17.993273714424895,322.300788296668,38.45001815492138,2853.0960676940663,182.9378522955592,455.9467872162869,0
14.41126109741737,10.461345112723189,159.8015587093135,231.50209009433385,1437.4596457836642,227.57223593152975,480.43697549046954,0
11.452007510150423,16.29455287088971,234.17455359411474,124.89772582336057,1414.7325435625387,58.28708954923339,364.9334295326118,0
29.594775040043952,30.03156841535477,168.00818981618264,69.32029427240721,1871.8837168436514,133.02017473709122,369.77317190702314,0
27.782549718214334,36.79361158114478,91.98113576708688,48.10779964533148,1431.0338694777593,499.06954928598776,303.5663378215236,0
12.66079694369337,17.80902440388791,349.1252150829709,156.38539451383758,3445.103419972957,75.6842094166108,179.5770793600091,0
11.077237583912012,17.59687339735249,175.4203060968504,286.9599036625528,2737.8140187708486,212.80863722684478,183.9750686955921,0
19.444956506942184,22.83884491726789,310.80946929026584,279.29644387904864,1491.2199291732393,258.35548485181323,284.510109831034,0
38.955761109628305,42.53153537359546,22.58805670025559,279.9260921919605,4725.004562624782,423.75039431523317,267.15143936140356,0
37.93182760259052,23.155231041655654,46.60441058582198,318.4411907652077,1202.478901817467,345.61061070808535,182.26718839485667,0
37.74139785136104,23.679897786527242,187.96171979296375,100.6064360453391,3563.585555927693,274.19442389756944,384.1589485833616,0
19.508866510881543,47.002166684060086,352.98261100371593,241.8601852188873,2288.3922739781456,140.10961341698442,252.62930058582523,0
10.00944442384715,20.43121193931867,268.1171714458619,309.6077781334033,550.4503308264049,61.16393315894947,393.3500108294399,0
44.57002467000646,38.08741509010159,315.80737078723644,196.33296116720672,182.31261261019984,64.6803729442138,109.84127864746229,0
24.053581538868674,25.31875414095069,198.73921604748503,28.90254536379254,3962.9473556507296,388.87054746841744,22.239329451157587,0
17.029625685442646,22.508266115233848,299.31744438276314,295.70297383927675,2484.882915003093,119.47998961685835,136.05016786507807,0
31.4776127668277,24.819445498713538,60.82971895380615,7.667959954766346,3166.4851915732106,468.12202636283433,40.97775274966525,0
45.479291893709764,13.950898319229474,138.17344511294374,260.53191626642337,4521.73890666247,495.0897225979936,88.55541384074611,0
25.2255526798471,22.606174687953317,148.05516212103853,57.22740087897674,4392.346119341676,42.81651067683562,142.0054838869723,0
25.969882226491634,36.342831185302884,107.6370222501954,185.40681362444914,3952.2915297356126,385.3653418216456,281.2727557200229,0
20.141785010444373,19.658480813902123,36.4508669342939,260.7634465842114,4737.752942795338,161.80342970332657,284.0127093539451,0
25.619195851789335,48.61373144092597,281.1778779140578,121.45172506247943,204.4991915820463,338.8566148044728,251.39163316630652,0
29.876782200990267,8.065719279836841,27.066889242730028,162.83291719134112,834.0533800342026,92.81693142469871,216.72900617388402,0
49.61212324860143,21.126288783320994,217.758685262842,334.91162709074297,2614.4523794036018,255.9215710866916,262.69177700773196,0
17.13413031791176,10.284250448598614,187.516699639641,185.57519763683916,131.87736225724922,460.78615381001094,247.71207338373637,0
16.513174085284888,17.06912822898896,157.12143734813114,52.59818741259946,3537.431200767615,202.894175118186,131.51225262217508,0
37.00176172592114,46.16385344674685,291.5114169299457,140.4998871632031,4471.226374036393,181.74319927400052,413.0653595262877,0
48.53964641507942,27.80480388366575,182.70064640596098,243.12693078614004,1477.4643278898884,148.05903947464998,268.26680817405537,0
38.580420548755114,12.506264979921957,293.47521971835556,78.32191850193362,4543.659274149527,32.824654493883834,356.77144590898916,0
26.25803700662927,34.991076660752825,68.1898880073409,209.2154355065733,3424.4923883654733,237.24250987429403,24.467042374385684,0
36.51553730837401,41.28366134919755,300.560687485504,344.87746754088676,4660.016183340045,36.23052785509978,143.90045411508308,0
46.279831929008914,27.92769811456928,116.07328224138777,4.279596402660593,456.034254430613,140.44300270464444,483.42034067967677,0
24.830479621951064,6.19360822037685,345.05671022939856,38.93748717618796,4537.7236666705,171.89221519659765,49.44829948164142,0
30.939604839803444,31.39346063615757,328.49553664042924,179.76160439249188,2675.611796144928,438.9529868754813,322.8445964634746,0
28.88153153371182,31.710069729869467,146.63947983538097,203.56230493396524,3086.0060288154305,329.1826084781668,140.27263744051626,0
48.59443162840313,47.6301302949368,155.4429423180057,351.7146496054622,4581.9476565245195,439.53551224496215,57.34928588422916,0
11.177633643075914,43.83850749219229,247.4303305619817,345.41051629374164,2127.354419241321,136.55962474500487,297.53243944822583,0
14.488843352372355,37.828478845402785,138.80191268455678,52.091946637117346,1956.397262195502,220.07287581354507,289.5591329192333,0
11.524314936042146,17.698630416319716,11.039622125595576,187.45800594553413,929.3611066214045,280.5770396700726,446.09376324543456,0
28.293416607269908,40.70176757153245,316.53290489235985,72.13089033593992,2532.395027198798,414.33352876487396,294.7721802719583,0
23.58097836940347,21.769398090397683,61.6649473549714,225.43973568726227,1755.305824251816,144.65423689036456,124.87505975724122,0
20.31705241478154,7.6115911891340104,250.59026638754273,155.2199091824594,1284.393349826973,441.2974617718955,24.797917503726453,0
46.50790295877344,35.53989139649002,322.8195355234397,210.55966823027103,673.6313475155717,52.09710819838759,169.91822307006893,0
40.131160974330356,9.075646308790123,190.21993263760163,146.0945023642085,466.01221367943526,166.1977531098327,288.3281865685342,0
20.099200062198694,42.50513342824906,63.742919324347326,44.14215243396954,2206.098019787461,270.8774491133114,347.1933779947242,0
24.026708269548532,16.825363433391612,251.88639998701547,294.35765177086824,3449.841097689425,394.381840012858,24.942076202864705,0
26.03551310809211,19.471046565312612,205.33736451033997,248.54388172980558,3777.1580229002834,322.3674132473337,247.84160105946967,0
17.181087576659824,19.69933673652361,231.57620030347184,42.67847758844796,3743.4200163734145,30.33250469090992,411.24064506050524,0
40.649608493204965,5.935809805740485,351.7221412476673,108.56996518740334,4260.315826382309,99.70525329465296,327.9114513024379,0
6.237288412323349,23.455138352643505,258.23092186970405,257.81709809619116,4088.9798563353097,264.06398423170367,30.225989899069326,0
16.01362067021064,17.590325795569697,177.4690318168201,262.16987045561297,4152.990938796156,50.43746052805326,120.97354287449814,0
36.645835353497155,34.07502551058438,58.41552190337535,299.5444208545231,693.0846840260934,441.2829552153492,189.64566983088588,0
46.39186772657368,49.78729047723559,220.5711582613227,211.38787282325035,1631.5945601301319,117.22153546790382,304.2617145748371,0
41.83772674613721,17.525315054684146,334.02846112942206,173.37368111665282,2333.943554016248,317.2048921525888,152.6934171361583,0
12.302507916219628,41.21717874294437,197.54625337110022,258.6335054090209,1987.7123199057082,311.53839434943933,271.77873516982925,0
25.28123189101631,44.471660759808465,115.70929269046782,351.45841498770426,4557.906571765578,312.6537877488614,7.351628993845338,0
40.853697975682095,26.82769656022032,319.5363539197424,226.8913618689886,2553.874739256189,106.56269915679195,117.34781388569488,0
34.32703387238617,14.501640592125637,151.2370672885772,70.04715119871261,4647.718669763733,357.85999846653624,309.60907323323914,0
34.16186023032536,46.524608461444636,205.564287075085,354.657454875083,1263.8895837619953,480.78653274432185,416.4248948702059,0
24.848807390715393,33.67353022161701,268.35485240222056,311.7930731835061,4966.738348847229,435.5737333250868,460.4176725191041,0
33.805586082999135,33.33178335228136,18.835399610746503,129.65042659823575,1559.2662179303757,95.30841165744569,467.7402171055286,0
46.91238769731516,46.36184843911124,203.54309471489324,212.28203208425404,650.7279815063206,378.9144801075006,256.0598162760874,0
22.889126640734162,41.91637392215334,285.4350014651893,123.78259185846777,1532.4233369060155,297.8647780023075,110.91858956805883,0
49.61094778897482,39.05624315240529,272.25200611053504,279.9621001751549,2234.938545282646,129.41869692847345,442.0573456072764,0
23.947019920425678,8.97896981637897,81.57772269463803,264.26259294207466,4689.099446838822,411.19510233184775,483.11145576760777,0
6.080870124460864,40.83920690384467,13.901424382832857,116.93109113652481,2177.0384463731057,419.4775702224757,424.4458679968248,0
49.0001131805134,40.49208118229629,207.43386251349108,351.3333014550726,327.08665924819616,473.28543597275376,65.50017281198822,0
36.6906089312339,33.69180616639912,54.05838754715691,4.861019047998529,4673.500107350194,206.19249342890473,180.26103956313534,0
27.920360607441545,14.000529898479929,41.0367753537196,130.41203220267002,3392.2639094994593,72.80274012103382,223.92704700016276,0
9.449570330842906,26.59916144636493,164.7655775049748,245.70955791130453,4377.220029706966,5.9313408886573775,281.3908648727215,0
47.03949876066344,32.996639833449244,75.47974755704215,84.53557036770128,966.388100920456,488.50107643004173,174.45344395333117,0
36.79006787046296,46.56714498397784,183.07269729241827,275.6705056172004,2956.128107638235,372.85552980258257,423.17266980175145,0
42.56571146657069,38.87921444797799,333.77258358580406,207.33992355929217,3733.966413854629,15.287204845365887,400.67828382657933,0
26.469515446712563,30.308465941048595,53.213907699732744,315.58165104134366,2160.6361686009145,75.94765155244087,263.2340508973379,0
39.105845655171,17.701897793735544,112.01767545855472,213.57151947069136,3807.1987973683326,127.33326860382127,68.74839571545071,0
32.140992129242946,28.80766703822238,314.03773835116397,214.94329362034313,1136.4408379613023,109.29425995565029,69.11302062595914,0
6.7196478701454065,49.252080015710405,340.94621915697957,131.60380500019915,530.0026314044126,280.0954047696263,171.59315016701643,0
5.581944043476466,27.485816848537613,235.1751547257001,66.78464364189469,3918.925410740193,479.2133391255821,111.59926210675125,0
18.19100456068363,8.69539050957227,5.507563413457275,202.14582126361378,3657.257685860675,88.95357206010934,351.5220714839515,0
43.80645162242304,19.28896802887105,189.76895781436406,245.5212181806096,4423.384819462187,249.10904219873638,211.51199286687157,0
35.05513972241495,33.093221770719,318.1073648531975,98.58257599169073,1843.3062472463234,190.6119759447872,400.37676347733355,0
18.17937153403718,8.631305490195182,357.0033976734275,255.3365068620602,2001.8766969461926,451.97766540312796,262.8159717990657,0
29.130007791668923,45.95190230072001,173.105325401035,87.62048361609145,2429.101260571258,207.8725616815444,188.3675587528601,0
44.000703840113445,42.706088886062346,318.68001244874387,76.95784235554568,3261.064093132112,355.1840830129743,187.50973744050597,0
35.853919974563574,35.63702720928894,242.7623447170642,335.27196615986315,2969.467433760007,283.01207072724696,400.39327161105047,0
19.911893270834895,37.72080422993235,162.361261067161,343.4878613512734,1435.929272314644,432.1293598564428,84.95590203468639,0
18.1644333327407,17.666283454452667,197.18381524179043,236.26928039250103,449.5917283129601,45.32580690410137,242.72938394180287,0
44.50256896187642,21.578450163228037,11.488399542410317,354.9892329461959,449.56865098024184,9.497047458795372,212.3319349460167,0
29.811823524448002,25.723070254762753,325.31418563352224,29.960730435788644,3089.5980879092394,366.31580896415727,16.746414343652706,0
30.746778560320212,25.677368365267167,79.29172772605088,178.6630478937257,3404.0592742906383,248.8577477412594,446.9241787323456,0
28.484505386239494,42.30069488322666,80.4876045666196,336.8291532894303,3073.325791980399,384.42819671063097,370.37147535244503,0
16.028495726790762,24.22586755070785,178.9082736237809,21.600599802027304,703.6371386268542,68.61563722482961,80.3406131198619,0
30.093000354186827,6.5690455815761,52.695040256563736,42.49541210232604,670.9896335111387,465.6511397400281,340.62675349979423,0
49.22262511674894,20.941084862751858,271.47816538539996,323.3009465295125,1175.0435539478283,43.97046957542017,165.98038266814297,0
21.514829572082817,24.819462166181363,75.78877531717424,139.72894555966832,2827.6677354432118,346.1062551240746,72.45131002660344,0
35.284148050583156,11.32015677984101,301.86831352715524,287.25913900159475,1719.2429206468591,430.64998598448165,205.92945788580252,0
34.34994449670791,5.124508133456679,345.53698858628553,332.48825527476305,3437.2645610911372,0.4758597768980688,373.85017901467256,0
5.759277183737904,30.338206815345337,343.05888369393307,284.5746390588704,2800.805839547222,464.65074403616956,136.00130479663915,0
30.21652301043274,46.61937581519147,144.12343685280078,68.91427365102523,4369.990809487939,267.64715423091167,230.5827805859893,0
33.53666045744862,8.566043737037697,331.33137623780294,126.90904259349489,587.6279708252915,69.80962018571863,72.67126608698177,0
40.95837192902317,10.238146821457354,274.6018809722656,233.5920003795621,3453.948634890473,69.26584448169936,228.28839170513905,0
5.280355822109298,11.185217567817688,236.99690096639395,135.39924237931768,413.2933493246281,311.6656821523855,165.0616604116732,0
32.14226707990009,44.05436097413209,286.1091108638701,100.66642135158452,397.8436472919098,378.657696129057,294.5632989279445,0
38.636638633539256,46.25129018596311,283.8705464290107,268.64062028890424,2641.9980364553803,455.74412139158744,16.817643496820967,0
28.459477173828834,31.217273490605542,88.77587778497784,249.2253909490488,1809.70594072084,236.86503193531848,12.336601426761518,0
20.55334784127482,36.11660031853441,13.51864060637074,303.9528892996516,2093.533299717896,465.5590671915597,63.99057145177128,0
22.05553617868672,22.57169054784522,223.8212868081519,66.15064415965884,3923.434300778598,409.99258313228034,41.61642558177775,0
29.794308034762796,9.914242564059975,30.973865357640538,64.61842521944884,2265.9930243372755,209.41733746042996,362.73815483698746,0
16.638415430200368,45.08638905842794,18.209328660612872,123.82108719081184,2033.3827669032619,196.7660508614702,84.91142971617394,0
21.397633192044182,25.058266616159145,181.55475900398733,37.326853695541224,4915.404426697329,403.8657508023529,418.7330647465996,0
42.97001836594809,13.188491919815377,197.44238626586997,118.2880435524095,4703.904947144645,296.0494879603017,169.51698395007918,0
23.446085906306415,43.41085834133066,215.87383523929847,325.9305286235911,3969.2741875101583,135.07260771475683,3.8602629316647485,0
48.782178028625154,49.562046441508706,326.4397751645808,57.88913599412359,121.57712819819156,257.01474019513194,31.88932777647552,0
23.455370646769502,33.453699730165425,106.34236587593429,131.29460825766034,3922.0723584116727,152.35204098868243,402.71847665068924,0
9.462208483357143,14.656149538302914,293.1154319174953,326.5234918094087,1408.65131608324,177.0800788715685,32.87794109267656,0
17.15991226855177,35.93130136173948,157.9555014527132,359.14686022392897,3395.479310499542,299.15748229585313,492.1973428224798,0
21.68232854748144,45.77444118823086,182.8197803712346,350.4481011894923,2540.619443405723,191.8048428405778,6.794184295265737,0
14.917933167048538,19.368202237199846,243.84915701804223,335.8628600663179,3198.8255424635563,192.05979570788028,278.19740284691954,0
42.391865607978495,32.99207705604667,121.80611038403468,339.42558895021915,2151.9203927529566,291.21290670788153,112.08003975361719,0
6.588385143408653,7.552317915438387,7.20480009622011,304.444170366177,1004.6471273080725,411.60344035796686,51.107191435181555,0
6.694830763315732,10.93156088143371,104.53275925248803,11.219195771091975,2853.5865086990243,118.52492323385732,495.6736510189115,0
7.379438848314356,41.709947888958446,231.99549312496393,335.2527412589388,3986.6283338742755,294.8606277058567,347.0988711353491,0
40.56537010719841,14.138739198495756,268.8840798438026,194.5137539964134,2973.210656195643,474.25607995618094,438.48313712049605,0
9.303816212232565,44.11793642912634,119.73238451176556,245.3061176199783,1862.9376316246398,428.73028650092124,258.88298978968663,0
41.492220879600296,44.33469904584188,24.161688342239216,36.34751479250753,259.97773285913564,214.0493748149302,429.5682151506731,0
5.72028202949307,23.330695878543796,162.29025100990106,73.62591645663397,3444.8064828853235,404.25719724163787,391.2694183250088,0
48.221968520317944,45.53239189900458,201.38258861719177,12.900047862044426,3546.5260211055243,318.8286492979101,440.3152649781474,0
30.889987520564603,28.741556257967485,300.8978810757484,172.31493852609984,2031.793098728416,50.176498082873835,246.72970010196767,0
11.657315726010513,38.37418123099111,83.0610373434042,2.369102668620857,255.12026236933616,384.95006939903595,486.12153711808367,0
17.191195546254562,19.04816059421611,231.3538972540801,117.42327521321026,4450.35361558878,422.4429296526744,108.11773919842594,0
46.35201545110265,29.352568616878067,357.4330894710672,241.5597364961525,4382.711544021912,476.08607213140607,271.6186621254446,0
29.611164293216813,21.430794284550313,252.02733536534302,85.31295501300954,2952.0295796149826,173.22138531649517,144.52334826130618,0
25.509481616081057,16.121918071006906,127.83532970756563,291.1435766466889,1451.1796043329196,434.7860343665236,250.12831770907601,0
39.677599982316444,48.25460683760819,245.2702594622532,302.6448270432881,522.5997519120672,308.3658913295542,425.13098410539476,0
22.845575989436128,13.369838965549933,13.029889714003215,72.24560722993589,4946.5284229551935,98.39597844121123,382.2813154885988,0
5.620807566987312,17.90269094674467,319.02899225223223,267.5892109237184,1434.6547712924812,371.8269280560756,64.47568270369864,0
46.94426949118759,22.083493952820426,113.11863631222053,129.21000222277604,2252.3832465677,325.3565884253024,119.47939558232285,0
16.08674815403142,21.481183300022423,336.90295170814954,325.4104234708476,2381.062067979244,329.1123994822908,152.96216459398238,0
45.79113362689179,29.349359190284947,232.50823351590643,100.99677502657997,2020.2034219045522,103.43199235135152,86.52991170026131,0
10.88046707160321,22.93845118629835,246.09824968458844,66.91246129186833,2752.6578844477244,135.090875580416,321.74118836492477,0
36.02530724151811,21.74513351651542,249.95312272913037,232.89115818748212,3555.7297414818536,40.64978544150316,158.30195568451992,0
29.436552459698063,37.87070883270906,36.322031132785575,106.95567068860706,4800.536124342595,312.18367875044305,264.57048588339086,0
19.130838736625584,14.569495384347046,134.6721196936914,94.78898031994642,969.0708455263997,392.5105187487354,299.0961207776404,0
25.402051986726264,47.101187798171324,10.54773080922185,312.05486955614435,587.2862679152681,248.29265534975147,232.05234335255875,0
40.216596186286836,48.97070318601554,160.4263448351769,16.416886528274183,2814.8382162746348,318.13334295600094,229.134283514287,0
43.419588082780336,48.33941675492432,228.1825083901527,76.63106360116105,2654.90567670276,431.4604405879869,466.883304740917,0
19.28155152629391,41.65834537666971,348.8308942529533,262.6008548787382,394.8381729301274,153.5197809495031,278.7668413485375,0
45.67669535174738,6.3628274227392145,296.28740582337656,79.14511573480317,3973.7608972294365,335.6739931613034,437.36874877820776,0
32.90382230587875,39.89986237082962,237.9758099832961,246.29345156320323,3161.816412016971,266.28421408320486,317.09745768654744,0
23.321823027965625,12.687483539295155,140.18660232995924,97.54767002174042,3852.7663168980616,426.9896393048118,306.40876179818247,0
23.21423720046076,44.15406923627241,23.849546518778197,320.7484702595952,2869.1375385589995,344.6523188093535,255.0093108453073,0
6.472444158624436,18.21619540020518,189.58587100027438,350.72253093046675,3672.2996564370433,411.08729471032456,84.4971969087141,0
42.359911778706376,43.29955578602935,10.166512804479972,69.7161763571158,1676.7947629994198,142.75823404355666,205.5407792032793,0
17.303107886321207,31.101322229509154,89.0535520871992,250.56405084855055,967.9788661404572,419.6621144684793,123.43052649034519,0
35.74231684292966,31.55878958203035,339.424111461205,262.75164647928153,3388.9556271468905,370.5535268562143,443.67289261649967,0
29.076500869965145,25.696531695423083,204.49814389926374,204.22359725061517,4861.458918727265,391.71977270039065,131.71721644838817,0
20.150288550297965,30.582586330866317,337.7830561514193,307.2385019275367,4390.567966669652,373.40530078937576,497.72393613628884,0
7.084774260155033,42.1236278361976,99.3265228131426,114.54548438485124,3474.259754512828,145.02610125687278,399.14099940140215,0
11.153163054349655,13.560555381235034,120.89347326508559,171.93713813033008,3532.5047441649835,154.0354789295948,305.9503848773279,0
32.499412691858325,31.476924738960044,194.0510396229465,143.42447713635747,4752.239397718659,468.6844919467808,456.5594595183606,0
46.776997691109095,22.174941678856683,17.36160311934945,123.7321377519365,1162.4497803994727,305.7541238506342,96.99635858394784,0
37.861350213495044,40.647851690287965,182.67776960548565,156.30215969567016,2831.2925663994556,264.0003625729117,115.6174003330298,0
6.411282735869083,10.75203922519021,333.77875654893,350.9464859987423,3671.0635144973335,451.46058170217924,332.14131192895405,0
36.12367116619568,11.596008506212335,240.78098386962907,174.07611229280434,2705.3700475240166,150.261914839517,311.02328707673183,0
41.07546679846945,7.282861475613672,207.28418303169244,29.73512093912635,4778.5996225341605,362.0021089768972,287.70792926679326,0
23.326262809910666,38.51223240979144,61.30854288027693,189.5788187671181,4686.987238459192,99.2967401620864,149.7437613610525,0
22.467067737891483,33.50687573382059,131.98523179499347,335.75380001779865,4127.192741619263,249.68577045970224,220.82209937803182,0
26.5725145450953,21.499774180545682,303.205369920975,272.4639104765425,4466.66599030862,437.2262975254032,248.18330577173177,0
7.382290610969756,43.02246993189876,230.16699586134587,136.50135212347774,3663.231808851256,493.0702097928652,209.6567687937036,0
28.62674837493905,17.754744368789403,35.63019703207306,321.58661058118355,3622.7800278920604,67.86383552740172,87.03666463684118,0
9.87377195103446,38.5374162104096,217.09363594761857,75.64605583058133,3637.4455289307316,62.574554298632236,88.62371683240733,0
35.41213260865591,26.137665036419563,43.41690519035992,114.27809202091251,458.5748915503972,151.11846388256194,412.03332498265183,0
26.926807388336968,13.755539795915753,49.073497720319544,288.89662222702674,1417.102371159959,202.4918518629051,27.498049165936234,0
34.30521321081454,29.181201621681335,38.19169435856952,136.10814878141713,4110.164344630793,489.9722240252731,58.16976821715336,0
38.162041662146045,22.43848589738321,275.17005675595345,311.5525248827566,1622.4267821676,248.1126438157838,309.5833447628365,0
8.571988919616045,26.918565203486306,22.824250277393094,9.908497219040022,4649.408804956562,21.675575207944664,410.8952968548497,0
48.52563019815212,32.78308288691913,16.34682570569435,291.97458395842426,4268.014778040523,456.34427453733707,78.31908029261042,0
14.47666380468435,16.30640357065632,161.42023246185184,103.3330766026713,1734.1709488483477,234.33128894619853,412.59668267561267,0
24.904759357575845,37.17042960595676,235.58514196332982,132.8543639728201,4034.4948790873987,357.7232016361997,60.40292230009625,0
15.796093735234503,37.47306212408747,139.32418491359945,358.115976298197,4787.8795855720255,114.27263535931253,37.45250657712062,0
44.03638688011955,47.66065225791797,144.02758376686148,81.21004343522102,2731.000769709078,94.60805864487843,423.0413229417054,0
29.584004183366538,21.12418666857894,71.94462963095263,327.44167280185104,4073.7347973267897,251.0257653914978,64.98665161353489,0
48.57777377009805,18.94660026118825,48.85847488895817,11.733225775001381,3211.974884642819,110.46952288540912,280.88179024520434,0
37.756832822553,26.75236539285306,354.00789087515545,104.39915939478581,4458.303487544258,32.003824217817886,480.27839752284854,0
45.347397887455735,31.740276574079388,145.15512606989725,105.91234478619629,1486.2026518161617,358.39402617989725,215.73161102733107,0
23.352850797920794,39.938729710632174,225.3327044589836,294.1094702480276,1274.6690117244218,357.210833454455,44.082307731546976,0
20.410469931611992,12.867643141266543,334.3652674520265,255.92749459079218,1425.4244380420391,158.26808250742508,454.2758736354913,0
24.438721186384555,16.666042448221535,345.9098726670293,230.2648745542991,2818.3102916160065,348.1750828933189,70.80134233523717,0
43.93124077826779,44.099801520449184,340.7111816070927,292.76697590608006,914.8298911919493,388.6742063607972,471.3959003152231,0
26.398215288237772,23.39877765356746,160.15262858032827,10.152636514175807,1482.6135881822836,320.2690907698001,280.9654488347656,0
49.5792532047682,44.15030432750563,266.68255749251136,129.95205295923847,4506.630886658756,196.97786600243526,121.64380162083654,0
24.319389188035547,30.06860189692841,204.56916629440406,170.25747566003866,3900.738508472046,375.52434390369274,256.52944423867757,0
26.125580747856898,49.1043343085071,178.67938015190776,284.33064178904095,258.3786546621294,265.94501521999183,191.8200318712258,0
44.81485470557616,49.460243992373826,128.88773584106835,271.1940019038232,336.98725351931455,42.21225504148934,466.3306466743504,0
8.476224055168665,25.580891601479433,173.45272981378136,42.2382783500973,4813.587115458809,166.39220550591682,137.290454618322,0
39.757171649435506,36.32252354684222,250.41392447669912,334.3892563499481,4418.871410470523,288.5949047817206,35.04888155773484,0
44.218312744746626,13.913718305257712,89.04273784336641,321.49923558210935,4112.093498183854,459.02899895550576,340.3824025115944,0
33.567513425253864,32.102666414341016,67.70418495382667,99.30127585034694,3217.5770471564297,228.74294028916898,107.56543163442916,0
14.931680390829609,7.394814486885773,135.63658107828263,11.313388261584535,2626.0401917650456,355.78814656290814,83.08363687764842,0
37.64502602821629,25.454704428523783,30.145558020030588,282.267612724868,4520.683632835998,337.2516570987589,134.14042579873743,0
41.81799678362361,11.294418987096005,142.28048714848092,50.46451422396623,3145.879466800532,218.16435052127676,131.23128777524025,0
24.19521133118774,29.70155112415542,38.53243868119057,174.61426611148573,3031.2617243434297,250.31964456990607,58.7388272142787,0
33.14862204122572,21.6065023854703,344.56958604970185,212.36196755283774,3891.9505605722024,471.82043909494394,177.96081783335515,0
38.61550586435749,42.941812564973006,279.48517208450005,318.17971819455056,179.78056262718772,498.4794669605835,121.01362959315681,0
31.166810394559455,6.120147672163136,251.06080510674494,111.14639613343714,3202.770351343205,97.46013222397809,304.7486235275935,0
43.36300952017776,31.711182165596085,297.79989137246093,294.8113154846054,1071.3607709546632,198.02865057966468,259.0803899773385,0
20.633409706742604,40.04770319612603,210.29230089589393,76.71972164325588,4276.406499447442,326.7829066243771,119.71424706701723,0
48.082143805129014,35.816402062947034,44.3795533507352,187.95724898041826,4695.539567574087,340.8495226686035,20.34871401409927,0
9.444688000585904,7.613456536694366,330.78808752599514,213.9533411321477,1698.350222365187,399.33050522322407,245.20880562529896,0
45.66138099891998,23.566806139496542,344.70976887055417,257.22764123532335,4501.877794089043,370.4074323639099,266.9581993503622,0
10.268542738271424,27.241959086437305,71.44955317178218,253.14687526553135,796.8180649703434,57.30025230590164,135.69515175005753,0
15.181042069264953,45.400420990217036,51.39278102425322,6.326194533998146,3909.382071624241,231.52804886378507,465.5073296546111,0
33.286023028512076,13.918902744998684,307.93529327307374,208.27579440950424,783.77608686669,420.93586816932424,116.18625663000293,0
11.576006513326764,25.42887990686674,72.10507305948602,294.8330773198627,2369.1329692644736,227.90827855533303,369.351455575158,0
15.341018738826321,5.218938012676167,182.74116323981235,42.213636535175375,4774.830429068866,403.0890179961,128.21364212274494,0
39.505517247411774,42.02694454425,202.40700691689398,222.51773114983916,2165.8026306513716,411.5315976708746,218.59361581650427,0
13.718898418458828,30.68872990746523,170.64530652189484,213.7269270065176,2201.184569262151,197.25298661663325,470.85504961543216,0
38.65913818707082,31.087099168421368,237.35041545418372,310.5169215327904,2827.3377688879123,104.95757044000598,495.13496186730424,0
18.666599600000566,40.025285718445595,226.97158123633787,104.7275086068667,1268.8810235135368,301.031123813151,378.25537143845224,0
15.189910731693669,9.542619664768466,331.70544951466235,4.540273167365334,4880.442481110944,154.6799888049663,175.3915557740488,0
27.87021460574482,49.91110983179249,32.791541515614185,137.21337778140403,3347.6957992392245,118.7910725365049,259.0042621556924,0
38.85844161808553,22.899741417405828,175.27333598550004,11.930649829591236,4204.759828745103,339.8193484070198,329.4636713406233,0
25.504381850435166,44.66669510680756,94.56958624687732,62.710681818142376,1311.9830897957768,349.35022967293,12.58657393974605,0
33.78838758191199,32.411740406326764,311.374384334119,80.27863462693806,2269.123285742914,4.70144254739785,475.18358253979375,0
32.516424081392174,20.212443597029143,323.13866828474846,147.61821512989647,4205.341670229109,402.54312977385865,188.65040958275614,0
28.872293502132024,32.85675429639649,223.4424491220879,305.13281536075004,2365.889817787408,315.0018472138887,416.74850431843277,0
25.306510118414074,12.563606493550918,266.57912109990224,257.0935208958928,863.9533925686403,4.274467823451811,44.162544188160794,0
17.274434191261843,15.90607232339755,345.1472834257215,295.066069351372,1036.3998135955944,337.11395153606736,208.98174112870603,0
28.91146702222213,40.33941338161232,254.77527839247853,146.5011003377439,660.424335161948,473.4915131903722,360.31713356196525,0
35.076405904236324,21.503194195877686,259.21383707153734,112.0243904516988,1740.0864390667002,1.7486364909511387,201.89707658420747,0
17.530312711157286,12.109574263568682,45.987831344968896,302.99062946141083,2479.0740189107046,155.0795743734335,21.823176759668826,0
16.753539842353717,16.95229647345515,142.9015137711783,299.2108449263857,4565.76603078323,9.321922304962815,405.15406550414394,0
44.81888270139824,39.526549050259696,339.48957457573465,64.0381747133743,363.07076463078903,289.01990645003633,55.51463172000115,0
39.60247333071628,47.55461192648102,280.9184242348811,189.9141489776955,998.245972607202,488.9059864031387,205.98117499497343,0
40.38080438278572,32.48867379010581,14.784040818783083,47.093453262166406,4732.653091970547,40.3698395165703,280.51956713448453,0
7.529472809305624,15.841042543227845,32.26435135798501,5.4099993395227175,3345.368418534241,165.9993690387559,334.65558584676984,0
7.3300714543574825,6.170210094082052,157.5228709760768,354.3150664598048,2383.854946825516,158.57010811092763,208.31272802193666,0
42.676529022210595,39.477687098994345,234.74215383096427,89.55656006804095,2387.0168286931025,130.40155657142887,249.2817711336997,0
38.30216075443096,28.686422693968982,207.21028197392852,262.85017771551315,3039.8376052530225,416.0277681883539,477.3455646016396,0
8.139358728229487,47.48436430874406,349.12342814867515,140.70916685704117,4861.716382325386,209.11119700892678,299.21117493775535,0
20.134954224484026,5.5178604198178185,149.47981024816625,85.71601811511272,3648.670525340739,154.18487928122465,445.1453636284683,0
23.758573151055685,32.67828182094597,114.20405136609651,161.39519063081133,1907.8781452212588,9.076193565343726,250.43808629692927,0
33.44957609622246,19.449132344527445,277.59024511211925,84.93488906894557,2497.2327882891036,38.410542609789154,278.668756557492,0
33.321839559458425,34.46690897810461,147.61691844605105,217.43104690055944,4754.277774460436,494.9468413337032,206.91265478049914,0
36.05420557114003,6.309580175479201,237.12543023694664,4.227244400080368,2869.349415461555,66.44085985362503,70.24471514870501,0
27.796764093722214,23.473231895642325,173.7429769522144,151.99323657520577,1090.6011681533942,254.6102532609576,188.16691154997832,0
9.985158679313432,18.540748494271053,1.3136684348863703,223.72351595866067,577.7777793075015,191.7918336636526,208.31883702979408,0
27.77441644741504,35.798067048889784,119.08779497863179,111.69473003054449,565.0714071086934,188.63150253440568,304.8643678379153,0
26.9347864421366,45.77326781775741,174.27162821428686,265.56860230579093,2782.1341939892613,255.82982518551395,302.7028249591845,0
30.585804599487677,11.466916074628699,56.81655949706279,276.71865817938044,2799.7579560030017,390.529025468343,43.9623915839788,0
45.82586693506833,15.160637196622494,343.61446271442884,122.50738933675652,3422.3441072300407,441.7144109736967,351.9586255609971,0
10.284712465685377,27.94224751925208,46.36030812544679,178.07364290526033,1839.5068721176888,226.57711336344533,85.13854869157788,0
24.25959658117721,17.325732935407366,219.82256080942258,295.1368740460478,1169.8520080716976,423.1673203207618,116.79251992874174,0
24.89993859197276,49.04445734420687,173.03720712472045,179.89735290639922,3451.190528278448,23.569405174843073,420.66658110509326,0
28.994026793569954,17.475542659191973,279.18104567966725,203.5722248732005,4050.571789227486,134.87901988036612,86.83203594749023,0
47.66355309962928,24.957667317499375,145.47086132522244,70.57671575660935,4780.199365764407,166.5377951636469,403.627757599554,0
8.700728543032765,25.043424928375767,177.11884947711096,146.32400863725655,3475.7010549165025,397.63642251883266,187.96125793296198,0
29.5926983853142,41.857408104262966,68.56948488303237,41.03929088556982,4456.594123980141,120.60102857579541,195.2788040077703,0
35.421663857455975,48.50807387924674,224.5976489819527,286.7039918317792,4037.968814406363,147.76120148327837,318.44071940494746,0
9.066177186114398,27.028144455775706,212.11942945375336,166.16456581740417,2161.454777920775,102.83390184345586,192.4920452313782,0
40.978545460953676,14.774315254494358,180.40360150792202,104.81278036787623,2413.6673439743204,66.90864815994773,157.66509449201806,0
38.5449830704597,38.68904707479882,53.565011485898026,124.38216908992788,3795.956373445419,324.9465895670085,363.037542932184,0
45.897457208784786,26.79441264481427,135.1219306341662,309.6307616877166,4941.895777655351,122.49923015995878,240.75809325674547,0
35.467081816645305,34.02983300297248,146.24151887660477,337.0036508710096,392.31864204767874,246.4641185991513,446.53922320991563,0
30.62135565040365,19.67655212817467,274.6064658584082,44.11645644718881,101.53130190931535,439.76183417158796,45.39640434675613,0
44.20743321377946,29.87829523060362,321.3046473037352,354.76282691557105,2962.8930115819935,477.0261933295921,345.8504214807779,0
24.688426556348436,45.911851868353764,22.60825316042741,68.48987950751066,1738.2448023299248,372.72404785161837,445.456411031991,0
8.293303493284075,16.20719918877679,164.08645928904593,203.53070479336162,2541.2161046022356,478.5798308388945,389.582967322399,0
44.4716190811916,23.089743345921335,132.77809413152008,81.8586848814279,3715.2951890546733,173.18559584548905,72.38610025636305,0
6.538377807990901,18.880920284078485,225.92336444507225,44.600083603745304,4863.319066959014,199.43222294276174,436.3671961604479,0
25.170359536553377,6.534736641876231,62.38642365068464,68.3364561077473,2115.477840795964,156.03141927834614,469.84545383848064,0
30.8817956097533,39.46360267901649,233.2253478661118,200.77397049146674,3511.889875446412,316.44593797595905,134.33605791523527,0
27.61092843894611,47.602703857821524,205.47947827521656,275.7580554787497,4216.204874912174,206.3104202896079,322.450306487849,0
22.587767611371603,34.76383665534425,313.8389513243754,185.9971163794752,2390.7860082496363,204.32654375219678,5.321948231506612,0
10.76885624712498,16.778134462172872,28.875969196570196,56.67369060531803,1300.3935075002337,491.3167320782901,93.87602576230714,0
15.805098076245143,12.147881744055619,23.8049005705042,358.0026345653808,4084.297909385706,222.21727970334854,221.89000000257704,0
27.69392218446638,49.50253762383591,29.46565241368298,290.8121887851215,1878.7546605395898,352.4289866361612,310.38795160155655,0
28.532943728988432,19.44297597907686,238.85104631756192,353.40145435757256,3199.9749255338943,99.5234590799548,81.83468836288782,0
13.07146249206619,26.264866994212397,277.5950957308777,166.69280514772504,437.16321677441454,340.1267295024161,396.192045736156,0
28.218933493518676,32.883869257678015,183.75043412078838,86.80305518905584,600.3514889694627,193.98892449485172,487.27670550259546,0
21.779466668725657,9.515004105762124,10.755272276506656,66.04304795279474,684.7922490026372,45.563217444579195,206.96493330013544,0
38.13041378222884,44.19068313310215,271.53637035955364,35.12207455967451,926.9843443513262,423.8387496392718,162.08781104812442,0
38.74658265230911,11.661995750119237,271.6527028054366,208.47630305171288,3482.179837388934,484.39004039766854,435.72284762276433,0
42.03112433452531,10.76940771944706,219.52953238540462,230.64715463196282,4839.185932601636,241.21592978928757,448.8908211796694,0
40.733913820010095,24.32331941807835,90.30796445481155,221.53660944897197,1646.3543450047164,306.5919077494449,97.45052345387245,0
21.324721423995516,41.24535196269006,303.07533519700434,157.48198110211035,3358.249539804381,149.39956542197262,470.314948732956,0
41.02364482851465,33.699693301631015,319.3396259522097,231.7182054825819,811.3244208191146,163.77851072071974,309.5788781697136,0
26.175987759899936,19.569570355783174,348.7520694330672,225.63658982152495,4967.776533469064,453.6074031752855,228.3169707729712,0
10.451571177410724,22.680767597688913,209.45281171869584,239.9220005333268,284.4786390694376,415.698876045236,439.6306761820041,0
19.146639130402484,6.561277500935105,304.39307437854217,68.94599536959454,1779.898909207812,331.58322697680194,304.9544290534408,0
15.319378185667539,9.302631659349146,199.35947715341655,354.2838789764447,3244.1494953283686,489.3871194087854,416.9795324953726,0
29.654504651992802,46.82033763868283,236.32604418524417,94.65061013318682,4600.079109350415,342.44903126321736,250.58606141392374,0
46.05189465671327,26.597619300471443,139.2887644519594,9.195950437763297,1977.7784489203846,247.89554456232054,461.33942986769017,0
41.93287302373619,32.31162079940323,126.3037933526665,286.27548285462535,4484.35062855446,422.24376131241166,361.76615084839887,0
7.048054127635771,43.30080713194045,38.7421363849025,109.24074380837743,4209.806350580973,223.1979276883983,476.49990239275877,0
26.708861888161806,45.06317049871211,102.03034722381885,107.60022529072607,3376.716163542089,94.58706453153637,70.33061110904897,0
20.90460163363253,37.9391260325817,47.371258351691424,341.7650669353758,1479.5966772860563,227.45346949681644,125.29668472755739,0
41.998747914827106,25.435830412755685,267.184974498948,3.8074099158335573,3911.20020448864,294.8035593124426,70.09274580959057,0
17.396463071869576,49.625753566833836,44.076529733839735,224.53624601774973,2396.912341792195,346.20929395470034,188.40826000381344,0
31.90249786712145,28.70378641457768,322.7768577629279,114.14694875949056,748.7106071673228,449.73521714525884,481.1461517710567,0
8.06282612031096,24.706943216170288,105.08273621824017,30.83688516123708,271.5986112276312,373.66159071822227,325.15831316244953,0
27.726100858239437,42.644451619926876,306.4985367452278,274.0337002750864,130.39734762860115,30.19538569917807,251.86659574192566,0
22.748460677538244,34.23030161890085,113.41870497204044,122.28944882211482,845.9144082232574,312.8693376773547,264.1953943600962,0
28.2697536699373,43.12635879477092,278.1703820695233,79.11122459198542,2630.658917726457,243.50848676098795,151.70402470967093,0
41.48781372560569,5.2300916913174715,221.82146312390427,269.98268665772997,4524.511543176314,276.22141065281505,494.10648516553823,0
19.89074444503759,22.380122370591156,148.00696374952898,46.241245328206524,693.8566921665204,207.8919548729339,38.243719193618354,0
43.630415828788514,8.412895857613798,359.752129741167,316.862568463105,1829.1408488015632,418.13955801005505,461.157704113731,0
30.891882141060037,18.405705189485875,90.92390151380123,164.54698047855567,1927.5052053978757,466.74191556254203,342.2380502937609,0
32.841648376888955,25.154792668470776,142.23240012482034,185.91215903858338,519.6920648576115,24.173849630006405,154.32304546001612,0
42.125351106952124,33.794284046425844,14.258717836664992,342.37753685816455,617.5045960966518,199.15488879476527,459.7724569017794,0
46.159442750561304,24.981842122738367,206.93685356647774,326.0273340173938,1074.5298981315696,378.16520048651125,233.64064064914703,0
49.096694802064754,24.592294048278056,269.40844224819926,194.91811006828107,4271.923943683339,207.53364958646574,92.49814526058547,0
35.13633697745062,30.212574080074308,189.00727768399582,329.276613132052,2322.720950517656,175.70293956410205,326.32361260012505,0
9.126805606063256,33.25083981640894,131.5252339433161,32.83863450923833,1575.2527787319136,481.36081695269564,474.06225101692064,0
44.44307807671305,43.49948196536736,320.0267677807076,232.73549912789844,523.4321947460479,90.43124726227603,171.1101865498101,0
41.20940299390623,18.371586411929968,79.70653516135286,40.68573216582004,4602.664671300609,6.437670457366707,434.49243351600893,0
8.097938064813132,7.364908337720189,117.65509557547429,119.68203465788861,3754.6811315902146,319.1157357056563,449.2739565052837,0
31.575761017764155,45.37297977800108,52.36786244132074,103.7574713403868,915.7433930154418,306.9532235794579,238.1164133413366,0
29.90285116412072,30.07034767707261,254.00168359898512,50.90429104478682,538.1537207155675,162.7493372577592,393.82768418899207,0
5.180108868615118,43.88402390177275,208.8949614519787,215.07299212987672,670.4186733307619,113.36477931114425,480.35987330589114,0
47.71559946878031,6.791430256176325,127.2801053780691,167.50465119490147,3114.5928893495757,95.89566467843719,450.49088831421204,0
27.881598255651994,42.01912580243401,101.08322191471774,173.10423951245693,2820.3960778758224,317.6595422871088,401.8160814961815,0
14.081639369267009,15.958429152075496,212.1464496415328,177.46820295726206,2464.080535839452,455.4893714316182,257.87115566368516,0
6.285354199172832,16.43318116364362,30.51669614520128,281.58168111322186,550.0638357469595,50.622609791172444,113.68622565447922,0
12.534134269302672,11.95541744799098,106.16418064102083,61.40742081358435,4412.703111679209,127.76394858708123,115.2931080505894,0
5.32335889153329,6.872232334556248,283.08146602078017,198.91138185387604,1933.254941940976,455.0465952041392,206.55320112456272,0
28.579469648836916,26.17536239235213,284.9622426601966,326.86941275750485,523.6134386294137,471.8808580176914,407.04493594033806,0
16.780763665423436,20.424819849936995,358.8137176700201,271.0283879565619,3479.2668785213946,36.289195502595405,160.21688433473764,0
13.991026035383738,34.88457888237953,212.34294900071689,12.660605541508861,3172.8063264893044,471.13895759252523,182.34861650664507,0
40.67844093008167,16.750238589408468,295.0744399099968,157.67694447002052,325.6696516039963,400.7825192949743,35.160303750609465,0
29.40165563341459,10.924760247769758,55.24731278844233,38.497390722649875,2403.379783270137,58.08913825843642,446.89955040179666,0
48.515902897354614,14.972961687373251,333.50256467279087,12.964066913854214,3152.5316116310432,333.17269778444387,418.779957905164,0
36.15501143796285,26.73889159969232,193.30124326085487,129.85752170365248,3458.1043085945125,132.00239342821223,317.5816246610298,0
40.88946587896677,11.640020707647082,37.93076306607829,136.8104138213551,1573.499617902482,236.82652152634333,309.97154788056145,0
24.87942561595692,38.055369564074134,295.19062882524133,85.40022301277249,2061.651055993415,357.9160369425338,192.9893972994725,0
26.16785146059982,35.832097777376475,23.76560908035956,336.57803579713203,588.846078741574,242.74837251882357,83.00544070372729,0
10.988807747893492,39.519198180806825,327.69061611075864,298.8609521128492,4100.424964394262,197.91518488801802,194.67301224320533,0
24.906162151747555,17.694076721118066,216.60941158441597,205.49808054194855,2958.9792924643193,257.8216894890203,104.53268030192281,0
38.446171037888575,37.750020024279436,297.5001591932344,10.13146653959554,4251.112194540722,32.50759672012654,386.84924284390695,0
9.48746722347158,36.954666473622154,264.9163907755925,327.93491940085187,577.4435767063876,83.83298080584373,387.59041612927757,0
45.2358472128586,18.091536832917427,51.32454546800763,84.4846731666953,3880.7944046540415,74.89773216450673,410.6718660218994,0
11.959114269468953,6.569072610928098,339.94723184700644,290.42580114005415,2340.9631010928892,237.35770208837042,383.6171478194923,0
46.632732477265634,23.043417946516392,318.76568636553384,66.38845807639477,1799.600309410408,137.04548419693174,356.4191148988452,0
46.78878855641587,14.112495213296302,58.20411784764885,166.33871410817437,3237.76256946859,199.4765826533267,12.12833377854211,0
14.292043669504855,44.11025201261124,354.42210584594744,278.71439774248427,3443.677535845992,64.23659127908604,340.6268318489036,0
48.332921621474185,41.17235693310329,75.31090546806537,53.663287687515925,397.9587509800926,269.63898633285027,118.60483490387946,0
39.38897373701573,30.1593651713534,21.19407440883593,322.45607412197563,2222.0125760928986,61.41199905286643,281.4738108670011,0
34.03155546550248,33.74650900800337,181.84713493582058,88.065188388137,1052.810308628023,50.626438340987676,255.47641796586734,0
30.466636431848904,40.596247951120596,90.5434230586585,65.00686669979973,3461.6899592799277,490.5199444859296,252.23006978028033,0
49.97429300562225,44.989803813814255,225.9226602045332,66.20366796592651,2326.677540316101,434.4795566844581,326.1490765946891,0
21.21793312917134,35.051689455817126,209.0314802318526,137.73482620683345,4714.055906217307,147.84755344284838,73.73836484503565,0
23.995324907854236,45.583525143685414,11.340560011851363,184.97133330847254,1434.97973704543,34.87799531273894,200.4358661506029,0
18.68384137927763,36.49261976329946,273.0427860420396,289.75611903683074,2785.94147343082,483.7185237438847,124.22297693732564,0
6.749246811092107,35.286221421965905,159.51683731786343,66.37402157021671,735.557621563514,100.03602596553735,38.192338013024965,0
23.00911294001577,26.858718475996273,10.49945644372781,141.4566186331947,4010.7918513148875,365.6117283499684,403.19730796843385,0
45.92731685742397,28.086358542801975,179.9142078278831,137.07575962601302,2244.785938659159,207.97772721986175,248.3552743644385,0
49.81346146420022,30.335809503564537,116.28091028657211,18.195098532114162,1508.588894002427,382.47053581073004,171.8934555337653,0
26.904537258644726,30.87908273424523,241.06554653647592,50.66548721449501,243.81463381687183,125.4154139867314,377.42494313823215,0
29.750861092478004,7.196996653686478,109.49012464823676,305.1205882245157,850.874510126255,226.60659794759042,405.9021461680743,0
33.27131023960902,19.185718334878043,307.12076782372196,322.33666017311504,1227.6748933503918,147.74616882687926,348.42145795244653,0
12.92427316005811,18.674631325936474,306.39502706246986,239.5318487818482,1608.5414096507604,145.20033118155433,436.39760792564084,0
8.605424626435575,40.82816038212931,111.90127595877766,182.1735398299792,4017.024626205327,387.2092029709688,382.4929194975079,0
23.40283705460675,30.658697693416013,355.391523463113,37.738815759038346,151.21099342359278,3.5699469332685085,131.01402939912072,0
36.982900919724756,36.531769361221095,17.592057944271442,308.15099255633675,4435.234187969673,57.006906681476785,116.75068777306491,0
27.95244763140201,19.300285412552846,252.4311919793429,223.188960590939,1206.1162033735936,136.21603606258108,408.38626391994063,0
40.053834069143946,34.98345343738541,314.8688303220916,66.6981742805255,2791.2075903165933,450.8403204907189,44.23583666700204,0
47.158474609318745,39.121606249298885,215.04196634992445,203.98747393403818,4279.691625645266,40.67432245684866,468.98296582940145,0
21.103107140769925,6.226952088096715,345.7757299947781,293.6288965230904,1449.3437172469771,266.68631523270915,470.7948303122423,0
35.237470977924445,17.302898314424734,298.4847403580893,191.40903135626723,2235.8836670150336,131.60958248975086,152.86282443367017,0
6.639138173529304,30.09937940159007,323.31109491454333,84.51410789146539,1527.5697980098932,222.55455188348805,367.0641471540573,0
7.21813859161592,43.734040509795214,160.7472670637611,220.83453857296843,2900.4631803007064,26.588277866148367,304.3080608232551,0
48.300245880268996,41.21428958454877,225.0959150278217,324.6269959901343,3591.9997575566526,114.14168550181647,100.90505430580504,0
35.561081798288654,40.46164403217145,204.0674739568725,11.18438503300177,546.7346545488087,104.75651895620247,6.742228787758653,0
27.341637579429555,39.30011899092571,322.2345644179298,291.8568927325367,3863.49487804707,362.8246215908857,287.41967194158906,0
14.527091261030291,39.45072278120775,311.9552209212171,306.63795939979724,943.2460416703238,24.80634928617387,390.28203871727305,0
37.618119530311226,7.898666446144776,330.9404454039809,325.3289325852726,2244.701394873804,418.8246093166917,43.99328367657668,0
15.707732120242131,22.581633846372103,324.333347537707,348.07444589393566,4928.428150930071,109.00065719493834,75.06517637117804,0
33.419164373252656,33.51597326392497,125.41650106818119,127.13657182902989,3855.5282296475652,151.83416926480277,250.95500246304803,0
41.810750614822354,32.10114631605336,23.633630235192584,20.119718749486637,3763.390463639335,217.3372577997274,228.76222455819328,0
5.7226152269944635,44.792512466686944,111.35726174329263,52.86152941776805,2090.3638017339317,138.0564632187799,384.082640858589,0
33.54353377990745,25.047067116322008,132.36763185210452,163.34679914578672,4903.381895234411,97.34524817663831,322.1294968166837,0
43.14095391454293,16.93781426589412,18.122040096195178,123.48432001730546,1319.1937159551815,247.32824838814065,66.15003686110549,0
17.25350774066386,44.37264786556239,253.39379078327605,173.7305507399651,3998.477661108212,300.6879500956159,210.6591159801995,0
16.808278572071703,42.89096484053495,29.890932756170074,148.05760707055876,2163.797270378437,120.68039716696421,449.1988897951665,0
40.476149175260005,12.600558316987282,198.864759006718,8.493944260715862,3706.431061937439,111.18248578979484,398.11444469533456,0
49.466854160196945,11.894444936138223,7.839189140164566,329.80074540525493,750.2996310741428,384.4676042062482,2.2487431203002672,0
6.132755337596132,37.956344501604235,146.22125253701492,140.08603968731225,2144.902968833191,140.35458132473255,174.50069783605898,0
22.18517085066425,8.468199646851943,2.2535319980039814,305.96541119762423,2549.252464305642,383.00790067959593,87.56352636206255,0
28.79967535099099,8.366701236470695,149.8676149156828,28.36420514647861,3169.579545503087,232.04526931117024,229.94539691842024,0
19.085696794573344,6.92501988240223,309.25102010023056,299.9146252733791,1132.7981787864205,202.1768931049376,398.9653692257164,0
28.00950001449405,41.79797156002692,131.71600833285154,284.9992005555955,1036.468769524335,4.210699611007729,383.8325521144551,0
12.294356311486982,11.187687751810778,220.36630417696938,124.8535874421193,2441.6587906986274,444.87147834369387,253.06075239849352,0
8.664970758411428,48.692096870278824,91.40983074071646,6.073936253203782,3933.5591556087793,21.95846103583543,120.58262030819783,0
32.85288389784197,5.418442683471081,194.32364482559328,311.71666115247746,648.758912313995,23.6356476422368,373.83726071331705,0
33.57960305264105,18.563844657808154,203.062696621043,77.82414577359889,957.327310892701,207.52024266734014,82.23579385720325,0
45.568695396193945,26.407173203443186,291.55694626683083,37.39205276596564,634.8319018001182,89.62130565768194,216.9226335740187,0
32.62554550180988,28.87105242629934,122.5041870759277,74.43371883279463,4261.888684397237,138.4137744048483,208.12080264443316,0
21.393758711050626,32.962107518230276,326.6961332279303,145.73861977732562,1018.5915574400708,453.4755871723333,383.93749069561414,0
15.826387176384738,32.17859650490074,289.2485379642933,79.33297898542973,4432.1137154320795,85.92186012038577,142.3601160200237,0
48.60125369276114,33.04982050459152,27.357385065216917,29.29281568698029,1392.5278584679475,85.588478868237,260.9668797309462,0
16.387032185930135,7.326836574128431,95.89385111179487,271.341549418047,1215.6461478963454,50.597700091694065,226.55083139885534,0
30.167078332207655,48.90014255813426,101.33446275920822,20.426866614311393,4521.584446349022,57.54973395432689,105.1382926181031,0
46.98129131652139,36.0984076058095,25.604578403980103,204.2609362936627,184.4304846560753,376.1798888774504,172.9986992411493,0
6.656855216894325,25.879197128278143,325.91642828710474,134.39922130885054,2695.0101113957758,292.75078680970546,130.06024916674696,0
23.20468104117577,6.174329277340586,164.68817750226216,306.8505248371187,4888.071765756282,489.2902337169772,377.88840320095096,0
10.690262778780706,13.126447964825513,34.470958952089255,251.41508819838694,4740.478582175767,193.81300273505002,281.23779825498355,0
35.214719996413876,15.692152408062222,144.07489306469506,330.69927595349276,2701.1455487454064,272.2098261109115,414.3705881971285,0
12.298476981784958,8.854615100055149,138.01637509230957,298.3293638006182,2247.389244645616,281.7401334598679,352.72390784859965,0
49.77605721288937,41.260272970211574,141.51818161040268,32.838046728467674,4961.337251010863,202.60327105811166,202.58400952007577,0
18.06398357086905,7.231285380585545,106.68998000305473,106.71166901290547,4857.584718677667,0.27052611015476735,359.83725465265104,0
45.621740061907644,33.764959867689306,280.5140158844682,112.84342631976186,347.5046646153248,493.45321227199037,343.3627752663084,0
38.30621465618239,38.55084122195511,34.737575753354584,323.4791693933643,4117.041743163045,338.3303627542738,371.169631998546,0
19.186876645869972,29.423510342839528,197.66737523887065,171.16501969185902,4189.930246835371,476.02636379557447,182.24857569179304,0
7.8902158243393385,5.751888140720766,150.5947312867936,114.37654354897721,3158.052015074341,360.85239765654245,481.5991990182181,0
20.483830058794155,16.61288557365385,282.49318230935245,154.56258225097596,2071.66930328539,114.67842148333118,204.06326139874938,0
5.633657606478307,17.78843592812391,276.71156293302295,295.26312041834177,4170.770607511376,73.43203670723442,273.45047646676886,0
46.03455258085983,40.83945360619408,71.09264966685882,300.29861481961774,1633.5643170167768,132.49248104566215,368.57429354407105,0
46.80466377726325,6.392892131605277,194.3691705351789,266.4718823202911,4105.236350207706,187.42576491849073,23.767367205183632,0
7.2281978823749835,41.081913412706875,274.65239588900306,357.52819404393057,1800.5869737591117,125.4280366660962,2.151888531809476,0
35.379259354354566,16.136524899461513,208.8214732820641,80.7971726606759,4688.062990951891,154.39861753602858,254.11477944296013,0
44.166151469305426,44.69025128566565,236.1723852705603,242.67883267948426,2689.909874245959,75.11301069356668,336.3246747083453,0
44.535357955884386,39.778189645085384,300.6909328165271,40.7232643218118,4357.368516441422,272.2494578535188,106.19331995176623,0
48.04433059155119,35.56693337719649,52.67974313085088,153.47242118411566,3529.8808380627975,384.10406216579565,495.8717888195628,0
41.439744547421284,37.159562170928176,260.6222684471262,86.56045770259087,837.2637825627334,59.40040709946409,423.5513355815448,0
47.86260241048196,42.87752882919669,96.60345309479261,198.62034940280185,4870.950180418915,291.9455341074172,194.63994612749286,0
14.478051048454816,21.16155014515608,97.00684023287677,304.58838980748243,3504.943762575382,145.21321384222136,48.268775376872355,0
35.38378527274784,46.322540951692325,81.58370239262152,328.7121215707857,3346.7867459329227,247.72357581790598,277.2778631500821,0
15.036199595540646,18.020311394790497,280.38573020697766,209.59263092387152,1060.9997348364445,38.197066822846345,360.3265996602034,0
39.94562273298104,40.119645178396944,83.20394657448715,39.83930773999645,2460.946944154345,454.48546854216926,81.04634976199392,0
23.536639783377925,7.620431163297373,75.93893277825224,127.53510572975465,3292.0457419807267,95.35178592548522,142.50049051102513,0
44.54542928065673,20.96266005145325,300.61651016651655,115.3895440747099,2894.08089789902,8.263145059271782,462.51700223092706,0
23.847299942639197,14.55107740100735,306.7009313280155,50.28657535331557,4990.129037522524,198.19428923766196,276.03234655486517,0
15.093607213570504,23.72518486040288,347.22839442717145,335.8105396406351,2963.720056007957,378.44957814069176,434.1895182163841,0
17.22405049973655,6.7866037961617485,189.02379714261247,46.91454275866808,4050.6019586131033,213.57580590174325,182.60549756860118,0
18.49219388603821,9.027719023200772,133.5915601987782,137.27755187105723,1684.215731608238,475.7502844542275,347.0931577599005,0
35.10028210107491,44.72112420983516,60.816374123465664,251.4303970071907,4847.319830993165,377.5425373634288,491.8346627007515,0
15.433647603584406,29.306213254562635,81.9515285012348,93.73051591092508,1357.3751704367064,407.3913777212506,440.2259863618318,0
28.72784575152865,35.90317729038915,189.45215991876321,342.09022529662246,3430.816389472384,477.59331848847097,365.190288917538,0
43.00794027114327,29.256499523754353,107.81120308488761,123.28873875607309,2844.5072259964945,403.8709362539013,353.2803704469788,0
29.608718298678244,43.61004730816474,140.80643853844416,359.0574274682204,3758.2814944719676,151.27348101896993,424.87115034432,0
47.50059660949347,27.236583536667066,210.8713741613997,204.7994153548595,3607.2539290942223,186.98444124679898,393.2087648600087,0
37.12918897460808,9.845711984960225,164.8768337924684,215.24638053995395,929.2498354418248,464.8996508804638,60.753617991119555,0
46.47036128422709,5.810096124304792,81.24189632417956,120.79491706072761,2618.806760881466,465.07935855138317,4.308480194666398,0
46.896433628752575,40.70504384365418,319.3378031771952,220.302901124592,4115.427852268402,364.6079135360682,254.2531058829527,0
6.219092675231466,21.075709226444953,222.84476302732403,216.38057086227593,520.8535212232142,360.8471879994332,127.60259882829588,0
16.680275516128134,31.98740298913668,236.05649983329752,18.988414593650464,761.0880818494144,94.98013603807526,162.0312271611981,0
31.86928401598239,6.248172691418263,359.9218249615743,13.904210056603672,1027.4910616186583,391.9323897750911,234.33486116146346,0
13.296541792694311,46.458247806254626,148.4952252910277,262.30179947958857,1233.178065004088,123.5831183021836,324.36842271448586,0
28.17672814132373,31.66834330461128,127.66326165155284,222.04806070299227,502.877014883518,283.5534426467367,360.45604027571255,0
20.21109698079534,12.00384732135476,162.95884075338773,299.27547110113375,2876.3383854202484,317.9336177518621,483.9326395730498,0
14.904594507939937,47.30461157976169,137.73223693898615,32.11794646046302,2259.8201547526446,156.360844796199,96.99172666354127,0
22.573382778789785,32.691130458076145,243.7696455354875,235.4197783398293,1572.63548253887,450.3530708675008,151.50025837382796,0
36.78461620965582,28.42535402747536,218.15907212381043,294.9144264058825,3793.808050754817,330.32472514658315,392.36964777673404,0
5.930606007262189,42.39565254980625,33.16759034087524,266.44929789844633,3944.301324061617,114.26918485494208,71.37795458510543,0
23.1683537672886,6.706566104144292,28.216342062160713,239.1975343506563,2820.6121513918,74.52871699622959,134.69895988751085,0
35.246675023397685,20.387163759969802,227.20101202753233,65.79095434103371,321.20125724179724,344.00011535133854,131.11622076056716,0
18.11105975365355,5.168762523162428,19.865666333653856,247.84752264591302,1832.7753338247953,273.22177033975856,73.22521552978328,0
14.58041837496158,34.240421301027155,173.63389916475552,344.78370478691494,2023.004709954497,488.1301857138792,157.26602149532582,0
14.013217221522009,13.299488621874739,153.85176182784477,94.3389558106384,4816.957513226503,101.6174094604756,32.0146185363282,0
25.225932268986597,46.34933198489329,327.3489960174857,247.48364514855245,939.1912148489366,440.5294436066445,237.30356961281456,0
35.102402231992656,30.134357506012908,104.83311922349581,216.77922610797344,1849.7246816006425,481.9570717651954,429.5012383775621,0
33.88488969526569,14.780097018059903,346.13805509321514,156.5670343714144,1693.4290246484686,60.380037225244656,292.347537022736,0
48.754197586745704,16.83296030606987,336.2831099198028,89.48596112255069,4389.129460991704,305.93367703642605,419.47262223484296,0
6.189230391238907,8.221208606145172,73.95076507338014,238.44891141280465,4626.533483518155,286.25016788571224,278.52478130533353,0
46.3634305988909,10.685060881492287,281.63963375652276,144.04959884182603,2646.0100107047924,224.44106103097644,322.9579103378916,0
29.532766586345065,48.256256557643816,207.45378060881686,144.77241892544305,4491.387242868482,218.57549003731873,7.08535614928979,0
6.5153501803892535,16.1650518721227,79.57887765251809,103.74673622952028,3372.6910953664933,363.9007661890438,369.19704546568363,0
47.74669343235391,40.84538863649882,276.09726710326123,172.42076247224688,4820.740357531771,417.6580316076602,418.83111296633933,0
7.597614082955503,44.361176914655466,76.4965292041062,288.8728946388508,160.23853206382617,131.0731577354061,309.9611183789364,0
7.782579780056894,24.79778792709198,239.05645213842863,41.98845693348366,2700.748726037483,200.22437694940544,475.3180291535503,0
29.06882841771004,45.059518510793154,14.576156804984244,280.80069034622636,4598.462403798668,193.39041473707735,293.93488042926583,0
48.19183717783499,15.464754962386463,122.29555026287376,264.9349833325702,3091.081896512009,379.2503858813609,353.2202923829006,0
12.869325497699307,15.852305850832021,187.6843403234712,61.69953885650702,4953.727267583526,256.1482902199844,371.3762005496344,0
39.66347451693434,32.452988234238745,10.73791550234489,330.4495264501814,4562.477014738237,369.08499902994106,474.7257574661236,0
43.25624388803465,49.5574491732343,104.76488360897238,83.95186378684072,1523.059060719328,288.75524194334395,479.2906096488504,0
39.13515694086688,27.332022320547683,12.467222124960005,335.2994875637783,3385.411435226176,252.35205230588036,242.50244468686,0
33.89191896722063,44.745004517358645,66.0271141211625,314.9704276809887,3312.8825264973602,250.50787977596673,48.86869567543706,0
48.17594952651801,26.454981710971012,177.31441917960723,270.86221336772286,4155.472031481397,312.61175254649925,174.50048190896206,0
48.60959853101981,16.956563095319076,160.07641917404993,33.48193912072738,1325.305176675313,455.40732670695024,389.6264864984172,0
7.9355179928439465,28.77216846181397,207.70264934922386,357.5361484548267,3338.3412849935967,170.2366154508165,160.1238866105134,0
13.249121591300952,6.690759164060825,319.9109520733712,338.5295481260997,1419.2489930051684,347.2217602350418,46.06617368889216,0
29.364427645527435,44.504863299688736,330.8978943460517,52.21080972672067,1068.780210158721,130.39610998513973,464.73681890734935,0
30.995451627269418,35.75290591708092,117.07328094451104,309.3007162764104,4704.301320667621,266.19908700625297,29.429289869210564,0
16.699893863374157,49.866859267699105,186.53965642427082,55.605029637052745,3651.9862687228683,27.943422702151498,299.178555774472,0
14.045728691665326,48.471862687294276,136.7920065921323,64.87702313182521,1364.033121198445,18.5296492374461,274.5523448184453,0
11.428604493988644,40.99974289900287,119.29258659722078,153.48325682833277,1583.7814314553216,359.4018550946697,115.25968740613435,0
20.568240685143007,11.962937790587766,143.3959252478872,127.53285793363261,4207.317202659195,325.52834693931004,201.28043342190517,0
39.04533206956991,32.20056975920341,79.32451631136203,53.75938687253967,4394.05917680663,244.35800697061876,295.04794009104637,0
38.08628728886227,10.119144052263401,341.084806750784,331.64579134785777,462.9686721486639,59.46449750755755,75.33193693440322,1
14.131480947595975,24.22863745835404,34.86231148360032,157.683601589827,204.02116692585466,178.9528915665733,72.49108864245247,0
6.675637946870442,27.19206031465751,304.19559530383304,231.3758883407763,574.5231722657109,50.0988414548425,277.0681451604774,0
28.77039274802274,24.03562444640606,79.20982109396355,191.30755363059563,1195.1190377642486,455.840181457761,384.37362674537513,0
35.59719280413076,27.604001869214212,357.2283809811275,182.6443656987664,2873.231305749014,245.6787813548008,151.43083054113026,0
15.698475636098262,34.40152033269126,284.7142148573756,339.24242250729355,1523.5995386353743,152.217333314499,421.70249452214205,0
7.408726383094966,13.689164903727477,115.31625510474564,149.38057054197938,3299.4479241960894,288.0950296442467,37.244246438433606,0
9.85073574970449,11.246294935387073,70.05691503297315,194.47288288292913,1519.0247050302398,415.0344842893756,89.97860805086361,0
44.85611664870104,39.19255208608756,19.70770715033174,61.75393798907197,4059.0015014903565,439.646748292909,473.57068277990163,0
45.16188309497503,11.88281164726974,94.08248509385697,151.51516663042437,3995.0624519502953,453.4867063768005,314.50200459265056,0
11.443936063109522,13.693969237812135,160.49651167567075,70.18718271986374,3662.447818941258,16.244533668218875,118.79507403977414,0
10.142918856896028,42.41200673698502,258.1770208056571,3.0098351483573182,3942.773487628463,278.2564124111073,263.37269056053185,0
38.46728430992106,7.261891617117432,206.19111379538998,54.19948918773112,3259.671015806,91.18635846174705,158.70220503749576,0
12.789439669978488,44.522047425391946,119.4338190789811,283.59417094678014,3229.928988313574,179.04645671435694,331.76849554300924,0
49.7508908135215,49.9237181051679,349.4121549964515,154.51465632975078,1012.7813500030018,137.10521893385814,412.25917172545104,0
42.58677552429901,38.97572038809673,146.02654927184054,99.57918946614825,490.34335095001506,149.10604495676623,101.83272153028882,0
22.84012885644331,34.27372310860545,264.241685133774,120.89126612542515,1097.989262257463,313.53840647487704,236.6019639099201,0
43.924201793562425,45.67788969010618,63.05702131588865,183.83118911259294,3796.1357074277767,137.05844686459307,492.4900609865278,0
26.260232416070394,47.19489809647977,347.3629213996143,232.78539712058182,2451.546080823549,148.42463700279,449.0452440695738,0
46.01644828947824,6.248566482680577,316.27705173094085,123.60733230433475,2874.643365198,394.00231383434647,77.81264009987504,0
45.56343003987346,17.34989927751721,281.64154537719287,37.70996591971713,4872.605461961818,442.6532562567013,124.98038519611548,0
20.605625993864166,16.10475404808737,163.8348695907436,122.06330508353278,3431.140065023906,249.82717391400683,140.43424592246024,0
6.0029480025918325,17.672402315907654,287.57405472921414,72.28158975021913,770.4513761193242,21.74383518696349,29.806365656984745,0
21.019061164913296,26.305950797976408,62.330876013371984,171.69771807908796,1349.6729567252066,11.128930694449535,139.81768876653095,0
5.257118625963252,40.555234572323805,128.7787147436496,116.3933309955899,2194.5276690380047,232.82146286607897,171.27181251630032,0
29.310094839696784,19.416425372017052,165.0338227403808,88.24107620969806,4302.845585587545,100.96427272163339,13.57551550692737,0
40.78368564121585,27.568223939616328,171.17228516871276,128.24494388382865,4735.801122495777,227.1371224143517,460.90782522182974,0
49.67102942726134,10.397601053685802,47.95897550839713,246.51045770858826,1239.4931524765664,404.3082389904562,499.7481617026854,0
46.269739823940476,7.464566888376266,199.02865032329905,248.82925472594394,2381.554103835745,441.03924763116385,385.8037345644213,0
19.746115376684187,49.8457749422394,167.8001263025365,123.32010822500018,3560.7573527645973,249.46459632710904,50.02198783201428,0
12.2289294659961,37.37002345353317,41.13204968864384,99.3392795790487,1824.2260561177075,82.02979607618182,483.18780095297996,0
48.649058064390225,36.12132651261973,3.8675812589002057,65.34228057572079,1607.0735195887016,116.01863491282877,363.6505394994519,0
44.81548285458174,48.21892765027324,216.57226367520545,136.024819896644,2799.920818888089,160.33789699495588,382.9006750690097,0
49.59889781598961,16.211956872226413,82.00461215542181,138.60345896978356,2568.973746125818,118.93991502582524,8.826715065714918,0
49.72880346075599,37.97098195081546,204.41861119855074,359.91810575446846,4469.554079217352,246.86471606212083,165.07791930995785,0
39.847393179160534,19.63181716093125,19.972774567312314,180.88180459331278,2538.1994982311003,244.19685384913365,415.38545365066636,0
39.034531671266606,19.790541474316065,182.4546816386226,43.627944539169874,2554.7900450542033,295.6101034203456,41.70916133313979,0
33.1880392196842,12.44983510713349,283.47929760375104,9.576315394170404,727.2267429316161,173.74927113590078,295.98531428214017,0
19.582051776294513,38.022742192695475,223.7660079975184,6.675777254579822,974.1066664353641,359.98398926911176,426.33103117873145,0
40.0322527861438,30.498709740913963,271.6842918948176,81.88062535242992,647.6883523203916,2.9193323599129295,84.4296388013025,0
23.74378823742225,10.013138141617233,306.57787428681877,171.02853026040435,803.1523398457829,227.4879300452921,319.0832571629386,0
42.8539787225657,15.866187335043291,327.48157990699536,252.00469825542308,1478.0556210350996,25.830532185154688,226.9003595909333,0
13.712929879014963,47.14622139120918,253.46209865664682,227.69082444740425,4139.216778276876,23.961816234814858,485.74074734191885,0
13.629903990911483,9.45553046553785,281.44465475774416,240.50888717531726,1866.1226764260489,125.26869586975626,403.2202994616678,0
14.785239584706593,20.7457426018956,321.03796304496353,279.6280082304642,820.859167540689,117.10155450780724,361.9979227817159,0
26.023200098543356,11.739944461871385,265.2467254528747,75.11142039443361,4087.929761861131,331.337145038387,1.9173544493837902,0
21.87622778134181,43.67685594882584,121.43762089009817,118.03153873224848,1275.7070239289123,418.38721771964896,424.36996064341895,0
34.40821076335568,43.320817499484306,57.22070592013551,83.55798727725654,130.853189815105,456.60526461450786,201.37963569357748,0
20.54179108841323,33.31842870219354,131.3819608391259,269.4565975256461,2460.0464825265476,471.0443623282132,107.29126228225266,0
32.9883987764625,46.92049690228585,246.35084485745037,271.1770515590361,4851.060934922088,405.76133173593036,470.96310898699727,0
12.479237836189249,7.725832384518828,179.4324924659393,42.28021343289744,2748.46928013835,296.52890676320374,217.80497712765046,0
18.78510632731482,25.76120043429618,303.0237154012088,212.75532201865465,829.8653981940671,467.44187542836795,438.2192831687573,0
14.857474456659537,46.82798953080817,118.6988569337034,48.49383487695907,695.6239489554746,440.27511325833586,498.95748461803095,0
14.71169097014441,43.142844786830835,319.81869940985064,292.779261630901,385.17178503104793,268.57034500642163,126.29938956113251,0
5.475330927350177,23.7229617359871,174.14295528323402,209.24935908278422,2523.615390332221,363.1271242140369,242.30272398977903,0
29.03964394351792,40.12408440557538,313.82885520439544,141.55122591422105,4160.647335168605,363.803749330019,469.77926974696607,0
46.35626159882397,33.49133535805257,317.3326896193545,168.0882547578548,1750.6466798062554,368.48438681287035,322.78152253498035,0
19.939832086096203,41.04425592745063,143.95202788952236,261.51395214427384,2856.107509683661,236.0996739740352,396.00603161852257,0
34.69383869402206,26.99224764657781,271.2600306835687,189.30122073307012,1980.181104693057,27.370061261661416,241.6305722964367,0
23.451899732553045,10.144737366572787,269.32947355025226,333.3362830810274,2840.3850230132234,2.2001549560590195,137.83400034904304,0
14.121826434799745,38.65334390819031,299.619941627051,83.9468164208111,3391.160080378453,42.243111246238755,40.38030474814025,0
35.92788703491256,9.074483595746724,316.1280268640493,94.99782581567793,1758.3577095523478,355.48157626370636,8.026914180133737,0
45.71285792401631,45.266229584442705,353.3773820181217,121.93114974979683,2184.970259353379,67.24747633909456,283.0485830094027,0
10.997183573433299,26.633883391385762,41.91585273031106,223.09299034283575,2894.3674390198917,211.60362318995985,389.69312165176683,0
46.437473435412585,27.369777766698405,171.7537180350055,32.46738427919933,3728.4759326078924,252.60633325375588,22.76910609563054,0
35.62176953367928,36.03479805946991,285.2393037963089,288.81032215921977,3713.745046456421,299.3545377501508,269.81296731349977,0
26.97328595564438,13.489808253522503,277.04308849152386,279.59547773081664,1280.3721705825042,346.1994406153653,430.37022040281806,0
48.09152631399786,20.359643290408563,306.2745795315609,79.3182464496317,3332.0218542877037,372.65099475449824,343.93163972659994,0
34.9456947808368,29.221792853905846,231.186810437291,55.606035656390695,921.1997410315308,186.31690394446693,484.6503675916091,0
13.66543343036341,35.85891912238901,114.12114084809657,57.88148135583289,1063.0290386887855,172.58055286416467,375.1082698477482,0
13.83351754304338,32.38560110726657,70.65844982994363,77.27947961387461,3922.1070592147903,272.9790648889122,273.42315269417594,0
27.541492360388578,40.299845263045945,105.16701893663482,346.1215146868787,3266.6908622508377,81.43795071256665,252.7878074107774,0
8.482876384329707,43.11553932401332,136.26629012111675,267.18212019471247,3395.2648089827703,150.6456689771175,2.5902533753006107,0
9.544931145276152,16.19849093460664,31.59481445536901,46.63643799948984,3291.450244191769,290.9969006336285,85.10556511163408,0
39.319222731741554,22.34651587153742,183.87033833197432,348.39869775341157,2284.7265204147097,110.48207476132255,433.680253787967,0
18.13552990925306,37.626380202612516,288.20840418699345,253.87589667820893,4177.859143354766,478.267987185128,113.99080176638499,0
38.96493951766113,19.633090304628794,150.60718764268987,155.8233736901072,2548.744002015815,448.99082814555436,22.671263152762023,0
20.655338577107592,27.176488338148154,301.4451148763287,165.90308955419866,1005.7241200085775,316.67375128083495,109.78976320746631,0
45.81464874305361,25.813563541832032,252.671631454006,347.77235288937356,2098.554124687464,224.67025050206513,237.70472653620888,0
17.801766267515884,12.58742190471995,350.1033272050847,348.4606689149795,156.67995397471742,336.98666969988614,473.06016635961,0
14.84184440644985,25.5383594754177,257.48274612210815,184.57417929447638,4628.613213077685,138.34587054080106,252.4597795309428,0
47.00632692115503,30.778031711709694,88.97076467588658,59.813533223287564,881.3940472173324,462.086533834538,301.30545878853945,0
30.60768281351905,37.34357697764291,347.2723554681269,81.15229433171388,4356.225914494058,83.41942942049319,132.48844809581374,0
45.70235397315407,44.450817439344455,329.42175974613644,155.9716733829897,4153.574787499618,160.62143176280085,372.298513912347,0
11.909827597415422,31.453719863713438,345.87266155753366,18.541116083476474,4039.137433772445,84.64879459854745,236.66547662021574,0
33.44587802738968,34.239898198462235,199.01655066893116,208.31172856166714,2470.234976844133,452.15686906524917,24.92086617936451,0
25.65540260854079,49.76524953225657,97.07318702820594,219.50451674716624,950.1322830213211,146.33300202370575,236.84561936110836,0
9.348988407639942,27.448344965099306,331.1017435423846,62.07603563697277,1458.5922733520313,15.419085983438496,410.79278136244693,0
40.50430634365143,26.911707330354055,184.3440942153409,99.37908855069426,2014.7013162573264,141.45511009442552,5.374473448807427,0
7.407669155091958,27.997964671202922,115.10829415590877,310.01945943973726,2837.740191180882,299.56103280783987,269.6351174065269,0
25.805424654620776,7.277229779953089,354.0923094415499,293.37930685082887,1418.5205130607728,228.36034495973118,6.928967514868267,0
11.64915236150604,27.102851474985776,229.08088486815785,301.7812415572508,472.19237783322217,326.64961814070125,277.3905126027903,0
45.468719037102105,9.931156070605489,354.53277219760355,67.85472538575834,4479.7642994139105,462.789847075856,374.40699159904125,0
15.43799378134512,31.04738556801321,40.495535815721695,17.671303581411028,1392.8820981491776,185.90020463055296,454.78586894598783,0
13.355919738392355,5.065240463765096,134.88683898268454,339.9731779466129,3658.341066366259,71.95913367422507,438.35488408065197,0
22.442440086004424,39.12240064755302,303.6473434721914,283.6546769003939,4015.377886437244,470.4392125673617,361.6902671473458,0
43.21956316204519,6.934943131857851,228.28646486117137,102.79762432117766,2355.761554085295,208.80535022701585,317.6461820904519,0
22.726283327333174,47.68340940891099,275.0917037506801,261.91873238777225,3427.0394582952185,14.814911936304298,152.00438616511946,0
49.92722212149744,17.334349454903016,302.31856621780184,338.8160136978013,2984.2195510729,411.7501974326491,90.48767401815866,0
24.845255075270202,29.325025317399493,149.07546704177253,190.14477022670476,4952.680899010406,404.80093581892993,242.87652006055743,0
20.229827092375686,7.877866131107902,103.81539026682543,161.4372457970751,3098.9984387279574,14.969233764463574,186.75564372583491,0
47.53985967040728,26.064895543855524,121.2137200888932,329.6736044309842,1369.0463346462682,367.930090215017,405.12594920119636,0
33.410690324420216,35.9500848702265,58.70060003533856,177.51216383435857,1867.175256081573,45.32525770563001,316.6987987292949,0
26.09865271946145,36.0946530260563,319.49290452893877,292.7309665509354,2146.708041656518,143.86486479452398,297.2915611116669,0
12.12740878265178,17.933567533610717,1.4983203810561463,308.6861094173452,4278.805894697913,277.792138258778,410.1494585059245,0
26.5066945979897,23.608651996406277,278.2645165791778,280.9141555175448,833.4033214390131,240.36709300375315,306.89226737543527,0
31.46673859204039,20.509892181545297,292.58960460137314,220.84524457893122,2261.6789873893727,178.89671180559364,109.09699426197467,0
43.061234222434656,24.51439927896873,202.24206116011032,5.729491183823696,4423.190131879608,338.5884736453079,437.2969284533183,0
30.01308522578183,44.12065571191191,238.07363198199104,137.26820089596896,3297.7561814564515,58.239852868954614,43.758810895913825,0
33.88080155912014,18.304740223694722,263.64948627968926,217.80385544859578,2034.2352114932826,177.21178568560376,0.09823607900460996,0
23.847639584254004,36.00296081788852,44.13243915273421,282.08242838996455,2080.479449978884,322.8865014142161,246.00246937607372,0
16.572818636903676,34.88280248318884,59.94093816979852,232.15097412965832,236.40938313132415,275.8395279155118,349.71530400793455,0
6.938139026460934,12.535541130680052,34.75596767017062,20.68068511774804,4537.370151781234,348.5845671051277,481.30570464696706,0
35.9332261223936,48.17488476635637,79.72979478614963,263.2866422710208,1485.8737259323182,125.84274018761626,59.58258099027841,0
8.540271519040726,37.471182107746394,358.85949590637586,52.1231719013676,4212.699536556826,378.91122065962264,99.9478610453739,0
19.33132133131918,27.476750184435236,347.1917421044569,310.37657350244825,1519.681257536982,489.4708201988282,424.2567153820174,0
14.50321910388488,29.86117733818063,237.187206204875,68.34205112140747,4657.525850127644,472.56798920996556,49.798064975818626,0
33.698902502622154,10.690937448446107,337.1929443926424,46.64965274215901,618.2200486843834,169.01842974731272,95.46297245417861,0
36.68693002268898,23.85626502419137,159.5173041936254,138.00154530015112,357.27743090535745,45.618385211701806,131.61626006515903,0
20.03008159021388,30.019709405572883,213.7807827643815,139.94611885507788,2444.1461623522746,136.6838799694148,371.2901296073331,0
44.015447977166026,24.946656801426077,138.2649570845176,34.86798844528219,964.1776939056778,168.2167678446729,274.4263568003783,0
28.786722210875546,5.8593770748774245,147.95580140586202,109.54097972075856,1044.5417469098784,352.70344250861103,260.60606075168437,0
40.0689560758391,34.35761690574692,354.19389712112115,346.8260598641037,298.3096104569747,308.55478173698543,458.62155517994654,0
21.68021354465742,47.172973638842635,194.71492223419034,326.52824320074,392.03375708375074,452.32318938007637,54.55169590364722,0
10.68808960233359,8.861453179724121,65.94907296663436,13.066983716636177,1686.9970395373568,183.63387544033262,399.61344968723904,0
12.788240784589698,23.79772144200842,126.18129460223503,55.49438642278297,2857.0040617810337,445.55141080349676,464.3152682529034,0
43.85787048298091,39.41347395795435,67.71918935087766,351.1108172178427,4710.804235531352,390.3157295324782,170.03309994528627,0
31.939871662036328,32.81194348403699,38.55858475030682,349.669100518785,2254.483441209508,64.38514043959026,422.33489853158864,0
25.320993086639643,18.171468388334226,41.367484881379745,14.372170011775488,4147.144465316136,467.5711902692221,114.57808165940119,0
40.526057487902186,23.332021346813864,250.54003518500753,251.59120937374945,922.8129441146837,300.9146998270294,42.55759260326658,0
34.10198147172309,11.952467584334986,108.8252927842145,41.554144163575884,1098.0007898912158,321.41744114774895,216.37315164898308,0
12.691418061948156,15.651746723611693,56.97857194237975,251.35341630028876,2823.6804565711595,21.522486670563335,128.9646985866923,0
32.61638281063529,12.933889338301988,109.49257652079238,145.81228120175382,3821.8863936800635,304.4408195785006,237.00316121591482,0
47.1888934548514,5.641888080122638,67.23043715231822,333.24173672457965,2342.2310327836444,488.65198190282683,412.4322884139291,0
16.393204943289753,44.77905790237674,235.9071400984251,93.50329416567395,168.5802669104173,278.84096099171796,443.8512535620838,0
40.34026701147745,16.35614619266648,75.27407595886537,342.3376823934369,3067.897640501283,273.7009958561789,68.67887001375844,0
49.932761989569784,40.110180306136584,338.4720469332803,228.73937561818045,243.8714825668417,494.7544453189655,214.7822788453333,0
21.518157221890192,27.175763235147876,154.8754719286327,266.73482190219994,3657.882499940806,391.67581326407213,270.0723745204839,0
46.310768523283855,41.020056504356766,69.43493230729484,61.397780539202095,3473.1594799157783,413.75480179739793,120.78754030215954,0
45.24524516196512,16.738879670234155,347.2410278228697,304.48375825135014,3751.3819387161648,38.19665565431873,399.3432314564318,0
43.28708870809021,48.54899464017806,91.36083486976668,305.6918509591281,237.40966241578369,132.17341836069286,430.10754075757336,0
42.771429048922776,16.16491504755561,176.57503097962066,349.98694251981675,2263.2072638320383,347.1534860127873,115.46765386256286,0
8.533425578178067,40.44128576539014,267.92822750045815,270.74479431259516,2893.9740024468315,432.9389012110143,23.856456622771695,0
15.07191180033658,16.677153143353422,326.0140765939479,196.5269892127473,2986.888393178151,203.4004621272385,405.50099188185175,0
8.078537700879508,15.150617217109215,186.58118376610489,19.663670975154556,1231.212767488827,420.56935865785067,10.627409050291082,0
22.01559364153188,5.3604225222717705,83.93494759027944,335.4123099265372,2486.5361932160986,317.28998192055013,161.02246617357818,0
25.95506081942346,24.378082954176275,347.51954591567005,168.9705809213226,3733.335927901967,495.66570509291586,331.3699779119572,0
21.91915095737205,21.006727493839605,324.1859364578405,222.5008527011812,1744.9726771168669,435.9155171320837,102.19147548102181,0
42.843821073200466,17.288875798694956,82.1139809178386,299.4002018303186,4381.500718590817,189.42805840087757,338.15736811968173,0
30.763091109859406,25.595292815058176,255.4368005691286,55.013663741943255,1208.3434035720823,12.357743160527846,33.252458097891676,0
8.462484836937376,10.028780867760059,287.76204846852437,290.19864424018425,4906.957911088189,28.588007065800504,74.51397980444003,0
6.263638801302406,7.12619559312574,36.74916631694004,120.25547919213997,707.8866876663777,256.8614702038212,281.31785656376786,0
22.569662407297184,44.056876338573,98.26707265066493,119.92565604892994,3985.656956107408,288.3507709562746,448.2200755449874,0
10.913317719446486,9.690193225503817,181.588854316753,149.65563322047305,2194.061434293705,293.9709254565894,161.59317549875135,0
7.649714467639509,17.886989616418965,203.2413341400276,8.298541800955386,1678.9651156021105,167.10865135721932,10.584256684922355,0
22.969954487689463,9.862480238271107,198.5882063441353,127.00182784128867,3923.4032779612176,149.66897716424276,320.8254901489758,0
11.287094338157546,23.117158570969202,9.12453491479232,130.51992045356124,3107.030491698043,315.77323782386026,61.661734647103785,0
13.355903730864748,10.260483409504818,229.0123598033421,283.4878003601245,2169.851877423986,392.5558634136168,60.2083987087077,0
48.71247769500177,10.890230756758799,67.5387491966646,38.63795222807559,2742.2526911488376,151.83167312244817,239.25904344114784,0
42.71963159476761,41.59849035287751,271.91327370798416,216.65505801431175,3037.8371207664527,81.3772666733184,375.1359017086148,0
38.14653390258273,42.784717516565884,276.9108496784503,330.2557458647818,854.2917193310566,196.65484688839413,37.60587586695602,0
16.509379380458768,48.70724670196603,92.52575008718595,91.20397468832762,3507.256940669703,161.67912475052754,330.52029171741555,0
45.765597331683814,13.113207096992403,320.49896530629155,316.5174609410642,3404.2253321266376,414.73038230400766,218.44568202732168,0
11.82097468178133,25.10962067735061,98.70564944237795,207.423613078449,1511.7990531162172,313.33183029228206,148.2261841578082,0
35.0899506618933,26.113385918202766,89.42761721585103,137.63599154703303,2379.742143325464,369.14529567986926,174.26161197242035,0
33.91585217638601,44.32029736543745,245.0394602577168,309.9321455825226,2640.262280818451,114.94011987949048,152.49892044160762,0
48.89071305644786,40.29111228449705,183.5624102733614,216.31318404541514,412.78534244330007,439.8765703228019,490.4649812352138,0
35.47572053715411,43.64119466339624,50.18757443563695,218.95723463521364,2436.771993270711,317.7905450242865,166.8667135114254,0
32.05557997238307,17.439694711350633,225.87527871669482,214.16537538906175,895.1211091584721,291.58650066936207,85.7535668186114,0
19.209713761195246,33.958158626122156,131.73799954196852,115.90850381116381,4365.893143050993,473.52878140237135,57.479277426594756,0
5.48419988903148,48.525311738984264,142.80381923710948,97.22035172067476,1729.6904437289088,294.91385991287393,449.21732792780887,0
8.661859933974752,16.941895702267832,156.84829304809256,346.533459539918,4725.27473079719,221.63095571651343,66.56099935562048,0
39.719967554007724,13.651785791651841,91.705919534456,179.64295650439405,2737.2272070109384,430.00566567053687,389.4911271483172,0
44.5630979659262,29.805143376083887,22.793382721357766,343.00790640894087,4022.2832522443523,91.13706076287076,303.67010629962664,0
5.89964844570541,27.448535797736024,176.81067871118498,210.1925729259265,2186.5317159147294,382.1339296511892,456.7168278279256,0
44.756421380493684,49.511614934626145,350.9589536062527,87.24881918535887,2325.0842835401795,265.69949460284636,472.91654929371134,0
45.92398358262688,12.531585699423557,290.74665822258146,331.92798226490027,435.8023922309443,163.82338948563523,384.60740957738585,0
40.71884437257806,33.071828678801594,15.6490741137734,341.936894653746,2215.3089160633167,141.3580746468857,458.2879295877854,0
48.814384867737,48.880779293108944,143.78566710370336,140.3989964162817,4033.0508933529513,382.1512892414615,453.9583150349929,0
28.50033876068926,16.681974295344205,149.40746348051502,103.34867609220986,2039.5077579615968,312.8704579618951,9.883383788213573,0
5.931930089025996,7.4256254092955505,26.246489686913897,244.31330690659325,1535.3425194475753,382.1562219934192,122.30313957051581,0
46.57050483289467,43.91798401371202,85.59694570333525,76.1158441310915,2638.4291640425504,353.1969889449123,313.7341013188215,0
23.62371524350943,44.8732531138432,319.070186429039,169.6641003424752,4845.265343084347,490.82545814170135,131.98538060073932,0
8.629768916727743,40.77622765765516,284.72776758260534,49.57181568394104,1449.363182997584,335.16064983095487,161.57415959922943,0
5.097566799248897,36.51377652363257,99.50372227749148,148.08263019886326,2894.8319562708716,91.38434234738241,158.6253129631815,0
13.914774871568564,28.870036458628892,338.05790243750675,342.98471115681485,1922.3647492941675,203.88929764159224,375.0150019869516,0
37.75931315114802,27.066368070228894,233.37721529275288,109.54605907734489,4843.469338123363,421.48257763935806,440.7402044340288,0
6.079035676534806,47.27548552874855,76.88537854973066,52.451826764995516,1304.2432211450807,441.01596628673826,353.7659633460853,0
23.170359844854303,47.8596977293046,301.7501479303033,313.3696893509107,2104.9493555250147,208.55183074775292,258.52239875130226,0
14.3889827954616,29.30114148233189,286.1447565694214,127.78529019997859,2792.036399757542,280.1340908220745,108.19884512630351,0
8.980605102531985,28.003991039848675,94.41081492810822,84.13474944116578,213.33618288277486,420.33512903470853,58.314783371471556,0
15.145354342175626,15.310476943734509,349.9351791651578,302.00840313060297,187.92800449364273,260.492262525068,135.67342822190116,0
38.940182000290065,38.47555684610224,156.89069191920942,196.83225402844113,2646.840935863035,344.5678298873679,395.1436965898117,0
35.97583851275377,44.551555476282715,31.471313872055923,338.48425879413344,395.07059247552365,389.52147572205297,154.85309684771903,0
28.793333648559923,26.102289010704148,271.9857842879869,254.61270658034277,4905.967029860394,139.30226280972946,378.1439845757729,0
26.14616132009124,22.441178870886983,44.423640517177716,315.39587885449396,1166.5103118358152,38.50806301535237,34.64925009664294,0
37.17957642609017,37.656974459748454,137.55027436305048,262.9878453811991,4364.389733701801,109.27468733057877,141.3923896560259,0
29.376164731910283,23.641398230655252,226.6963420140625,264.89523744735345,3195.2866802412964,202.59376415108403,55.4370009434203,0
29.492693806785343,10.54887560393767,269.8247442402722,204.16775894765564,4764.314635952068,358.6556418696845,170.27932947607587,0
26.698053865656618,37.86305734604071,90.96033355847325,39.30311968598665,3477.861936769328,71.37911522441226,438.47005028397854,0
29.645221679713963,43.269533228962935,74.4800887143826,345.8051356432558,2748.52465231558,43.89051370527564,79.98092401174462,0
32.212986274663564,32.62121763847214,339.8776584218447,240.6568123740375,1800.8881745134365,269.4810603292798,98.61083398930037,0
30.055153463473722,22.10421568162233,81.31345571025003,128.55932195774136,2303.306355411433,238.70985269191902,57.75124618934252,0
5.534376783084529,33.39407774371125,13.272328536459215,190.43239653440713,4260.6616296181355,414.45614865517086,84.50787451390657,0
12.222180150703151,23.84591892786953,99.32756705461186,93.42180639359728,4703.040929167607,490.11879069417506,385.04899365754244,0
46.76198282225195,32.386014773722096,181.53597317436783,140.8848810863769,1152.2901995534712,456.7858347068143,129.2021726991169,0
24.981626389591117,27.313431703604092,224.31960171902423,273.2072102871805,793.8896508898545,491.33806678455386,162.45569272138832,0
27.570088701249055,40.427843401799336,167.34189398065794,11.42885925546263,1786.4933681317902,73.58036776281807,492.7109641485354,0
13.026931237889762,13.197392084585188,197.20577647702788,164.58017070970186,3190.785545236239,412.24758115794225,431.2827085439546,0
6.233431691571035,9.082390060519932,225.51511619450648,226.48978661830438,2989.4196086896045,38.69969543377599,337.5496665485847,0
17.11910261909387,6.206228970143273,349.898645086615,7.876744281951029,3013.876686272733,376.51047821180504,314.1089807518636,0
5.163986516462663,44.610390999920774,311.2590137603443,130.75003347651267,2134.0736460798244,329.7520469724837,306.17669589039315,0
6.586364864512162,29.536690579030175,268.34226162684354,126.44873053187176,4237.89774996927,390.95013793004597,41.565404638519766,0
49.80535548530849,39.98563051277046,213.76938548902953,149.7211256106204,4504.1448336911635,462.60657279131755,117.63691593086922,0
26.68379293444424,30.562597461729986,183.5966159115421,194.26383017392862,3161.2999863218697,241.24544331585375,0.10553008662522734,0
34.02726044496727,19.88956832013295,31.682559744967456,200.11175396283315,3999.444787553514,208.39637287690599,2.73303922512369,0
14.662012036984292,13.815347127603712,20.940521086890328,128.32993304727447,1104.4744289017626,193.8102816249752,133.24200548224792,0
8.750473074513256,43.19844133057144,56.98305161214432,139.03109432620428,2455.7877455214602,493.0099280996032,105.3713442788814,0
23.41111637759415,26.88450691657781,356.7463747823058,148.44433448990168,601.8319722322265,345.6198643134184,237.60274753908573,0
17.261041198134286,12.671136673002035,20.884139707670396,172.21499020426282,3033.9568888624945,464.9205672381815,185.11646895348204,0
49.66749547901933,29.004072505477712,228.82126661506555,246.04517685843496,4468.502275094787,498.3333019206667,242.34880805006537,0
21.830748180568335,38.44069481416724,253.44441971083796,195.8702071403999,4744.113810308312,48.33845866766035,479.46090992063387,0
45.999187368063104,31.49133204227961,220.5067105210727,269.1374692133819,710.0552319212673,376.1075158665883,232.42237051365478,0
46.760835587351515,26.02923145286939,228.1016227267772,299.7764926005025,2770.4758625394284,435.7533440248687,47.16770831259942,0
30.442278358525627,6.592639187580278,161.58108753635094,151.47090221118617,1160.1558585606056,130.16296513171076,124.26924824000818,0
18.369563332346313,37.64916700173699,40.12672713944474,107.8503431056879,2574.838409517204,99.7807403026939,122.47808448055486,0
27.953397629883348,30.682899022062042,107.91972242614688,46.28717387661994,2816.824559661503,118.12075618761303,168.81645236236898,0
44.432030233957335,37.525071841120386,1.592735478383993,257.58068285463503,3854.294328056571,307.0951931801367,114.56959732167088,0
14.766671929822982,49.04287973349258,261.8945139504203,350.4178081657672,1013.2547661231056,386.91416503637447,275.95529155357855,0
14.464817084800055,41.942959999967385,245.6288694920051,205.80487098252468,4369.034260602346,41.717065571550414,112.75491327364074,0
19.044526992640492,5.94774903519904,170.07112257261383,249.7274888112133,842.9067629226712,449.0631424450275,245.4785900656703,0
22.2535471720317,43.01040164996339,135.63813292313756,295.37751395482525,2969.2951784438706,72.60589455335182,137.80492708588616,0
27.664511502089784,19.90231320383102,150.41675699626035,251.7942904881577,2002.8210531912728,56.3290184201739,151.32485114196191,0
11.664614114112705,21.900729857598943,9.507717091305148,146.4316185657971,390.7747260096727,383.9239222120757,150.73119037739968,0
32.49020800207092,27.423940280784393,290.4995991572437,217.08054338951254,2803.8512180616713,212.1643196314027,338.18892850165093,0
44.906207947786044,29.748252656903947,160.0920219590596,52.534564292812995,1318.0340729671857,385.73040263994375,151.48368933714607,0
27.442931455902038,23.162411458521987,177.11127722152747,313.9270747749541,1143.2590083456041,204.33869096140805,387.20591350369693,0
38.96440701905084,16.32611595551957,36.09896340917691,349.06350728085664,2692.576399681402,322.53394313862395,230.2086685054287,0
15.243290318445721,10.079939169895464,85.49690155693905,92.25478880352776,2230.101069972316,419.6724235386948,80.0774690722586,0
20.315580366771723,5.814678281399094,249.47094827038038,254.2020533020769,4476.167602492731,175.1270226967298,454.50408718532515,0
46.212574270423936,9.872150976673211,168.71487055360257,330.4968903021432,4755.461902504208,262.0563111680238,86.32356834620619,0
14.581527584054106,10.145209665275429,107.34506626330204,334.45427914257334,617.8008970699267,149.17065882956987,255.32286890971463,0
48.33308414508764,19.982454504474312,29.581490385337403,195.7827389415157,3246.996622149169,260.3328945398882,59.177361695674,0
43.64549197894443,33.92493436954441,76.4331132864316,10.619396120140511,1220.35591387284,283.7333058142315,170.01951023291195,0
35.70701451347203,22.494576832204256,197.13469627485736,69.07083448696046,4310.341785584367,289.0997174702587,299.0322112794643,0
14.51632508983867,29.538701776736893,234.70913210362536,244.0604482861219,1217.2533986310993,130.72536727268513,180.31826452618526,0
20.302062168775592,20.547520537672767,137.25319381394547,106.49644377533403,2084.7124252284534,426.2590599051375,223.2776532644915,0
30.737563940828302,14.078390866490409,291.6247202335684,224.4518280830055,3171.5416240708832,278.7340509790589,423.5030363575178,0
24.11451723590592,17.305540246895326,194.74708153034297,328.0122206199518,1019.5280848248691,274.6520404291455,191.78486918640203,0
16.095863567251122,20.695338259854637,110.07373099678532,152.86842929308023,861.9573946283665,390.39035980580843,191.36515979096825,0
7.150824159708316,10.398001203954918,72.86271393832618,56.58890951755885,2245.3457260719274,305.9431113309324,423.478821444637,0
38.34144180009713,26.702835828478584,60.27388910660751,212.12316995635413,1760.666188107773,471.4422090826385,218.95616659232874,0
39.124690328370846,9.739645546942697,288.1851660401814,161.8967109018628,2382.056638768029,489.66783944874663,449.97769369500384,0
37.760607935714226,9.738586444784953,138.5148742367859,297.75582781498036,358.4987700080511,456.98407722948116,179.04906678723975,0
49.01856794457,7.106632084421976,311.6434251385335,241.30491796807524,1878.2941587163182,127.49030572517783,63.628011369979035,0
19.77977003314757,47.08773386970056,88.23209938688265,196.64147510783582,3982.1203121822264,43.47579159698889,370.6340443617377,0
21.674276057416215,38.237768109164264,155.30988983293918,15.509188655477564,972.6936160688776,290.66176733373055,394.6810015716649,0
12.753914297562646,38.08408925859026,115.9135639321422,155.43836845545135,2911.2704639891053,65.56832584658295,379.86631558680017,0
26.638662782437862,34.31791135429303,286.6653308848458,294.53295403141504,4281.02421292379,382.79577898716354,191.92415482377822,0
8.034817810785924,47.06657687958642,37.67612484382474,11.970675653203827,1760.08398157232,263.0214495918535,159.33898650297263,0
16.56026506151143,39.13443827934719,196.99661476802612,216.09579762641062,2624.9519251977695,158.8757042463976,204.48682581104165,0
42.399070270700285,12.51461763234872,31.944155576619266,107.7491617992911,2674.5829224202976,62.91408976134183,229.88402017229777,0
20.082207482564073,37.549462862294426,71.05598619993431,355.0550669652215,3869.0512012886793,402.61141414695305,58.44528913754876,0
33.890288321120394,22.511801318085656,33.11442470945743,2.64780730674393,2982.68546779301,498.10641443883725,52.53231012503362,0
21.613230531321868,47.16777349986759,170.68636366089584,248.67563580827758,3971.810090221523,177.86938771934956,264.60543812015436,0
26.849583156379342,17.47412755987955,74.4145575211842,336.1533643471895,4305.25802562381,384.5584815467497,179.2758951411232,0
23.3185316019655,15.75366070550163,244.8809020533474,85.71170963361631,4352.489571023818,233.40769840469272,297.63190956975666,0
12.775948560345457,15.65108355174461,332.71964750131303,78.67397342553959,1310.8228853395406,98.81675212866186,367.87655419690134,0
9.292033667444848,24.578575031156458,103.32041442916727,162.76516201654587,1158.3339564360813,477.04516114877424,176.47424257627225,0
10.10869887672199,5.26658700218878,250.11218916555774,237.22180661325743,4282.094692948693,214.70412866857487,25.251855634863595,0
26.767015183664988,40.61280349981662,351.15082427082535,128.28188933825254,2683.326612313331,134.59710916162533,92.48606960729089,0
16.12968798308303,17.780415055247786,208.47338846167426,131.0210814640563,2264.7329063899388,128.0931411508171,92.92096254325216,0
10.272962247091886,44.89924686013444,51.92400750143431,129.7601179533138,1359.6410486635405,89.4832933962112,136.21734640223542,0
39.517774683600344,27.62664471584293,6.545311995436158,278.5806205269948,2288.1517770932205,34.375433680347015,239.70783807686962,0
44.402507649918114,27.19331517982172,265.52781363954904,357.40001937708485,960.0362935549549,195.45732183697817,0.028266693569756196,0
33.62391022837884,28.48298761736766,240.80134533147427,351.89766141315454,2141.476092859161,454.2079525395085,281.05290379339885,0
45.318487627608114,13.826391735432134,138.63445156123424,151.06808719052367,469.7291887980575,255.66058354017974,176.22262235267812,0
47.47125101485971,20.82331670693966,57.616222080563816,320.27794833717826,1441.6455936861594,161.8030937211659,339.7053957486304,0
33.97159944599832,42.57981856224826,168.47880095704096,41.82279922039611,2000.520842701123,76.8440379192999,346.57121432365295,0
38.90090302682737,29.821958674198918,161.48553530032208,348.5500712983744,4706.261330475839,152.10025189645427,433.04015079413637,0
21.45512824166712,18.52187084747658,356.03853668224775,165.784541791942,877.4680148866013,483.50009306593574,196.68007067357695,0
26.661485757781524,36.74034479831805,162.07938712995093,197.56788878677443,981.2292651049332,43.51326515777326,48.76017938133093,0
43.652988507020936,46.11238194424303,257.9997760715767,188.3782320135947,1937.1758695514848,270.3167313571889,361.7610452403024,0
41.83859955118617,5.330898332191978,67.69432842847293,113.59166545010766,3549.2533103316628,317.9895338539556,110.64702697670198,0
21.133684242859143,49.97835358580174,317.3990845588261,98.71688274639696,2046.9278692186576,410.53442847678474,331.9332636429875,0
46.51963641070117,5.063516474719485,69.22538922863815,307.31811741737044,854.6334986146306,263.2722366619429,106.57708800441185,0
16.393052869685697,43.18930870935406,104.35026044303443,147.30407386056038,2241.966940127496,443.8205342916973,2.229890821319025,0
32.5361128723041,21.10366304533342,339.82319828302093,200.40070397045795,3899.9196177295808,33.19198511290617,266.3193476232558,0
21.64022335221606,17.79611081667592,2.2314393512239894,314.5712957903372,3105.4318854860016,335.802438339987,359.208835834189,0
6.83771009455525,18.125539716257624,53.01835722891766,279.5907143699599,1744.1376305338144,378.2480447736122,51.984727796443195,0
38.050528083675424,42.13364311508947,65.67136433294634,310.13014466939745,224.83193347077997,468.83411729707376,150.08458536149732,0
14.197334838647393,44.18924597749649,132.62156653590398,224.45946584442544,2292.0646742948124,454.5736220478879,485.9100401395017,0
33.42384171444945,22.81719898976118,191.62089423013916,93.69872707508038,4486.555432219464,293.29936530205094,384.3665118059196,0
35.397411862428854,40.11715539156266,255.4324601986935,297.27187501242673,4741.513352319401,269.24375311733854,160.43992451473616,0
23.08297565662462,32.42538652849524,226.57133365004748,326.5010864721238,659.5783676679425,169.1104156850023,213.55141064430632,0
46.71474216149099,14.107426221021646,260.86188929077076,73.07009021229288,2537.1998036978425,123.05366986669542,265.4892738154536,0
37.079792242447155,6.289565135838702,72.95715725645212,216.07819995556434,385.64851421822675,238.44919330971575,229.0406710866429,0
48.31016592973328,6.4564849798793125,219.78053914514254,130.40186257458237,4713.635023482619,301.4326222906186,418.4311653380398,0
47.23952155522091,24.8294427327174,153.8052080626007,240.5247893954699,115.79117098117894,66.53114594591375,46.043672395409466,0
43.256831294194875,23.559595591280484,74.06207068540179,116.80351910951134,1585.099574507412,428.41108913338473,105.27809477196648,0
38.53725972632047,19.3949301312616,30.063075009875256,74.99612628066667,1197.6912847272342,83.81265198306382,421.0709760188161,0
31.477932649163375,20.64998989153342,290.79669221340464,28.174760266688846,2330.9854166957953,397.0481544531644,483.504822195178,0
15.227855549257546,46.9759759083527,106.02332529873333,117.69360376333921,742.6170845098382,398.24043227673565,218.38320862591237,0
39.23661302317245,26.860307889199216,145.08341463107263,166.66219786706267,3977.3490898139835,8.891204034129185,254.10765261890256,0
9.569565510311415,42.745194076851234,108.25486395207668,12.118452183792181,503.5705811990463,399.03366767809416,86.2143501859018,0
22.924538286773743,31.20266081616289,346.76929334728965,325.3244128833275,2449.0762971966974,477.66856583163406,263.4152236827046,0
18.319225579228394,41.43592708337561,251.87870791489993,193.03752847852115,2895.5230702345993,32.42196602251612,115.90771116009985,0
9.472727265821995,36.511286360678625,340.11560264746095,185.47433013427602,2704.3127646660796,361.35005552072977,58.92338668819291,0
31.794934345741744,5.709122671473567,14.29730683586785,212.89667221002134,2091.142011821452,55.57392218469154,35.08303044728067,0
41.00410195432058,28.665173422314762,314.85627633418625,220.4043820678618,1307.794847522798,45.87615009759449,182.91273103081312,0
9.041724313603934,11.575413281705917,152.3211984683299,72.55285278252676,667.043808317002,85.33489382696257,340.2023499502787,0
34.846795606583754,14.940501399515458,350.2044173640277,172.07536314866903,1269.5584965692367,227.72444178542932,128.2149288551489,0
22.179530796061346,21.783063603496732,336.8533238779076,170.62132935012113,1270.741343816122,276.4513023340707,221.25164152369038,0
47.78248033347446,28.890131734060507,131.63934918446492,354.77122092826454,3180.0863211218248,470.77085870053185,479.4722859295094,0
10.107997996207175,33.62044585773394,270.5374520308118,53.228419902926575,2293.6631101424923,282.80549006266335,473.2638356385508,0
45.84295800133883,29.08916865898069,196.82941242032507,161.89972901777176,1469.7035662275696,86.04580241138288,471.70496931466243,0
31.761660379558048,14.286509051276115,352.6962031306284,198.0840758817881,1495.2229736445838,358.3456072611826,264.9864804070443,0
38.870218453636305,29.893366804931787,134.4855186591077,342.5409980075984,3909.2293636586724,185.13226928566235,207.14560464450682,0
33.73875635885142,26.172880263002696,9.713366646422026,342.5743598564535,3684.2788660534925,427.4593966411484,363.80773594884386,0
10.166000060921643,44.70387893812114,273.84863204561765,276.56003049189326,2682.8326658155497,485.3841753324433,299.5269543869599,0
27.714963921737688,17.325084851139245,109.90033886997767,249.0413636433664,1171.6344961150398,104.53664025247717,359.7958876351907,0
42.280577950020145,16.767364346364488,189.092806511383,6.281084481848018,4507.163770655471,46.10549152882282,313.115879270048,0
7.9167830346910115,18.320119755309598,238.4701587844607,99.72111912403508,1704.6658730510953,380.91885087739064,321.1957504515647,0
12.197027675044753,18.470361842488096,71.9814343540595,183.11835556021836,4015.4651916263447,240.626706221141,468.2943325623509,0
33.34092091796322,45.844980608880185,95.28956329165851,214.0193629332386,1985.8947107100614,346.85776878518766,11.293671489278289,0
30.904366071104402,47.47153681322898,211.9107569777933,67.3364648806742,4197.927379468374,103.69265693690754,203.53043832401445,0
37.31736266689294,33.43290067494574,102.78011903121555,306.8898795512655,1846.8270630432069,286.9688360803785,313.53440853442925,0
29.194441084486364,13.715568145646634,286.4157169940794,303.7865618100063,1783.7729936801861,329.45167666633836,334.35652008258734,0
37.646786522287144,22.045044931983863,225.45066486891227,72.43498763941872,1442.9814095490287,231.75801496571168,248.70893838034502,0
14.877703884067985,18.794997919200494,348.4989250181374,21.30043994841539,2980.814081534788,356.1864059930706,91.40401348612542,0
14.379756225787439,7.887047315072849,100.01682576375973,181.68594300681102,1988.640986519004,41.3525317137225,111.37522910920761,0
33.47731954791803,42.89552483410231,148.91711615337695,9.64286904726337,2511.9253440592024,412.376318065078,234.0027819042721,0
27.474706719153023,12.895348944082697,313.8009288290223,239.11277604695087,2970.460118696763,496.46312319724115,144.33513889334608,0
14.395581791607324,23.01791424022298,102.72561447709896,288.9933589282576,3231.1977198692125,306.24599057778437,75.51149938607176,0
7.514250813594451,31.750621610365528,261.6115718905974,151.8727968665551,1780.4800447890868,135.67531120843768,325.4119429453248,0
8.513754128953881,17.168165327013103,98.27913350356997,337.51355266635187,238.24679752867561,495.0234734287441,499.3516163030057,0
22.80415230722253,5.07842297133935,262.6932984569654,92.14628252567984,4503.5039262302935,475.61715277741996,452.93713194308395,0
24.799848772614137,9.992149287569042,135.66976054979645,123.42146867764629,758.4354371240889,47.17724791167161,371.80681389434284,0
26.932555305387602,39.80012094184118,176.5500553684547,77.01796274154029,2741.0916443149263,154.8879325904065,341.70992993213423,0
48.27469209673006,30.270561068694846,238.75451922078497,308.5576069684492,3572.9701790760378,170.4015818951169,496.2260603812253,0
25.37667920408438,45.453387362786934,136.48794667321454,155.93261792995193,4733.183789977927,205.28247080292726,470.8341999372712,0
47.75208386715146,17.285709157101444,98.01469819791679,127.15527959086698,3867.3990674087568,341.460807799858,79.91609792426868,0
29.47891405707186,35.521701156564774,3.0300004473184883,228.9945256431492,3878.2057979334118,86.93910777536284,310.10025115694737,0
46.96162562695354,14.237469669270906,159.90229322525042,129.5049860647829,1360.3446988868545,106.87183498441976,454.6515072021645,0
46.03403507231688,42.584087362655836,176.32503946477604,49.52401144745824,1997.3576721388163,39.92014834994417,47.8752498500411,0
40.77958365233529,42.38620456056267,258.57041465623934,300.82916903074494,3629.8466764486266,92.73359919065349,50.294133869838,0
36.81174746464265,9.19527686258176,4.161420996745786,290.6890152659458,3732.2256381165066,77.80828964409842,203.07803399998792,0
29.05543099656937,16.330915120339895,118.84682476256225,2.6841454863926506,2519.192434456895,207.48432766420322,310.10025113168916,0
43.4054819223589,15.493901262663236,276.0122179761063,251.55190681877474,3084.2939743577413,273.97036376461404,342.9960174298416,0
11.455578411695582,12.98537950781213,151.44223755036938,243.21981260215705,3790.3142747949137,176.8118960954525,105.02490445702145,0
33.90385133802937,8.18834560486249,311.516001225008,352.0931742358018,2778.626030112262,303.7126323838329,470.7970752778392,0
29.420832760553843,7.891768228207663,170.79162530438626,174.51328403952505,4700.013632398587,139.11802006258057,189.03119417326747,0
39.50798018386505,17.865831721609403,28.360887041133207,240.1751413531441,3029.0791030070504,374.2364565607138,341.1101202072419,0
48.32888179575432,49.21824497843704,66.50253288079902,115.15171548028,4175.779855604914,333.617487910682,318.5520701635737,0
49.194421440286916,12.932202866125984,340.74820693783425,273.3924019895602,178.6837004564515,460.42508374069394,483.23659835820393,0
42.797795468074206,30.963790977647186,42.10030996648103,278.56412820313204,4941.373177823691,94.64524311222944,459.34406258646504,0
39.25060815572919,6.027260506869585,103.87452464874517,272.8549916797377,4502.165039335965,222.79883561003072,0.13884607001918292,0
17.53347614790394,11.224700060853088,347.35953975576587,74.43247588430373,1665.7648242948246,392.9919470693627,69.01791508386046,0
40.8247779181122,19.52267309475659,234.8231460093829,159.2689314281057,3982.978683628195,53.229816126258655,368.644276129202,0
42.81501244251862,21.669550479612088,352.98989360403857,263.0453432443051,489.6674356535193,73.19787574960124,49.95155501656551,0
17.173929421226617,48.75176339725672,189.32214228243748,55.07376451781098,1570.600798941117,92.0423772437044,483.34715527178554,0
32.564709721378044,7.417807960905217,89.13105121223623,104.21336166482955,4934.716935230848,213.35436279749104,436.5355540084315,0
7.407022422571385,13.823528533006028,219.79986269670678,175.65804709410415,3060.09403741452,59.58497337927737,156.808059965934,0
44.98476763224227,39.45233093840197,323.6389122541994,118.64475936519281,3930.1769278934507,140.3940205406674,26.48204891089162,0
45.32759352672482,32.96832981302727,230.56977202090707,115.48656246811538,2845.940585401371,182.05250928631912,52.61060391849598,0
31.064740908871237,36.631963328195624,3.4190819860950894,42.34883246676429,3022.972256487894,344.6362518124399,326.6450904384092,0
14.056852526579016,12.028803468015958,14.08078799247043,295.8901453374771,753.032737595422,303.32572554243643,64.69668522285093,0
30.567684926211996,46.35490381222822,141.51034810790188,137.20658452593636,463.76865081626136,309.109495478334,452.3282501040813,0
24.34532207872355,40.519554776820286,208.1373347687021,213.9734789936757,4061.778609051197,445.2941618018471,395.7178178186516,0
14.947949517182767,23.78458267736068,230.24882150175353,143.74844430338288,1795.7240226077076,74.32699784976322,419.8289865363029,0
25.339393651142995,46.810317464125454,50.73458393732305,252.24279521056266,3982.876980420405,187.95766225656075,82.71743362064483,0
6.169104620797435,49.77804884756499,269.0310273966379,177.8516565136274,2213.7852970737626,248.80000361631767,371.07927391808295,0
34.478827344197164,31.923820054742492,162.88306528177623,92.65465065847035,2604.2776370848283,27.192777090435104,127.98352428576615,0
21.92860749455904,41.86368390477723,359.416647624978,287.95991086162417,4159.2748702562385,80.39612233269877,405.0223723300296,0
34.812120741866224,37.53675561234142,294.63254092840526,112.18989164435447,4520.178343641512,293.270357632728,192.15976971965188,0
6.749356978659664,47.66403145399134,239.64608922987895,99.79719346712403,3014.83086961177,9.342507226241137,220.96564930154167,0
13.45530506183303,33.69162913402064,170.84028749615214,24.477235578478407,4782.679338637372,43.87369380526346,347.5413966709106,0
13.704509455493344,17.860265364665686,183.865523642723,66.10116385872087,4271.566089909912,350.90265717534567,305.9773847118974,0
15.98683731869908,38.174849519234996,248.793466063223,239.06586787341124,4371.6355447699425,212.26874693990044,192.97445076754283,0
43.49326567623414,46.1623367353493,58.11355908267433,352.2178810845278,4108.880918073565,241.71774337139175,194.92367224386675,0
18.35478961400277,21.368213015456764,114.03128032805796,102.05504696550872,4942.591749868798,63.941859968923595,196.7034210068926,0
37.998029073505265,11.548465177346863,10.948620949418665,229.14532767874215,2745.9913142724627,340.2501158689918,238.0207705961792,0
46.19996846033495,24.380076271129177,347.79362409798847,246.0231665054535,3276.264286758962,228.73086189887053,467.80642796408006,0
12.780177989035314,6.13640974565356,68.01444766297386,151.48721129420946,3803.155155925024,292.7582947234102,105.62373484402232,0
43.27295578911711,38.346408901429456,330.31150567270583,290.8157148864302,3686.598085575114,147.99130542864086,399.688935150282,0
49.51413668334287,32.111991342017106,118.30524748241938,163.0608596941098,3722.5648829296915,33.70424477641482,494.3972169168305,0
34.27037709738427,35.37632721658476,266.163725180137,253.7576357339457,1571.1700248753255,168.80347922524902,56.62415919757818,0
12.448212139835722,10.968151154709938,256.9360253183253,346.4306645264115,4166.281482367163,100.7988002575877,6.343473708927849,0
36.70642038628726,31.332656622302025,231.73111193011079,166.38782082445323,3395.4983380906633,435.92306074821937,289.2429093281992,0
5.620898251780222,29.7728588344185,177.36358836042692,57.87049034987837,2329.0730998214653,406.0733423388426,290.09681087452344,0
41.5101744631354,32.260882326785975,226.87929369816854,302.8469663390898,2211.6422474705896,97.59464834937049,80.16490980136808,0
26.674222801877523,35.03345489343771,253.85352883060455,334.6453972543738,4323.413187680007,302.7692516453441,485.2875958752596,0
27.413215080337803,24.461875456077916,80.36850963948278,248.8721210056968,3054.948828218995,476.3550320633133,394.74779870057864,0
22.956745905258366,40.55454199251923,254.28153887504956,45.06432996260434,4697.61285582488,164.46181943958342,43.11297580037626,0
37.94161576103797,15.322570132655256,27.326596703370754,277.6887394055604,4521.882340165242,74.4897584006588,113.36730320996647,0
45.49008021020007,19.646863595673913,270.80475577654045,97.49788718058991,2098.3408810454375,231.95376738452416,106.54713213282108,0
46.69988180119101,30.641841135702983,289.6543123480774,312.84385668706113,4296.142846970776,189.00670507574586,447.2147603831088,0
42.18076595027187,26.948694984276635,31.443718344608833,111.24821714608271,2012.0434608256394,157.29704304369173,220.5278046463963,0
48.135405958518575,18.49635850921578,311.5158668842906,173.94515128962132,4684.171679348694,487.79430298852526,112.24341559077422,0
44.311752095575855,46.56718188162822,217.0547906012748,288.77454619545375,2217.713834716082,233.03785798986632,247.30677862071676,0
34.71790087035938,29.776228541319327,313.58514470718933,169.05322171163164,823.8069804931605,342.6264984744849,359.07312035230075,0
49.68085369087905,26.696795297634782,21.27307366305425,190.1378950500508,2608.6878668064105,188.1159661090842,273.8536479167914,0
16.855740105823855,9.717482451823624,310.3091751255149,137.70749945798616,4244.933932128596,376.03181592189674,229.30604978692037,0
27.163489744521183,17.91756322605672,167.53751178452788,14.469249321062021,1297.0454306083866,341.8213770620605,182.94234600713494,0
12.578896081658554,35.30443453933255,72.80658899377642,39.81715081424519,3649.3708230936504,46.262389034997796,78.64261255586614,0
43.940798280668986,23.630577489180418,208.82525657306468,5.514148612416565,2143.2905362164765,292.2001484382425,398.97994161529556,0
11.960819769970339,16.211054595376737,262.0463801107701,349.8579493770153,219.98023351839507,454.5804055361264,263.46847996158414,0
14.267376000201438,44.36268819030763,352.06628911097033,134.52631510029937,482.97302904152644,21.52748523718223,407.53486904437597,0
6.564825140191044,5.148974148547883,172.18741113469898,176.5538133617109,4957.276038213323,275.9890866517059,246.50603620559363,0
18.399398250764165,44.09077429899859,37.294013592993046,177.0470768148667,1436.0036196949334,425.5151321568407,158.96854895213082,0
28.60899828390672,28.230452863895415,133.8526792533991,100.86642961225505,4978.930605770874,6.187991863999153,100.68561114887753,0
16.292474507870374,19.605983657137408,11.64469570619116,101.55156365624917,3847.9938083729644,12.044776048912242,33.13672745510915,0
33.838643734997916,23.904923524928392,210.74023387241115,162.14693153257556,1711.3802697050473,252.28438837863715,294.321059456983,0
9.93495914805884,43.622733648883504,151.9624536474866,200.36919931737475,1381.4117947378136,150.00883776962525,263.3906241727892,0
45.173494649211236,22.33460668901513,319.97398357846043,206.0764006720341,378.6194833255534,204.80385837006244,231.07999734297007,0
22.74138319839942,5.578798106551207,183.48929497366214,57.168003068286446,1450.7470621662947,159.57860564164295,397.2368754779701,0
42.94622053437909,47.22173174638162,223.98224563384028,34.79824445645575,4630.3546919683795,300.2599047019345,279.7721501879324,0
39.351776114530765,48.396903789431,234.18621961665096,272.9564309533132,2195.747214881767,181.71462376875698,427.4413085939711,0
32.48349852329126,12.134414827689657,147.23783766723696,122.77126110149976,140.56829507885934,90.73478470135527,86.90550717869,1
17.661524948747523,22.842714264314214,52.740736096817805,23.408304843786368,4925.462442797711,92.35318577016905,343.4280906427801,0
40.66134822416147,25.62266423211856,355.03647198649537,102.1433453610421,551.0854838920143,305.3644008061933,343.6834454019058,0
37.0399459957784,42.103412487288445,308.01987485486563,247.6390922953099,3959.3695950079914,371.2246434890698,239.32529005513754,0
13.208457528888395,35.84172016316119,359.0875502018839,317.36892061024787,795.1644259921738,157.68784246071453,297.34500967750665,0
16.562905280619304,44.43818518535194,346.51421871625786,197.66904998170654,1058.0204749349293,313.99750604687443,305.9487242024247,0
25.671247452355843,31.341689135340232,49.461515009459845,37.91565354984255,2221.23760523345,306.61749027171584,65.77465804846666,0
31.109054214508184,39.19529216627159,60.85553610709175,152.17877925435027,4383.921681274855,259.0605227559603,487.5895316713125,0
9.873914830108106,30.636180958836903,81.67385041207984,224.02478504812692,4251.8114385430545,443.1546477275786,494.3729550153682,0
46.4266928075497,35.33559063171744,185.46996258650168,70.15445832950267,1694.8731286943748,466.36635200330073,153.80531095372962,0
33.12466146082183,9.783864216455703,263.0512537555789,151.96797543392796,2130.753339115809,106.97531226246204,452.0831339836751,0
40.752296556494585,8.49063626375357,170.6039631465231,160.23397486336606,887.8008854470263,214.74657999475122,458.5093802110184,0
46.38517766674209,18.37648635792099,92.85123098887485,15.910357563449642,4567.814071937894,94.84648604340894,101.46175646632693,0
34.02656466226864,28.496950795575863,127.55970845330579,51.15436484465324,2973.492162161836,415.9459503191321,411.6887461464837,0
15.851090367306956,22.779783868045556,55.49995048895574,354.20317003752655,232.57993353776382,279.60265998182405,467.7812990643183,0
39.016132750688094,12.280475119996847,90.2590810875891,212.40070060604612,3660.090915572106,162.34703674191857,359.39690820684973,0
10.820266262602356,47.12963033694486,204.18418453020527,290.9552913637987,4550.850809960063,196.0854704544085,282.7651870753585,0
36.05194439140985,34.102175247617396,297.609152583036,6.374181173334965,3091.010772044075,279.105743194832,64.72349920021925,0
6.764189867770856,12.633039170175717,189.07405699331156,350.79949196707247,654.1672286752452,398.24038255702584,69.86543484912706,0
38.167324890173354,41.77923331530084,4.175129092402141,94.25284963450447,4032.263696646296,423.82813980070915,355.2239821729296,0
8.10816995498094,48.84759378884726,290.2099986553358,230.98838229317138,4598.4666458495885,77.9246841170067,235.00366852361228,0
32.320116899213545,19.223331261220572,274.2295508362727,239.580721715593,1977.5030780039647,339.81436738660466,381.84646887283725,0
43.25066765315142,40.554241363040994,169.28401403067625,197.90837469248018,768.2406387773525,219.5377435427387,232.28341412270836,0
36.82767366798922,15.40120925918193,156.22649910009483,159.73419962666856,4463.41856356208,24.168311887652006,146.86430691996372,0
8.990399131316737,12.980533944623266,4.389652651434912,302.8760148026442,4826.037464196965,448.59425690747196,430.08097550150353,0
21.474950998540084,15.443746128342429,92.55987629337656,201.66828635483486,1085.7307359166284,424.00025075693236,339.6196876982772,0
48.56945542484794,45.17093676134668,73.76666615539341,179.59025491918928,870.068149897891,444.629792731453,27.378000785378553,0
40.431828382848586,29.318547352157903,77.27910567932224,24.305634886649287,1177.2765090153725,84.41005648945438,116.83434298521655,0
35.80967624594108,10.848975031616874,200.69967024452862,108.89143333106857,4415.284110768995,471.51703997266617,409.3672500119505,0
6.57059456587171,20.038230652329204,50.69550939360488,151.17345936593125,3085.6353222935536,477.6844141154812,60.691386794035076,0
14.352517738262353,32.01490663683646,216.31164046007453,274.9484797801874,1145.3963460888024,139.71013655952373,232.6778933632984,0
28.968995972905084,9.316460784640512,334.2785992047343,242.58147837083732,1250.607566432744,225.80830343305368,202.18878446811505,0
7.4159029535870795,8.946615124344618,202.65761154978804,288.028094601703,4854.403370643247,409.85530632724783,222.42309420660848,0
46.666955939389425,48.19354397994236,11.396807355766478,69.68282681264634,3762.5622956071124,181.6025240031992,118.124853281606,0
20.890483929051353,22.043473422106775,224.17955463273717,233.442589927972,3908.6937000162297,258.85979017010044,159.8849755986965,0
32.3072780338661,49.13984994915156,230.9515149719563,87.69330266808906,3323.5781931424985,112.6099313337352,489.3679842217633,0
21.310874896939,7.312486782967943,108.53396294325069,358.9016419750949,473.7713851258178,1.351158379617634,225.80587217846337,0
23.82317695709379,15.56413026285582,162.84604055861416,114.63907917716325,393.42521182903874,179.42551014896395,372.1857440279487,0
13.173700493866948,49.40986755181025,95.62619889953581,163.18306879079404,1564.6302370155634,69.3628879776636,313.19268905983944,0
18.73551896002661,23.26757282955908,9.32030959649147,247.49810705745745,4568.508741400713,422.01418939116235,13.9517105712898,0
25.208082413925403,7.3757307469586655,161.0583453981803,41.214475862892584,2034.450256509715,397.8135370542861,275.91733914666503,0
32.52276701276018,48.71380697150497,82.00187962600107,217.07555819836736,4650.415674364147,435.8416812005698,491.71364237242,0
8.421242149261527,28.18179311571618,77.61133918671936,136.35864079951426,1417.926796194806,350.4313215176405,453.13461333590277,0
23.327138481342907,33.65559588596165,103.86820451425834,135.10244358789933,4805.423012546506,17.793888729529083,28.376686713346533,0
32.00159969406273,6.932899228197761,123.45025987573045,103.56309664150676,1119.6748957178138,174.08469939452488,171.41633406256634,0
41.698607217138594,39.59904821044386,25.244340528454863,224.24100431490882,2989.306716117202,339.0966480615641,291.73492520627707,0
40.115179368927194,21.16816247761625,301.9362183070015,141.21941312705178,632.6006984556102,81.08028378806608,281.7664554362103,0
20.6234210585635,9.671337620413587,14.372915819949185,36.68081180125651,683.507217439715,414.38984313320174,34.0960037331276,0
25.719461983674073,49.91280158412638,117.91221341397573,61.83355836843921,3399.7722570630413,491.37680843267844,56.71247701876092,0
21.41273795869532,17.795688864087488,145.12332987842035,204.38144140075684,3356.148990036596,369.9841263247712,390.5523181933675,0
24.972498578654818,44.800777461228975,353.2013889897288,186.71392806034635,2452.960157687397,347.2703529223292,65.12195872290016,0
45.47908877616262,32.77918179164437,287.34560089601626,150.02201837153726,4632.775031217039,60.28656064579885,125.20961979915212,0
28.35315243812131,19.81043302035419,279.9835069128551,226.55601030602313,3712.2302867592066,220.6553811437013,399.4909916159006,0
22.369096539275557,17.995912096343666,317.55696919492533,232.93519024633414,4955.284791145632,338.50091489957407,471.8197108897433,0
25.750862325811653,39.46097992190097,49.182481608301416,353.15451057676864,4074.101377150017,342.56948862563456,311.3142427298247,0
43.03174444902778,20.535046390220266,263.89569341176,65.40855334068404,2126.115678068949,181.34313135424856,474.2817031154707,0
27.341587003630043,15.18894565641747,224.97980356421522,200.73278148553553,924.4752010502455,170.5816675534974,222.14274230867898,0
23.774366932490597,23.765771046426824,343.04114327281104,169.70577003935193,4097.652476434253,349.0080208392733,452.1177836594912,0
12.791381008910019,5.036918652344061,147.64059780765825,169.57457152427563,4485.942593705091,337.38157330756866,413.8625534616813,0
30.612499858344187,17.350396811477143,189.72155029754956,347.8361472195612,2134.2605707872526,212.64949387234216,96.02007219955277,0
34.389009698731364,46.43714698138653,266.88419666129084,264.19297052984007,3072.429895730046,168.71524536017475,52.33481280869301,0
42.370638951318256,47.95742228314903,309.99050879680266,170.7186637367614,2236.69385563884,478.98549153835876,114.18772632951696,0
16.815987013760513,13.72944566437611,39.256203869695625,85.16635258790721,1892.4553236829145,369.7768874663137,51.33278243962819,0
24.804341013053396,21.414271575248847,281.26682550957526,308.7080566149362,3183.855291973055,111.85283316993817,467.4038570014687,0
23.12047277481041,27.350067086709913,124.89085969502872,101.66089805350569,3018.7732891870414,304.3097216706051,392.956686145748,0
23.71208683637505,47.010518208517205,36.37305910683966,139.5491706265026,1469.1763484873304,460.52503333013266,450.9256981921004,0
49.938059060646104,31.778068361880763,112.68073292569191,167.506273705273,1308.1414411345056,315.779321815994,109.43655308285204,0
23.474722842364297,45.326636717861085,287.9991980644721,315.55402980624416,1447.3301407360536,462.0925011676553,138.30967063698574,0
27.305294444076548,26.552106617923005,175.43437653405115,191.01430438301185,3728.519992176206,438.4127307045574,346.64215354165475,0
49.76720782829635,36.83744451598825,198.3433114230862,279.23894240336574,4810.421843326171,442.07840738373665,373.6086716950605,0
36.12246913310247,49.43653681222342,74.64597044450164,9.676187850611427,4412.148618153026,44.31751387295585,460.8116177847316,0
30.8628046120421,15.054675316437294,215.91608727173863,265.7314302201737,2257.7689558917136,472.5717476005271,78.24370390775282,0
8.909099950096104,32.93095732147381,4.599402676611648,130.16114681239995,214.4762452295383,27.94568959266358,435.3412254618856,0
48.54112639515485,26.044537240296613,265.47241523151354,178.9956024137755,2382.219049335821,361.87221743380496,230.18769849492372,0
43.37459516429921,39.030536385753024,235.98341041214576,167.27438260668222,754.561574281511,184.07246262036182,90.4063683564959,0
27.52373220463067,39.46578183336147,34.96069036038487,191.4321583987081,1577.2097205880668,166.58835215777418,37.872682744609364,0
7.467666726290896,19.300855126590456,115.28903144798893,359.0623495114201,3935.417935736052,219.5205156222277,212.03236624914163,0
29.436778577792687,7.307092972545438,82.87910482963517,35.00185947543655,456.2382791286197,200.20853694156054,85.88333954871213,0
31.37747712051982,34.24773025332195,229.60817992683002,314.96176844028366,960.8860198304176,185.5817616203388,291.57463774787857,0
38.884816354979186,11.524982574584914,239.83440620987648,206.57524073554782,2756.4884811385245,253.5165820833299,438.92014113654784,0
49.60175069414482,49.120059259855225,267.4124296254784,216.88388431779492,4783.656317944921,358.52958250914367,172.0041894597002,0
35.04325197016246,18.396560144136924,92.04341773967069,266.0679624247476,4142.087669714792,57.65280792733884,377.28531329783374,0
25.577375884575623,15.711402441268346,86.49917383813445,243.13172629075473,491.03368488459176,334.0471295447676,367.1759852125619,0
11.530928090567926,48.2781841133771,49.50847052002953,99.44759002788157,2305.886465914914,444.94551045998537,192.06165587539763,0
44.77646490262663,10.719382794958392,87.1177953961518,81.98429728597037,3384.7781837970074,192.5636730729971,42.96281363434262,0
34.954301371490494,8.102080450751524,341.27395941862187,316.96223739420793,481.8204846974561,408.7005746670572,270.7947873288185,0
12.904106478337638,34.059773762680436,268.08459198437464,297.1669631547816,490.0003109920344,157.71049961224793,70.94386697423982,0
38.210400680070016,23.600061722949167,115.83874468175735,126.65587404374583,3546.096406281435,399.7313385101085,332.88107174022946,0
5.6012864960518725,10.778379006536209,43.88880971341339,215.26703309723985,551.2457840372196,65.96803096389759,488.6645298625045,0
30.06072731356152,27.94123495460202,219.18662810161183,163.43139418597232,1982.6836841478228,187.9995831747229,404.7424104458552,0
22.899424775295785,24.869535416378703,23.0590035064197,317.84110326987997,3204.0832779648304,20.80049055494054,26.647535540935852,0
18.115052027324587,15.462953985847427,359.00487104825817,60.118053112502835,589.9409091059247,383.37113497247066,393.05403089300387,0
32.173531977794454,25.697946162311794,145.9245601350778,56.917405670250645,2907.3252064081234,456.5069412080751,296.7792473683121,0
25.74558860325679,6.629369433026236,299.90859501119235,173.07219080712233,4988.569968642476,69.85812417126569,248.15441930680575,0
46.19989743564703,29.80254529661612,26.138911790511706,176.66388708765953,3050.113156645965,88.78983679736369,381.1431717411187,0
29.60630732792177,21.69227324753137,260.6129207200616,42.104539751564694,1332.262870549109,164.00980050704632,105.58487304617536,0
25.959965607993077,40.2081262238732,41.61044945924748,352.71168394314634,392.69094610518374,73.64934553044944,372.2968888769291,0
20.060738111329236,42.43847315462594,36.110031667469244,182.35170292399283,1150.5388178954815,84.80855736396703,393.77646696924006,0
37.48613601075071,45.26345534717893,104.95620698313313,303.9189255088482,2736.514123099487,72.98101532859907,494.4561346139074,0
29.094967467111893,14.186578470525578,251.4338073844495,130.3016767717273,2573.876810990807,317.2010736785494,327.3048927988696,0
19.353745510893543,6.598817426345169,73.84565445745231,148.99583770306526,2561.149112721824,477.87253079742754,427.41918196772343,0
16.07665917100346,12.914422409356217,267.42025041256755,180.97597433266458,2589.2566644103736,47.49763435304383,458.8953118311628,0
33.79315654200056,13.935162048086486,327.88983688186534,81.80286899774481,3291.5824559643374,258.2128432361125,413.6902021900896,0
19.88844411933779,29.14114212645673,275.8436370105965,122.44377552680932,471.8399334827858,422.629209583952,399.4308581244309,0
12.543352263879235,16.32463415057303,265.98945154004156,293.8879431252961,4161.0192773495055,341.67653622507976,211.11208125183018,0
5.449982391178205,39.673665423607524,1.5327975547630368,225.6793994615233,451.8948685196894,39.86280994705754,495.8869445565783,0
40.03432525268901,22.799677472963783,306.92015706436496,7.3233447808230245,496.7964796611848,244.5574132076239,186.18417987162422,0
46.384619490389476,22.705288306641812,120.36091716962838,263.32633580730504,2730.0841184422634,389.02320358958207,121.0259740258044,0
46.898260968458494,6.469028098003785,61.63218973031223,265.86862163041,2531.5782412513568,367.29628555698866,427.0773983067404,0
13.651608203572,24.254762823145928,328.41796685935674,193.5141835305393,2438.5477747963123,158.23595138479794,315.939410339496,0
5.524859317977456,12.592669361898091,244.4882525725027,17.2900969300603,805.1489186284452,67.86821338655108,318.61188759185904,0
24.79886936560263,43.44071056073051,67.15653057721119,12.416789276841168,2747.9082434911375,259.12707020965365,383.1840805108846,0
42.98447658073005,42.59099292101442,122.87401730270992,122.31766738726893,3168.854752490361,28.409474633676048,421.49088727479796,0
29.852593714723504,25.237705326337554,83.78403233104393,105.01090992156682,4819.57375916013,213.51194588171262,135.33584146449013,0
30.109865330165327,14.261319283532423,351.3116532727279,78.88636181608439,4045.2555538819834,116.26111876232403,173.31956804023363,0
27.464378742925916,33.987715768482616,97.32208188144926,255.90575064100025,2992.8111141092286,100.87821623168053,17.352540543809745,0
34.22086929409952,27.427425977441317,145.60675398007047,75.97436105247807,4525.527513979186,85.55003279816376,233.7031220950419,0
34.345378394395894,44.554780777269045,247.9576521797933,77.9668380666957,3874.491318785511,420.5508330102875,277.5830833007707,0
45.98797944067073,17.914993090771198,315.43392261847225,302.0952485331028,2744.0197762374637,29.775460970448364,280.5931974820559,0
40.57970011060119,37.22997777543634,251.64023507493206,34.67540513904094,3995.908005705925,333.81012026859605,324.41065546851513,0
41.94477103279323,19.275673439585685,321.2075243117274,11.195507492909694,1894.105066968073,480.9154417083158,33.86210772397236,0
36.260208771105596,13.36086684566071,55.96559499363397,34.91609631890449,2376.578763936262,65.54165303240644,422.27527606247565,0
40.34942625267044,44.20559301859689,230.51944290893118,238.1029583825185,4530.443399107265,346.97293373964544,327.8544042573083,0
34.7444322968827,49.40086362733523,110.95002887334223,271.00904401651746,3749.158714639223,354.4317384362012,328.0133573597711,0
36.53155340795334,11.82256936671384,96.97770442589804,81.24083952566355,649.6460822672683,443.53055754012735,256.0159335800041,0
26.7889296877738,34.65856210558634,308.9064254902592,47.1064628143409,3340.300188318539,483.2305755104117,395.77307317321095,0
21.970105267638584,13.269196511729195,110.37476907793165,73.42746566725054,3370.0215823067997,356.88562293225306,465.5328768176368,0
6.683665202733566,12.475793859324437,277.9578323456376,118.04136684531633,2387.8861016076535,76.09111332458929,49.62948153122865,0
35.585067771826985,37.49645015352516,117.80411734570825,296.97625486580665,2828.8207918969824,160.9872621308875,19.662104989453976,0
41.23123399863678,37.744069514512795,175.3004266635824,145.74021200174573,4194.867795646861,14.873488697001836,139.00556363738832,0
36.999192129372005,29.432632494374218,171.79467069914878,41.37532815693522,3380.2527689900985,479.4455541171955,437.94764239830334,0
37.64446561905602,25.340132143693122,160.57375261389436,353.5405803070146,1305.0016136996662,287.0775943990558,354.8534413898601,0
43.78032790089655,7.249061570802187,300.0044515494182,218.14565076917768,2303.453573637272,336.7998181277877,301.45741696788247,0
44.14048244874992,21.845428252414855,98.09975451854203,124.1391357470587,3083.2442847154753,149.4433660417845,324.6119459933339,0
41.682344541008945,20.11882044797415,124.19964205377633,54.546054791210395,3627.4480992908548,167.5560453179697,180.45619862855204,0
34.883473899929385,9.063191217334595,358.1888579220904,236.76328146906897,2911.807585464446,330.86455597173995,426.0437637235602,0
22.125921956742395,20.13228710885064,286.05304053187876,209.29121370968912,835.0571050438144,479.664640487441,72.22441768025078,0
32.535520095855524,15.092168887749658,44.78411706422002,70.48072801092073,1047.1486226141772,348.68079858671905,241.07372396485894,0
24.978551363186487,42.910444485389576,267.49260675569366,262.4336735782943,858.4100458084712,355.5353122089443,254.3089271961296,0
30.624740872598274,18.848741185932543,14.106668433817262,231.85255727331023,3787.677239254442,459.92953442726804,160.43555884297683,0
35.13772144534272,44.5107899808437,85.01296666185821,104.47062223502625,2509.7913144597455,96.54607544536547,81.09324461426537,0
24.74400149711026,9.128224218406526,359.5548447239359,14.936591143561909,2211.6645857272124,56.06204007907989,459.13235602902483,0
36.76119752558405,49.8874133126421,25.586822928588067,12.574467295335069,1058.8820964151294,214.36072357280966,67.1635541659688,0
24.465232087041233,20.069998099456658,308.72976391920105,220.65430967504108,1871.601658563124,382.32656288390876,441.99865525750533,0
9.984693086877792,6.037705757749766,158.0668631392804,350.92068634325847,1530.1157745001692,483.49951063415966,25.625972000602847,0
13.37022288750372,13.317724117954453,225.90730393425687,219.5600646824915,1149.994861731469,30.450424265388854,105.98086824546415,0
45.99465143426955,21.817695834552342,319.50263477495037,194.25377246342148,2307.029519819517,81.61680359849404,86.22503593766511,0
13.722042673168604,42.062096415786094,30.682414780156066,343.1822400441244,4420.705250740173,305.83012749789987,79.95520532409739,0
35.804307412338915,28.337231057552152,206.8752602899327,238.35673869014875,4871.667547759488,243.7553277095057,442.8663367187637,0
35.46594267654208,19.968798115314783,164.99588591999492,171.1439018549904,4034.879828075171,448.70519137356274,495.3915179802501,0
43.24277142595415,8.801465766807219,23.56278347995,225.94637950716802,2886.5395077259345,386.381404093007,91.47484550930129,0
34.10581068127658,21.29111685286876,89.3401253132568,38.61068118287473,1184.065461097637,473.7316500429789,377.1657332557251,0
25.972344765092487,37.569420967834844,196.2098583466979,333.557407571018,1395.4891168303486,88.00137906661526,157.72020876212366,0
48.48029145719739,14.034384301207963,333.63699773681026,194.59947229506164,2424.565279495254,464.0454375070624,193.71731639684742,0
13.820133696177352,9.945834145214873,308.0951117180839,327.1693548136358,305.86842374698756,488.80570949097563,134.4060176808724,0
6.50827142833555,29.057275806624084,113.85283223454614,314.323581206992,4919.4397196826685,434.250289663627,309.4594577603329,0
35.64107280681479,15.193678984291441,216.09516290490814,338.196271455747,4101.692712937309,339.2690709526937,53.507061143608425,0
6.894190834132495,18.74415877038546,71.3976888947671,307.73813748431746,731.2915338094344,324.51837447338323,343.47214929483835,0
37.62074262429981,5.170374458643682,48.45215649137313,296.1027292963241,3636.2154229592484,288.232453247722,169.7575478217596,0
12.186238261574045,31.93704482508175,313.77469682671534,233.6337542828319,4435.493662867755,283.78002439821125,37.20251814076797,0
34.163514926621886,16.802153234468825,236.18896270540532,94.38764079387605,1003.0383610699106,275.00956890556307,261.91219805261653,0
14.185803592274539,29.643901853335397,288.9104593569107,71.54700336051584,2713.595855437025,191.64364931049127,37.44287267574858,0
45.55523138264973,19.067116063699217,134.29717704874014,316.1821437384224,446.4800231399891,291.7517546703163,315.2471301333233,0
38.25420773668625,27.645480946040585,211.53168488615896,251.6549261169648,2621.889022447598,494.7878023435864,95.24629795649564,0
30.08592595041315,37.482996583182604,58.813389036017846,150.2606385989705,2770.193505234884,61.81144804602556,62.3480980067958,0
8.63782535058703,11.684796402977078,51.72443235919066,289.4382833586657,497.45123045871617,375.1380806044172,155.4981858142036,0
7.812442730995741,15.315285336471636,282.2427815989064,197.86485728609046,2637.268841701005,489.27154122812976,67.80974499118864,0
6.873698190607359,25.366048697699245,19.447122181232473,267.91893293444144,4742.726673402041,463.1018346491101,373.9717316213403,0
46.19533967936312,44.57807098760398,327.4617352250684,87.00776052011166,3992.8515875397193,416.9475116208612,189.03907671633314,0
15.07271896507073,9.45729571465531,145.4254909308727,273.6717275576055,4259.585733417406,430.7144980340253,323.9332258770539,0
33.44316274719836,35.71596006130099,194.27011745513786,286.4225158582064,3488.742559022742,386.8076916273319,62.19135504205753,0
22.470782097840658,22.772919395833377,46.08085600908338,178.6439117019255,3459.7184883990158,84.62358653223795,238.98551934904094,0
6.312345073792537,22.920456419384728,229.0174161546786,4.303302663053152,4548.742227276456,441.81583056344107,324.27484678668833,0
32.60914766951046,36.59124662353029,344.7767270049685,132.6402567701749,4456.896404635373,386.5285791652155,160.46195244072226,0
42.25477614037615,25.83010160705791,83.54481414460484,18.66968277271237,3528.917544789587,347.86416020396473,463.0211737854387,0
34.59092108022941,6.643752529047184,274.3405896960492,238.10163558154798,3813.108850399453,262.14070841664267,228.5223251608362,0
8.495308509195505,21.661448050914153,162.6725410954193,250.3846219210095,3043.260703976119,171.49591500422616,297.58611924234606,0
5.661580572403606,31.83166900105941,151.98722102970203,265.2220823743277,3140.041960501673,487.55547008389016,114.66449005593881,0
44.58468540686201,26.35215800417007,33.89136601338748,174.40964116586633,2743.5353884477577,192.22519787063052,323.69124323360074,0
21.721796877403875,46.720829391201036,323.0073274864558,255.07298399041844,2209.2423396878876,129.80319466134787,280.98568499270516,0
36.72337829847199,49.43292412183169,67.43050434124387,115.09657501993689,4056.493349927504,143.10549005157958,479.61325227299125,0
23.96541651449843,36.25162879630929,45.00790801139968,280.546635535197,3497.5226193232525,24.784788944068048,416.5285492089648,0
5.652352193130694,17.990765002910052,4.392580462712332,200.5067262347482,2587.2335180645546,101.9837838551827,284.3651977814777,0
35.96288798257004,17.12578640141469,33.624171686299434,256.51432073599926,2673.6759040122624,15.838230326997937,155.66683722787894,0
11.934218683961717,16.346245718491904,83.46549275394376,115.89205344848335,520.3341582284036,460.7784600135325,49.889991435366824,0
17.31678183747666,41.479104022381804,150.79873950821283,310.9283370749701,578.4959880762741,427.6581751512945,481.5023829009077,0
6.0989043350675445,45.76133291236482,202.24828539803556,18.96014412501971,1680.0979336885625,13.669820554099099,32.17468322078154,0
46.746017314149455,32.69929321735749,323.7136220209794,333.4382273071979,443.06504113423995,367.07160181299093,449.974275285453,0
22.96918926924466,45.98341383737418,156.49071944825184,212.20028479134663,1846.339244574143,421.1994092611593,260.3140688692387,0
30.1882146638412,18.599572199039027,43.927860884510125,150.97100516967404,736.4980606854168,460.69910696968304,461.6602389792428,0
27.319222800941105,7.894544934446151,298.24206286957013,53.973775840154076,2959.0059673277733,439.13797439546795,120.91601834972654,0
42.15119015819666,43.50965633338502,181.1737441568723,127.90147373158501,2461.9441855638343,174.31917215305555,248.00551309490965,0
11.558249231672583,6.056155124558752,199.14718186719315,31.005120715745363,1018.8354709197697,244.44741810005732,25.41132908475463,0
11.308651820386313,37.56378288539695,353.80446760162187,184.10066660209054,3175.469108255684,498.80471756802575,285.3942014685116,0
46.66109105555356,5.278301224649876,123.64254631956337,253.52810692425996,4681.702532441046,290.66517149689577,477.8122803208781,0
34.305131754053726,23.992739068541233,108.97715386729877,50.37654459334059,862.8341259071975,251.64268942236268,67.13657480741747,0
48.52754923829127,15.489333328025792,347.902367474231,63.12458569287887,1948.424756720801,212.86945706729682,418.3667905814488,0
24.714129315575278,11.942900420726954,256.72349793046163,221.60496066660863,4966.571850143342,184.68461738106444,158.71043030953024,0
9.689544496663055,7.169486856072453,139.52669259421074,115.33992257676847,1773.1590263505916,412.1531598319918,495.68405011758557,0
12.482385014945176,29.97768251413979,18.37359591312067,107.58318740007753,2426.9994521270723,2.1445443508221196,455.23981351591345,0
22.50285524561233,27.339183010621852,269.88575451107425,287.5096439940489,2150.0952313238076,351.6006541674557,397.20158729378494,0
5.834778489372335,40.021220769290764,150.21506866327155,28.624349927206644,3566.257677451803,10.281040024502808,18.14010528324106,0
8.7894872769334,15.146673384700827,34.19629529787515,245.1624676215326,3749.0325207132373,156.74139242074375,390.3242199294806,0
28.270761123773465,10.800063437703507,273.1310369714383,193.04170647560045,3789.124638156543,315.31367070440353,255.74915146196537,0
26.485196609537965,23.391535626773884,16.44051871643759,352.91559773660924,1518.9567943881902,244.83037786340523,220.78306145078673,0
46.78437518622084,23.40402977963643,68.01411501907852,128.86096712948395,734.7044991336004,265.31012031502723,120.64444282819304,0
19.76518703475564,9.463791880149131,345.68971349398737,211.72693832122957,3179.778920530645,191.61453471497265,236.62707027418367,0
30.881534185886768,39.53131794043906,103.79758110608223,145.27174078255692,789.5703312736097,362.16382848500973,50.1748756526601,0
16.42337695891119,18.15592150302848,101.45889077828055,65.02492306362966,3816.8879188486335,490.3034861000394,214.9628108266115,0
45.70579441248019,23.364069235557096,263.8833162219885,83.77013437043853,465.4844318054817,311.4012615375531,478.13980866494705,0
8.687413954291468,45.79996389912041,239.28767724504644,324.9860196454797,1387.1803191447805,299.84615957566285,140.58135674205718,0
8.562703426043468,18.528635878529688,181.76834384387848,231.01688579246843,4906.799595879682,434.0341682995255,345.19493466564694,0
32.7104574913922,38.0658967364462,17.50144688511518,24.90932228314844,405.2817152419207,259.974678362785,5.927880060061231,0
42.23866472795247,11.243324445370117,259.7172466427032,307.4223104446315,2441.645788848749,395.5137203146285,213.66452760087213,0
5.262283102027599,43.612987376542705,34.2012594608538,313.018076251106,364.9881737485266,215.01225667250785,111.79497463595183,0
37.76061552802058,14.167647181594383,140.76901352869132,243.98669226695176,1050.870982357351,366.7892594768787,31.92129276069744,0
48.23818408466249,15.572587441672596,287.3543389541566,202.40462219109605,2972.750264648377,458.5556080436091,412.89296737884763,0
39.28648984133937,25.817742982189333,196.2331186539016,324.22851838496683,2744.4422673683466,167.48376528227143,172.0730171429311,0
30.59980058712557,14.812156630385559,78.51394741703479,106.9447761075277,2878.757131903466,291.84484235805365,450.4724446281736,0
45.08958134946487,43.607592037410626,263.8287011519807,334.1592183103548,1162.24071260599,438.31759607258886,136.84745008637017,0
41.28454889563107,19.1493298200462,192.67390365686546,168.44848878530132,3184.5586215721846,144.80133022236225,49.68099915852575,0
9.870363392411686,40.79120641584989,35.48771985257182,352.6759096967799,1733.7305533064728,76.14393656102465,373.28325159104145,0
26.18105295991501,23.277898705491918,34.736744405086554,97.04234113389354,228.9452445316835,485.13204186508415,42.139193534697306,0
13.74068348981338,27.51265989813211,175.47271105676558,60.801675955663924,4193.435663589452,153.60393626209168,228.09521204979922,0
27.61504563201424,31.648135955542664,356.1953873918189,207.76268518740943,4305.050308237404,35.11904276346023,412.90399954329246,0
27.350473821803046,22.024944212817505,10.674376959303636,184.62676123931317,2610.5912902766777,130.78049737648067,499.7746353909998,0
36.055986451189554,21.229440747513635,123.67953470293898,190.60307639573546,1920.7305751990896,367.2277155812841,24.17082333378817,0
18.10041606166429,17.74634459915307,277.20108411733014,323.3487708481418,461.4339701470196,112.38135454970516,52.08319303016084,0
25.12215792902392,30.52359675595095,117.72349428359733,201.54320902228378,1562.916345595812,383.91392863685996,136.62915134772098,0
32.36930814091215,17.587077046705858,193.67741484401293,37.7450062604392,1373.1345621367336,313.8886103679388,195.52238303855395,0
22.93026237622904,19.34347395698113,71.13692226301148,46.535235355399394,489.1417605674562,304.25816019658123,391.1922529288509,0
9.463400142493915,37.232307078908086,34.82404497648942,7.443761107845228,4154.301153129735,406.1035814894007,267.7141357611696,0
32.78399396552379,9.578458751882412,286.1241309587324,54.61347731458872,1558.3448153532993,463.9868004233799,486.6342997733297,0
18.685631743942213,8.851545324314305,54.66356069687716,353.9979066576919,1022.404373893539,346.07250713892284,55.998347094096346,0
5.180992316246079,23.577130648141743,218.66279595329715,309.3110298517797,3352.5852368854034,137.29416094483844,343.0858807781638,0
8.058428550355252,35.944349889494625,171.3501702725794,235.57139317682916,4247.579231902352,278.6906550272792,242.60299577121674,0
24.90933256537438,28.194849198565667,220.08871311979698,208.77417171361526,3832.7576226601445,434.056843107965,322.70734279187167,0
10.555312899696235,14.185578896024312,130.7191394413262,102.53901947267252,1169.307716577565,323.36423971595246,129.94345164384464,0
34.39428790243028,40.25324334873049,301.15919878877025,257.21078538196946,2006.0947577883949,118.80487515281524,351.2733531328084,0
13.432654548091321,42.10832486182923,69.55981592967544,22.097984514770907,3781.1224566093647,281.0976558214438,310.90845675964374,0
10.993795957443574,12.08435353900629,287.65933623577126,200.27078157785564,2465.059260402305,253.9354231052065,207.44571754585584,0
15.691434220282046,47.5483195660744,50.944863417253984,72.47656505835461,4996.523876508733,221.73066569805343,192.1395779743725,0
47.45939884871074,22.845241044392434,251.69149666494297,298.7768522592622,2184.417107315169,325.75221240609676,476.84910747413437,0
6.120938565910514,17.79301721720181,326.68515565572494,64.7060081107924,519.0008333206118,232.8450303420212,100.69158995983524,0
10.884829631053428,44.69277928231083,282.68780279575793,317.56900180291007,3060.0904941311096,407.79426409894745,238.61134036088976,0
7.489660990957228,14.017702767180749,287.67908853771524,139.11096172391552,2259.290265068068,331.88967064145584,222.7165720649225,0
16.156239858748062,21.61801392846405,104.55588066552646,287.2582947999403,2456.4320645855405,145.09317415821792,470.45783655798175,0
7.831868048934734,14.253947424389198,58.019631315227016,281.3389475372031,3045.547112331774,373.8202925114697,487.604047599826,0
30.54581347695877,36.680736905187516,228.28618442856572,112.48743548213282,205.42774762224042,206.9844948617996,211.69925139694834,0
7.191665285102518,31.33942635049441,185.37652088204914,98.31120394998774,846.1288183937279,432.2405703022334,473.8508763592974,0
37.11303540745784,48.34042377963658,250.20248441127586,280.15611738851516,1746.072161130666,111.56290287456416,341.90109630832274,0
23.457411680893077,26.926816371662426,350.1030760992436,218.82381404730802,1638.3242650626921,132.4462646310161,231.60297534153585,0
7.438016594028056,16.434300604798015,40.854688644791764,167.52017557800008,3869.9198636320457,240.4262842081251,206.54713178180785,0
43.93540260278682,44.37583084288061,294.0863538030138,230.21760428721268,4399.572978340951,300.2245988879401,288.2548052880524,0
32.29873055483686,39.616308284014465,104.65055137557349,199.0735562122335,3012.2930617976654,197.82935839748012,206.70379190916566,0
39.6867683190915,12.60245341265378,244.24410940924193,260.8646852542746,3891.314615661752,254.71162737716347,423.9471408084568,0
31.231485262685347,6.927335578127355,306.85548609087243,252.24255496082574,2102.573207303998,157.04090838474943,178.65296109900564,0
21.155864335224166,43.29184892240573,149.77595389020382,39.9950863690933,2326.3289465078556,66.40225474582506,314.9121729403668,0
5.430213074632262,19.281863669748653,62.015958288277766,26.778888323957403,4930.052237287495,207.322025628985,427.78241928353873,0
19.588412402180133,10.829209905899884,21.99820482408676,227.91051646370008,1780.3888753593885,66.88290467114749,211.58791567395292,0
44.83031473251948,42.44418116989752,3.761812915869198,191.918445097197,1308.00953340871,85.33567364334577,318.9818248491185,0
32.4464102501261,21.428559298362767,340.20255949806807,243.1037979747908,2711.6864876033696,248.35961374102246,222.59182815594863,0
17.637494131958633,24.33521166410139,259.031974962546,136.94878701829734,1160.1274878206445,195.24599580928643,177.12172406801253,0
5.395320834353939,23.109078631590165,0.2077834804026324,109.56928870894642,917.2835040701984,3.7330426426741004,108.34749716094372,0
31.15003045485581,48.795236380313476,26.585053287678893,52.99481994569691,3045.8334036292345,257.6890425318861,390.7518035382467,0
14.125155815992011,18.227872686278374,114.98507229395608,145.87715569904404,2299.7322477934063,26.215689210610126,193.89248341814596,0
36.71806113850381,25.80524413948498,242.49783288280443,316.74107493144487,4639.368745905393,399.77407032904347,38.745672158002286,0
29.75433719170125,33.81834876617077,267.2580960766785,177.20757085642717,3643.029304385164,354.23446507129694,238.56663937213958,0
10.802552072556097,38.161245328315985,308.67734998949635,80.06249588959159,4262.596272123053,498.8734632465471,445.7963872786688,0
42.03939402207738,22.00673191307322,266.4113374143205,112.89403378919367,951.2557753843871,98.7143649517539,308.82413927372295,0
38.82077189166598,29.221914532239747,311.5284249094892,260.20098793082224,2742.694748730794,64.50341426119948,223.44572927197464,0
18.740767743867686,18.48786372179791,126.058906155622,59.158294598997145,3466.5113339065356,293.9709471366097,395.4425548446975,0
8.305124280362236,34.19277254482874,81.47254915603138,100.6241807002746,4123.712300448147,470.2070841239869,6.789853171355775,0
35.71760124459968,9.154815938364608,0.8584178146417498,57.46894366522562,2060.635260291193,223.4530657420341,126.33113609388846,0
36.931206681233405,26.219984683555264,47.04954815381989,12.279822886303243,709.0140239596712,318.9857944021511,143.4823533924816,0
35.550922504437665,42.526976635151875,127.53460310420091,126.20879096316128,4692.086947721359,471.1157081847899,353.99766050399916,0
49.830151318414444,6.334755855838195,294.07595880571165,82.24569571686487,1834.5764592031205,352.3312669740568,442.45672153353985,0
48.944567833609646,13.589466349185907,23.97113770046947,89.20592857771214,1508.4259759528964,139.7428125211288,49.683449794279966,0
49.55557221814332,47.42769015681137,18.410641129946235,245.28522644418177,3244.703210216706,200.6716954024442,288.58483772013943,0
16.702286604080992,23.9920388465373,253.78421482031817,49.77971650474283,2209.4950259086686,84.83975672005822,60.092246747911915,0
41.124621369806356,18.408839209242664,122.13466361510507,257.81824124334355,2284.5423659553667,479.1392704429024,307.3765717701936,0
39.232302222546664,27.633695284389773,332.587798809198,359.7540904191167,2144.4894294255473,399.54770893639153,415.8556057353998,0
17.83135352774449,10.783454669612532,100.42544251732977,142.03927023483965,4297.542318420032,350.02614680681495,293.42850111936394,0
20.162656060247738,8.120828297849265,263.72936688778134,304.43758144076753,104.3926721064083,115.64580972877486,209.7354743455036,0
47.761223242852026,17.942031074538836,223.26959551803162,197.76634966329016,3153.7489009897113,0.3954361848379495,344.61023479309966,0
20.038989929305153,11.586472273994836,137.4908151292343,12.20957939440662,893.0676006960304,388.0620422247047,473.84698771028764,0
42.655524647673886,47.48418419045447,13.511910364333662,333.13044721383574,3599.354994150647,28.144166298605278,104.00419062679256,0
16.12339086427462,44.022699691217056,15.187645117483285,286.19489401247296,2233.7175892177884,147.75104067574784,368.3242367164067,0
17.392984822962557,41.12167614060544,308.49690287653016,105.18632985208797,2860.469517165943,156.7645434046261,185.96825701655695,0
28.390404710611477,30.123434475162355,71.13626560875603,110.76202584581014,2620.7521683047385,391.8100877594919,85.4448236716312,0
5.941266040318655,37.923642155957744,92.52621158023805,130.48459497031672,3835.1520943679648,53.16575314612299,185.71110643093962,0
43.8370345249932,35.5639078153644,353.84789712490635,232.4545066747757,3219.9009712678367,328.61992076761027,281.10791371350155,0
7.167991343221315,32.97050455636192,290.374723994202,294.36797193649755,1920.4617627592495,63.66256954795785,358.19678016205637,0
47.70742576931947,9.662312554256513,197.76027419162685,99.50185472412574,2954.6419267903457,156.12416286195312,404.0679545384725,0
17.1658305262897,28.34180851403964,19.31198592133914,70.36457274217658,3368.931036552936,147.62756382990304,490.06959405460265,0
11.244686356770977,43.9431217764757,260.09578456416506,268.65934263258873,387.56219945869526,2.152010292059192,491.940362874619,0
16.580143409725924,39.59012313914305,201.30534139954963,14.828298518242784,4951.757539286587,254.0524031964289,403.2203239968342,0
31.246538470115183,26.264921378780038,104.93393805516497,283.0437290155176,1984.378283806474,467.3661786310691,247.1986780276401,0
10.341401851542244,32.02497403803043,197.29823450179236,264.14241172977563,4854.585709518185,218.16361374054932,263.18834491269877,0
39.09393965135153,38.70243839128584,226.30312593569147,225.46261375940298,4995.508204557247,459.24792927091835,277.3800041916356,0
8.724287112387117,19.737246805045167,21.501740990778547,126.76028015406236,687.6326342258519,185.91307753634146,385.0826236039321,0
31.126830929091646,18.725777802477886,73.59107889837173,131.90461361904264,4145.579252301563,494.1244357487762,127.52540925999823,0
21.732985198198005,6.650896795402577,157.6306811514684,265.7399505130331,1371.5178665118417,305.75296585749294,182.12385543406896,0
46.872352386499465,49.866948424746255,129.29937833169654,337.78307749879514,4739.269882198088,245.83326817498468,30.295737677568766,0
48.07670901964015,39.99496504462155,264.4134465695607,354.217451015036,3941.36986056806,452.16994098066834,414.14888568702986,0
35.03260672183537,13.597151881209616,213.79674795007085,347.41442671266674,1008.2811085040612,16.305415908187125,447.07623154091084,0
6.252887725065386,23.815918895875285,231.23246559783092,304.3553186933835,548.0458713099836,464.86649702769785,277.0052845112448,0
43.5604748637194,31.6751383693167,192.8725655168861,95.2544080933155,662.6477247482405,457.17725854212216,369.684055291983,0
37.760022557928544,28.68161458599538,138.2390018452075,347.35615102934867,2868.387635816283,234.54884275834704,124.49169886531253,0
39.19828664848334,26.918231056809084,18.75803520604055,72.05981991166797,938.847424093174,406.2990010047013,137.86753154347187,0
41.63873613007358,8.407245605342872,43.15706056074453,204.02119059800802,1225.2835636485172,29.410193149381147,63.746002866869986,0
34.43917856060256,48.1145300609174,290.1283293819598,109.93584634260111,2317.8849801789074,369.5091391945665,206.49167488640924,0
42.83399621168062,47.06796841426328,153.78126413707847,207.33219718131008,819.6120808725645,64.85932500782803,368.16049831592403,0
36.37890065405135,13.271183484994632,2.34457142897023,239.31645851331123,681.0120920518239,148.2901526638769,63.026646331193206,0
33.931148840986424,38.92018890116655,172.40509868455533,83.14199053552771,4676.418195724397,378.7074952525854,116.52123608298103,0
15.316344536364545,14.160013950718582,8.35617260174832,340.1424891811041,3149.496413539407,22.831669326982496,380.39521769730277,0
20.0460584557977,22.823372712211878,250.23508563038564,314.559083968031,4425.004527670095,401.5708794701024,238.55848729912614,0
15.979152764518423,18.053529680583402,203.31513318441193,248.43246774176032,1873.885070005734,157.474140138327,93.13331636810807,0
47.66396220689588,17.54548954153597,294.60930931555913,59.44226844178541,3084.155346576163,17.378569804476165,178.90450313810746,0
26.815938909570207,33.18152582769663,120.16577309414248,352.23675684129535,4375.128122686353,215.36925063868483,330.1881091257028,0
22.6283206305947,48.20171071448315,281.9177420167043,314.24707916871245,712.3419298317457,413.05035859876523,12.690602053995747,0
20.39339206348378,10.462841967819092,273.9386269847542,131.2967702512955,126.05188080551622,114.25111916067931,295.00876621377455,0
36.21234952922474,10.61468485426142,168.6867380374465,38.45134761386096,1419.121734629184,92.31885888339897,194.21785986036105,0
27.53278399823224,10.645242346291425,332.5024973353715,294.2817937877013,978.5065008211901,443.30439703036933,284.83944137399567,0
15.67980909474939,8.254400353240229,100.76256236157971,278.21760937281846,3391.5966454522654,196.32213283639817,10.5321918479947,0
10.92458668295288,13.502574674764514,337.41971229575995,21.126784717418037,2628.3211094692533,382.4543663914608,153.3678817023137,0
44.07839375000952,27.3005548477428,116.98878832761466,146.25115469193614,1477.6185167000374,438.38442001060235,487.73763213355267,0
32.96868893883382,12.57189589498165,239.9684080588488,249.71343788786882,4730.072019818094,212.51647160165115,305.4101018661628,0
34.294771708463216,36.87468146617199,167.0942351226213,290.2015564848339,3628.0163617016924,44.39533302013188,382.7020764234155,0
6.824929745563537,16.58408776126644,179.5709151414517,200.28106756473989,2972.666538040544,8.5818948888165,78.6066332828781,0
31.286638500741812,48.165019027362206,256.2628531550819,168.60367245997617,2348.3479508056566,317.9581030599872,265.0642077122205,0
18.264066202130856,40.93406691345352,180.80782462333804,243.49873655311683,805.5203670236248,200.14691440634547,468.4570612000906,0
7.683809639508692,29.91906556279974,321.70767996785366,25.278873641393123,3060.030846313784,378.28419380202456,272.431224205136,0
20.84446963703418,37.55315173262515,350.2988316595253,79.66149938041464,3943.7817554153253,32.116139335690185,276.0426849585501,0
35.743022138619295,42.37108470441775,0.25144979601895656,45.61734478612226,2866.4767193291864,44.45354641584143,256.34021246300244,0
21.305190149957973,37.91511910308875,161.4283422813969,324.53187684473033,4629.826933275389,462.77977497630854,401.03650679819253,0
15.14324938060899,36.33293761717847,225.53194448627912,294.27878113959014,482.783931700246,124.95051215614444,425.69618424671285,0
19.313767209728496,25.648224251396364,111.35441130240038,111.54381539364796,4098.763475752381,130.93980395181353,184.6414208701152,0
20.817757578246706,6.865617170224189,131.22851478047903,275.83854165933735,4549.674040247768,44.46503936162982,240.19012356974122,0
17.664720946663174,25.48675690077588,276.44638985792454,75.79657198844352,4438.631293997089,87.8152956969822,280.26643753495955,0
25.53230267733004,41.86439280017562,51.225733674450126,132.70741965634943,1603.613216296637,183.03698383180478,472.6387953094267,0
37.27795158699323,29.235776795195367,327.12672498809343,320.0814594760407,3612.8759300990055,98.27128530001339,494.7536362919842,0
8.914316370744844,30.39191111069909,17.610801001551785,109.88539874757993,1063.6233104626467,204.06609968785773,209.58361809828492,0
20.260866466395605,29.72495570700129,305.6198816934065,235.00282586392822,1876.5548771963647,363.1474411779107,466.5395822256285,0
24.945224223156785,42.1916175130764,164.52345793712823,252.46384507331115,3968.1866869806645,189.24299446648874,25.315393566545385,0
20.87030506523506,20.28341876392843,263.78602670831424,18.332878921713803,2335.1087275107407,268.7272269316796,36.98758136056196,0
32.41484490168112,25.995620485625647,50.267843395149974,62.820241166837334,2026.2306512656132,29.64370654096721,60.59687941128672,0
45.954156974303714,43.53503858031622,304.77289042330875,240.90833520427444,428.56010143699314,426.44013292997477,221.9917480217915,0
12.219239711135781,14.461523842744208,24.803956916772,135.03051046108192,3892.9560313232337,220.30125277434732,365.4093421357231,0
10.870930245562342,45.128721092396724,190.65138325389785,352.2154690019322,2789.2274796964784,257.81928971719844,411.01622044932043,0
18.9373849336235,33.17333569234658,278.1280939256871,355.7019370683345,1388.908493046207,435.2807494971278,378.98756810331145,0
29.963858165109674,9.475893924833276,47.779766606263806,80.03534429356216,4955.842424723909,186.98562651326455,149.8678356289657,0
38.975022077376934,23.338911536508377,238.3724121704492,283.5007858749173,233.73165963144592,395.9735021833555,170.84353650308566,0
21.103419921128534,7.057106924324756,168.353398359982,144.18227041429617,4514.645981617324,359.16052666825357,282.31059428987237,0
47.40847015501696,29.07424308481996,115.68648926149109,95.46671537401626,2826.038209875509,259.1807592143714,225.08811142014878,0
22.24332366311187,10.668955563032537,103.99680221289655,167.8378759786348,1511.1963068113985,433.50140480000147,99.41583851692599,0
28.026274706725797,43.054855768144414,13.880805527065693,7.626860478829229,3009.7370478292414,271.59985356619546,266.2999966543573,0
17.877381999806786,44.03122643044637,343.30423289278633,113.74913623392698,3908.5281072123876,325.09989743646884,393.92464561933684,0
25.051284060739164,46.109756301141644,60.81350108850848,10.034968581518736,3260.064057545408,225.8612662133045,49.874935664423305,0
39.17920648607474,48.036030533347436,355.39069830823667,309.7432867113723,112.75625097322413,130.16075948061402,2.0741794055510465,0
28.072355271576157,43.21153781553077,32.23536422906793,265.47140112760013,1686.8937358544886,364.8597118412462,252.44980004290917,0
35.21013386431412,16.478121388218856,79.5773743216132,272.77184676224647,1081.3117137790264,111.17557315749966,371.83697167554516,0
38.41570313900183,49.81636591183158,65.13059858652429,185.02135103170963,2498.1865010301435,381.9305640936768,215.23105117563028,0
41.77021717574878,39.994776637713976,189.5249282508504,300.6058142713119,449.2719589675842,136.06374394710363,293.85693946197847,0
13.994567392086578,40.839218621960256,357.1664467680794,4.541230256654156,3764.732513940782,452.37185024579827,32.76771044592164,0
40.676313598915016,7.012901188243141,311.99373818967564,85.55173718069727,1578.598594848116,496.8548745007653,104.3344601668253,0
6.312324612152285,36.47255577280457,216.69894717162407,73.0148178167289,3559.519134767282,469.8272479165049,227.52314289039026,0
8.154281767581066,43.3244526397877,177.0930375532025,56.54840853204403,1347.5154256731216,168.94527740221682,151.28365056644017,0
32.320171868516454,40.40803707099513,129.94103023821873,124.53368398548359,131.88513544008023,395.30770645064507,257.1209704094241,0
12.43627214300367,42.23022375946356,264.8444036398465,124.32649660221261,4828.7184818157075,381.6196327408276,284.97357101729057,0
25.0037427832145,38.435890037429175,320.11326626955946,125.51256993216721,2568.7253129143924,242.39970147939633,221.24095073831873,0
41.222005956712174,12.216079151711556,11.115762015489343,311.4687599054928,1105.3607649524083,436.69228008327275,362.5351743422718,0
38.77269089153199,44.299151390912336,301.10151688134545,164.60715597728503,235.38298747485408,498.6504520315799,473.8389090358349,0
17.090389490293095,46.524492571513214,211.0753706304474,154.1065983074524,4367.934622705715,482.0189802070369,263.9285187088956,0
9.629756740551652,25.900005251641687,261.3951909312951,18.391398091428243,3032.119220732109,5.332777757010909,10.311982985063917,0
44.74332157683173,44.362637713078456,303.77198066102886,75.76213875895326,1877.0152423184632,55.056619879377045,155.20159983744946,0
5.739597568814261,34.28734755400565,290.169154052899,281.5011140864108,1703.9573780969783,499.3184145095486,193.55489379734507,0
45.298513600560696,44.709912181509814,261.16571583580384,198.13761370718845,817.0267174752869,231.51349764602725,396.0404782800973,0
26.510617891930586,8.656278954957259,156.02778275069736,69.96936348366799,3494.9110919201903,404.13175759259684,154.2246111913677,0
21.867286527132332,21.08314335537009,223.11762119135602,240.61972154978733,1155.3047169857296,275.8007781806583,121.2484292642303,0
37.99875641241567,37.65838499240765,305.55343129762457,162.15870819128236,3851.7382708748137,41.46210730629074,235.28517102920117,0
45.05762758581838,39.48287537056567,101.56355853005758,94.5757997975527,962.8817368138048,356.9490332260807,404.8270526248123,0
37.39325873915709,42.33945534884932,175.102105221549,92.92457052335529,675.6328513921235,322.0795635978717,421.70473680501794,0
19.04926547523935,8.62569444262543,163.5341389408701,9.86104270684875,2865.4270262511395,37.25919587912557,186.65652502822354,0
23.682812233534293,18.600291434226982,251.50121063929822,291.2783058854123,1083.680635672837,364.03739999296266,382.9655626662514,0
39.624497361592205,46.277647904050845,164.51728573952042,121.12204190288945,1977.8272006807063,387.9333780805688,488.9306378654231,0
34.96267671613433,44.74450361339811,150.6144750691548,48.562644503476704,130.62851777842758,185.88001517678387,420.80982417288556,0
16.600855391472138,6.455762229025557,57.661597593615966,86.76488755310487,4306.535661159522,109.64202960250368,475.5382070371603,0
29.27347327435009,6.802878363938853,279.05602549967983,293.44885814656885,4016.919334284759,260.9343447502177,458.4939358026848,0
41.52434545009795,22.724522449045597,3.038080881336387,131.1590687258044,2381.70857075925,23.848844730178175,98.97435651685127,0
21.815385238102493,37.3155980536923,219.79404663997835,330.47208605745004,3143.1159790383276,423.8595836465016,16.76653196688577,0
38.18399682214972,14.275417974196035,31.020445476221852,295.3441046497675,3293.499875378826,188.5103715431343,229.37514278910587,0
44.6599154961675,23.743190354716432,41.0945637034147,31.264763539027825,4532.170641118272,290.7665649013345,175.38070845899344,0
18.016904614324776,45.51137603952912,302.6452727406694,219.78972876968936,4688.292788494566,322.1645452736079,35.32197422985605,0
6.002322889705613,6.861824439220719,227.4199017402842,197.42223506575482,4929.323998050842,460.130969956735,6.198053241156409,0
12.721609113601865,40.51349489923692,196.94151268101135,301.82104736471007,4114.410654961231,8.481246101744722,128.73343078788264,0
21.40226593305333,38.72563460202757,272.2107681357601,318.5764865631258,1581.384607871135,367.5536743859328,82.5018835130527,0
13.270165036907557,39.71181051273228,185.04222392080646,27.161408185231455,717.8646039908848,447.4189648186701,14.829109091279324,0
27.49720556476006,39.520038340256534,91.58886724481258,330.4207727923088,945.4111745092381,271.15839690385906,470.05558641087936,0
38.855281569284365,11.556154570878984,143.0820853121351,290.9565619313578,4034.6737741829734,98.07544617828151,5.056464554157481,0
22.680644667590087,14.209101802801023,328.991839522157,333.4758390468717,2308.385744254484,402.76815466813474,308.31760613040177,0
22.081184390440423,15.823829421861408,184.85236277075373,206.68079395275802,567.3673456811213,404.5751556020832,47.0509711267938,0
47.70854690355985,40.42047910311701,125.60414451759368,219.73479087184523,1380.1044807047222,81.70755006984277,233.70055333684996,0
19.402804617484108,25.22030089359128,26.340743873821356,55.32865120681671,2007.0491532032013,419.7718791230739,202.296926662583,0
45.269938980035825,45.83392872408208,163.89607894902545,346.9502814753107,2079.2349328300934,443.5439308301211,439.2409413047071,0
48.99001250575438,12.379667515285462,240.23632181170447,146.53153439183407,4127.983041178257,132.9754484842983,161.5679028389047,0
43.38997059157701,27.902271777010903,71.79743172434613,207.2449153562848,920.1312390319101,223.78296457657447,141.6549829604836,0
8.242329392544846,40.88916857300326,99.14553055797607,32.90972043661781,4642.024704320374,475.8243330884494,278.25525571477925,0
17.320802023750513,22.85754649319464,99.56768897041465,43.41365559226447,2334.0595246660464,257.06143859523957,66.4693579367865,0
23.590692329591022,5.136877795304136,44.122662520428,47.5073702838708,594.7602125650304,467.71098216327715,68.3265748221526,0
23.511307424821553,41.332621244069095,316.7056618058154,22.762241568569024,3301.660451766187,78.17572035485837,32.06686027589289,0
11.575896565328787,43.3752286016848,296.00305451553015,9.227967396940091,854.8539146642088,169.5075008902926,265.0166735824436,0
36.66442249018492,35.958120762349495,114.04241039751928,351.9057572982264,3159.5657832185298,331.92922849718246,104.14556627225558,0
5.693397465400426,11.16547982719057,177.11526745902154,282.93786424762396,4116.02427159481,294.1353065849638,179.85684177508688,0
17.710495402533933,14.910587739332167,288.5778008261413,262.3279504517431,589.3975227101887,343.33981001993254,139.88280619624976,0
30.4467919357744,5.679167851189725,174.1545778303072,161.57290132905692,3186.9976926719683,274.51505754985664,218.2626289469361,0
33.601855552515204,16.867558122422533,95.62130828340969,349.3823039070782,2663.6529911731977,365.6714362118352,171.9364240650103,0
47.448939434933926,35.72975405653065,122.9303526077009,94.85751213714198,1579.364085237964,289.2798481893577,206.99858944333144,0
21.961287002098665,19.45575222362997,209.17399724845973,182.8748456160688,2739.8131016266084,477.31407112252,485.61213003696565,0
27.80153050577125,41.560883773897324,257.7705421228112,337.1377345199488,403.84837469630196,206.70423209822232,371.7765239958727,0
30.122808847876474,40.36144204898095,118.78708834971836,279.2600233236376,2909.8649415745504,243.57681365528134,341.1064906287482,0
43.83493095483755,11.521998919263805,286.90317560803123,192.73880793151142,2919.838810033792,268.500969867141,414.927993211396,0
18.456979474502244,38.247509619194865,283.79398720796365,100.1047912638309,774.3102344704115,153.87738426221205,166.41210158744863,0
12.520998456647575,22.724607641199473,311.7623300965617,46.79678052543686,2535.6009476015147,374.89765577715235,369.5931931401891,0
40.9560852801104,7.267251912842499,234.40304197285283,141.71299696070457,4004.6010003868414,225.74488582764292,157.19161182937563,0
19.341015054523446,37.952956479873855,103.52544879803793,242.3029823091507,3860.485803525133,70.87852581280207,450.89769242474256,0
8.234101230224686,45.38886121907889,6.849947873497237,170.34369315728205,4777.869486110053,184.16647107698648,206.13013156035504,0
28.33146449246313,48.46847740438899,240.28216073735638,219.98293051721734,3446.5304449653745,429.72624060069546,157.20864986065024,0
27.11064247497961,31.21963810839588,271.6329240418279,324.52465733386737,2710.9292106587236,377.71527347875457,120.33947500207987,0
19.468697197983403,47.813745544255774,88.46870561930038,52.83145725907415,3235.9750782216456,88.63115458714793,259.8310214394055,0
9.168796051698791,8.331499013881945,173.6224715557127,78.36131489197774,3525.656466990277,342.56534985618356,440.64005837998576,0
27.21516674152444,48.740263151593176,60.57542949818845,123.81040846081329,569.8632760936869,33.26608052113161,346.7521122098051,0
46.93828497827269,47.64414775262152,32.26431708906734,148.64619723166106,4613.784547821456,59.43929642349538,47.78145508592458,0
24.082688286893983,37.99877089329785,341.12256341577626,131.38247703197885,3994.8208687219526,481.5122046835243,117.74932629816587,0
45.833702373621726,44.50557828893266,92.39311583495343,317.7921119435685,2502.075513869366,401.78571566418833,122.36634830227594,0
13.188407282568,7.876042924729871,276.4548879006188,204.251681763076,465.447995506228,406.9671798680716,402.4623526953033,0
25.09594391284087,49.35345965993408,80.54311687987813,211.31983150094945,1560.5220437577489,497.45113829711744,247.73675653061517,0
22.573388361074276,11.202813417385526,246.93811459222937,65.19443801548928,1650.9545531315714,383.0391459775328,468.9755034184719,0
6.194564939420058,36.49202936690641,265.83457485454016,225.1922943733021,1727.9691015366705,28.99110978959546,24.204645943893876,0
15.982307333261968,21.784654999791154,193.54527320951686,202.09604470694643,1680.5174963227946,24.116155164035426,44.71148445194317,0
28.444129449038243,16.235612501305,244.6965524665215,210.80971943007984,1242.5967869802455,279.7753201033028,218.83755056329173,0
11.719441075429293,33.919561456291774,307.6828407263598,8.525561819035508,2020.0436594820644,290.49809595122474,291.3658402461526,0
13.295739778709391,37.01614511783679,254.0128751543947,173.61134770224567,945.6775817523945,17.269659838549888,77.73536888315225,0
27.75492415603124,21.065310532424014,160.1494775107114,249.65188351191784,959.885946350913,198.8725218556553,130.7452610001229,0
17.296226721817774,8.15868369186785,239.25931637014904,281.81035235780826,2799.4900769797514,331.64596742721045,83.54742231027551,0
28.872106439080074,48.6711536356396,84.78259419213309,158.52736703434653,4648.97782042553,59.47382839554793,219.01248322944,0
31.0077678544797,37.83657542339581,206.631926360881,266.19587170658986,2068.301961052536,349.7537656799293,319.9772586791468,0
31.4041783168214,12.44225629252664,7.265204780322412,257.75431369771013,3578.995840834964,116.23257217800042,291.33692573452095,0
13.641278917516152,48.96135743750435,149.54676863584126,79.48237657565494,4257.550337381918,210.0431704701136,153.94822263334908,0
9.012809776496873,8.955089636161269,59.94995357277667,133.88197463344193,1584.900165501735,48.1754267468168,212.9783700891395,0
16.962362970942277,35.99940104009445,216.9866692017767,75.76093744055562,4685.93179134385,456.7329233248502,442.79191998830714,0
28.94000879981923,5.436029378326955,71.0483171293709,230.2618881043448,1217.748146883848,40.28521030242993,452.27157588026193,0
33.813357625230026,8.911725349841992,117.27580615205862,84.38150645880253,3674.7391965775746,55.78505093647146,67.07457167122894,0
30.63527580813973,38.75986772061429,346.49546043003556,300.6866685565021,126.50163365505526,190.0318431766709,242.44009551041256,0
29.96433701489548,24.69474823031353,81.23809960843626,74.95931410526642,985.6058908879957,318.65673665807043,342.35319459517535,0
7.689228526452746,49.07179530021481,313.11720035867654,257.2443190846631,2961.633035265593,218.9019826359333,34.07858190663943,0
16.981660235746897,15.716228998918867,95.21714165380868,160.6734390911788,356.5395775242339,14.032464586989812,301.26687114452454,0
9.237160718580464,12.867395306334286,167.99962227783047,5.554411440619589,1628.7527328019469,26.115508844644808,343.9078420447395,0
42.60139166733706,29.447920137710465,110.65809302234798,156.76907596838603,1396.1935107199095,260.1526211453364,253.40995550214478,0
43.91957759034714,46.175254703678014,166.33320574315235,58.74062906523667,2790.762080750261,88.42894705105986,420.45540867128443,0
8.543011627033096,43.03247770057285,226.87591254945977,203.12245508496002,1374.8698769023592,292.9784898948992,139.62070412761503,0
20.8873010123541,12.531636698643034,37.01038945426953,46.720282543600554,4610.417860407863,327.2084809818418,205.2191805590039,0
29.104383429847537,13.972450818054572,163.50226104336087,330.95379799550693,4482.937473006615,23.539184590424423,139.82207808067204,0
20.520101694910164,19.83924937929691,247.54928682259634,225.7955843915289,3902.098441218404,115.9295347679714,443.2637797977966,0
25.66502319813509,11.269516120883118,280.5808261776088,205.46526908453998,3283.9801983368498,178.22718826752708,2.072056949925072,0
43.48846466393872,16.201739607360814,96.74912901001032,36.060043374778395,1843.5960966713217,357.4223158114145,46.14515526068369,0
48.584778800710374,9.31407931719011,228.87224243081093,26.54008437628189,3210.399096758409,443.6911621228977,362.13620237744226,0
12.030407180243898,14.128178946279526,294.4588992362784,348.9814752494352,4365.596008715436,283.13672076417464,440.08137055880593,0
20.31453274014077,23.85274604475295,257.1543933251841,159.66473765702264,104.04192764413762,75.33859385473768,130.04414392955294,0
17.781480770958566,31.708777787667525,325.6165099411341,81.69761812040694,1411.4198949294264,254.74792134724245,260.88314701057664,0
26.40883098533741,26.870347224219415,191.78457854243837,37.60508263849125,2875.2764438582517,354.5589441157912,364.87647047753825,0
14.84245131526789,8.850071179761017,298.67097220613056,103.70901938900792,2871.4960124867475,458.48415057227476,69.1614290683224,0
29.905609893235603,15.912157677239554,3.8490522057153465,224.89505182261115,3484.473630204658,260.3818745884127,284.7232432251103,0
22.705749945342355,18.007278954601595,31.452215166045235,246.10269860639377,1472.675728946204,95.0185234934402,325.8473638991121,0
13.17075689103197,15.542226406803918,288.1754726787731,251.06279375868928,2893.951417497481,415.6165122119104,132.9704098120113,0
21.192929420383564,24.118345611997707,237.35352650206679,293.41163365585,1909.6449735191286,270.23204441219127,53.843280404595575,0
17.907293758733346,27.393310962485995,64.62137247861419,317.35435097535276,4551.288754862159,54.41036385876025,380.66654009729206,0
33.49131967490432,48.66598487152963,251.17288870552238,157.5717349854511,3412.6604560395463,319.98318575162966,324.4752168459564,0
47.816224674607234,44.49908067624877,165.76570675128144,292.2246992413565,3007.3311624637854,149.46138141398023,192.74453161585714,0
28.898731421302585,9.27614311778418,150.5190528909509,173.99879561135788,4566.74289233267,281.6083355902173,430.06009931512557,0
42.347623972379175,15.367737159380388,245.8740360192155,22.735730539550953,1829.9407706724362,201.8827681127075,431.34906236084277,0
21.46089108681549,10.447667997716689,294.64175002739637,133.49322410670203,1230.0242498880177,336.5036005529103,73.84764940128585,0
30.474140588056706,27.43202630691743,253.7680314011459,175.74544440551068,1570.4299719354906,336.8233338328243,131.726533906334,0
29.10235851104325,19.92599532245906,344.4045889782432,72.96954125119672,4250.326107401359,193.3413599034257,154.5717699389035,0
13.86289273494612,33.76731563351818,197.11360506832872,119.37018069663274,1713.5113654911195,223.64128063088828,440.34028726138973,0
38.22641079633035,28.03805882836045,29.51127484305504,15.064679901449466,1874.2624634807946,271.50691378857,182.7458182692343,0
15.788730466032618,7.233807869590381,317.40241539543194,296.8921035137866,2673.3356892398324,487.45058691915557,415.3855723082132,0
9.955742077224016,5.202084053469364,12.195510749340496,34.244128658699374,2406.918235119454,78.8752726665623,121.43713754012192,0
41.87780714456551,28.14329126136428,241.48426175146278,90.74888857314677,2552.5868481279635,225.6042440461463,157.73645148449106,0
41.14438080584186,43.835332048616564,76.24674231834254,45.65927244963849,287.8512256214421,118.43894875886296,241.9632018396718,0
38.21091075840667,5.130689707450759,31.59957300679295,27.129442939364058,1955.3778465043201,193.4710933538486,14.203544706199779,0
40.13781391650351,7.4714063826697465,130.83882534374695,334.22973433474124,1317.653040574706,419.4269136750699,263.9685424116781,0
48.81346133444408,49.995076169570915,336.5614855565955,247.77376136095472,2333.7657566811645,367.24762519868705,67.98475534115222,0
39.373161102057786,40.511173706130045,250.5538767957103,79.09241992797035,2488.898872471878,321.02506089017675,304.1728392842311,0
38.61249342901341,26.95971274304906,276.9923512667455,155.7005734565148,621.2656796040508,145.94613639674603,409.48887836820904,0
14.067039978167374,38.624403309336294,110.7273659299703,187.1909382318741,3895.9590313393596,443.0561318655344,263.63373247814434,0
41.31208435183106,5.823135990778249,221.72778026494473,127.78341626440466,4222.042282936627,20.599936859399037,336.4322220748231,0
47.40332120777816,17.82816989762904,122.19948721325697,63.21732351494991,571.6998743573592,48.73526206755702,191.17791797365354,0
37.026567491804684,24.136904854881013,247.90352847269185,87.3239962482947,2560.7770962241807,373.38876506190206,268.996790233192,0
30.750682040943296,48.31540160599071,337.71477349301665,4.543608696597832,1020.1210293068028,214.69936093785842,309.3884934032786,0
27.979410549630128,30.9667947490011,146.06874009132179,335.92312035061667,2320.4345734021977,405.376154187707,369.5862866770848,0
20.428535051315677,29.40109544403245,272.9415612860929,29.52386642880019,1702.459689154366,101.7834500539917,232.5895093717583,0
41.204303180540464,25.564791858899774,175.70688072897806,107.77889243968315,1555.045833029219,109.66691936508744,436.94240020255506,0
47.1457016374494,33.41021911380052,73.54285998071386,300.9385658736219,1192.5957695584748,2.09689507173777,182.51894588259577,0
5.340325686207242,11.754401062219433,169.51253424659905,296.20632649674775,1659.1634126599652,26.177826732447727,233.91392597977696,0
25.706931649784963,25.756915194137214,66.04711284089446,38.24409155628134,3377.4062879083217,49.48992143907982,336.5057987663965,0
28.139960014738403,35.720611254999135,111.83660315080623,261.37124243890673,3818.1667595018353,144.04574164048995,257.0357550565998,0
42.05482687766369,25.72929179081921,39.27632502258384,341.75332400756736,1514.8717374437156,217.68330004908765,476.9396549779873,0
45.22514378612679,32.349764012334774,201.4741789115525,257.7708164081261,634.0860986884069,6.076055241160727,445.04937087006107,0
43.32576271246745,18.527782485705508,178.36573323026101,147.3141235290831,4323.119892004687,44.92811055514362,166.47891473625452,0
7.517524685161691,46.615374235611085,66.42451710871939,321.2729334080076,1064.178568356359,165.3642558884958,270.8260470249989,0
6.3208211568230634,36.40633200218049,191.68945585432053,74.65663227244896,3134.7247230966545,493.66431057239794,415.399823083088,0
33.796087502363505,19.229940266054978,181.26720489018004,298.3239236766443,947.1443859893886,351.80399494781585,335.80076883811165,0
15.637909572466002,40.73557167685473,329.66369603968093,207.63230168536418,4618.567655330073,105.86132373189439,102.93741413763368,0
8.865006135527192,28.940921772332253,355.349951282687,320.266965098317,756.1721439730421,273.6553301389911,429.26878401137196,0
8.432404904141876,32.27608835312075,111.69395542140526,41.35896831019239,858.4346833948936,139.91560226546184,243.6532001659672,0
13.144376310268262,9.067393073144054,61.98900137639938,222.8747407487117,1252.0183336701552,213.64078001687164,46.25731749155809,0
39.753130796810744,22.58711885234882,251.8659906768937,223.76876406455946,4443.4840687925935,206.13232031271673,155.10136270756846,0
23.293100557656153,32.72839082936278,132.42268092103382,325.5985164756747,1656.9380436251465,80.22412122687223,142.66619282346343,0
41.86310292529079,35.49010796742748,343.964035279732,216.11849042396034,4596.468196220044,177.8714197136772,218.5752871698521,0
23.55989482082891,40.41475903616876,175.6028782692232,183.585801619569,2529.8047393383395,343.69511291061224,494.74657483651,0
45.963098979168066,6.334590794334716,170.9949891722482,328.0423820716375,4862.8626917523525,89.45947044279401,373.8469583745239,0
14.378821493142897,12.114625791224906,313.3861515688152,48.29781660699804,1402.8181555420513,428.638783474979,421.6010302829385,0
13.398435924054334,11.040867077984892,217.35583004690733,137.94221393155468,1098.26360739528,421.319633180314,480.0303979114494,0
20.539230143923866,45.2468273298687,287.8897319574108,165.670489221778,1618.9520226055047,257.35203253546035,410.61956505015115,0
18.701167264181038,39.830255068043485,59.06497952461387,135.87945948062358,1012.1208526238989,456.32263347881644,428.0467276822687,0
9.089711165775483,44.84656043858663,344.34523631625785,162.74520628764037,4085.6011720807937,177.76648043179776,79.12688579870996,0
7.768532890357989,22.482738145967243,20.441947224112486,81.53814326115382,4880.908493442435,321.3871516350697,135.70446056445996,0
47.71850600486144,18.78575824600842,195.71561168975683,49.05109683862232,746.715813892894,86.48512011455861,497.5427190242416,0
29.377784622367603,23.133119582388225,213.44059184283367,43.853397985672295,1128.667841408079,441.9264714083886,420.1447345108298,0
19.156165512748707,13.938796845272133,298.72105020605824,345.8523710820646,2987.3873128919763,250.25527579297818,156.2420374527579,0
22.338775824025667,27.50714285247358,301.63828636647787,69.12995063273374,2462.334042328382,428.1690294043005,497.5329962530903,0
45.94462202769216,12.847658390281197,148.33351657241343,134.61397516558486,4375.205396162305,204.99978272230024,58.605407526526655,0
44.95498789398352,9.37808066336003,253.5864980203305,26.20505750406356,4150.735146957897,60.78688024245527,364.2557176060585,0
14.510000567587664,25.486599264968632,151.82003301616197,246.4690098038692,958.6161808007793,121.78034669088622,322.8639353706578,0
21.220736749809824,11.334083823975753,165.05871770727913,254.7755547593564,1786.3630537111471,335.2669949260321,492.53017049751674,0
44.77922744515532,38.13411007616701,71.2625747328417,159.19104943861996,3708.1824213088667,324.5337078689596,393.43389147357794,0
14.82532619574109,33.89910575277408,100.19140105634423,308.38356202484573,610.6544605509373,37.047851913302175,53.856207511719546,0
7.945637073820951,34.921174055128226,66.02999005776417,165.1185820767744,1876.4193334761876,331.3371655067537,242.50763254485986,0
39.108978454637175,30.379038752170654,184.72070634086612,309.4489404055485,3501.2832306925684,462.35338456419595,284.55716913508854,0
12.808169078990115,18.768554811858305,347.390599356221,316.30453446922326,2535.7889778072145,122.12099030354383,494.9887251152984,0
37.3777769457253,19.10271528875475,87.42869896728902,165.80731761702182,1420.4498157598387,32.26146362430826,305.3167703396647,0
33.38191888375543,47.417459892944585,358.7322512543232,330.7366494876404,671.7451767767307,245.40037740927957,79.24337860951391,0
40.904434214589834,11.961320773073853,30.449556792371325,168.13704420638717,1783.5930529162117,489.7548357596971,288.1799107137751,0
45.51229039939346,9.2396599647912,262.0379007839754,95.80784008897902,3158.738378476848,105.67834107003782,439.7991473980372,0
18.733755278851834,22.512326416324722,110.39525656264416,48.89304845518331,4308.669208079461,174.190551049071,388.28065311733303,0
33.548054251895245,43.8691011610193,274.75871675344945,318.45187423211763,4725.36626979315,459.14782666570017,325.7192269163393,0
9.96576457769264,43.62171091578572,308.73071125136016,201.675053144221,3864.830159708567,6.971122233294603,292.4644995325226,0
31.85505091659774,6.009186518429267,264.00912241647774,316.88915136267104,283.93537174909875,246.39268633285872,19.974096608029292,0
43.894509435877616,14.349972781177982,27.566488752105563,40.443924541959795,1489.0891038582083,67.83034113676756,213.0446655367642,0
24.660073187748353,17.30922758254922,14.290545145811144,293.36878008636074,2262.1252067701876,317.499663391902,407.88260618587947,0
35.27869299403758,45.853411202431616,268.0516349326422,1.310849751291121,3160.793551210655,375.93804564766714,88.22739307079964,0
40.77958326600475,21.52200951251589,309.36953947021016,340.22879850058575,996.2246115843128,169.6385290273294,481.82129479324215,0
32.59985009239121,45.11203244676382,43.28216460878378,336.4586217973973,3661.9868073389757,302.3903466347021,40.27018609970856,0
23.762958634424635,30.88719667064109,252.24429048913828,209.4687792292016,4694.068904404129,244.14708044473338,28.567233971115602,0
38.88480065547802,9.074965985031227,123.91656114324635,172.12159503773478,390.77668606699064,192.61062298790438,5.450980411632056,0
13.913734735358561,32.68460060499077,166.82786731370416,307.3865208853092,2150.949367524611,335.3929572885796,11.857142180476677,0
45.69369606253424,7.246901713833132,144.0179427965144,98.41614020612805,3377.807315685045,71.12505149181297,53.200294435869935,0
44.63003631180437,20.00110275587829,60.63446368366873,284.9680970367795,1662.6581028970663,286.59402089180344,203.72431164234501,0
48.22417863972822,37.618604591734815,122.32064153368184,0.7817499594128918,873.2007248226271,458.24866002368185,26.377056596150194,0
8.016331218482275,32.876347547780284,197.48560293664102,343.6686133663626,4219.232703830869,491.84513791656906,282.9211060434923,0
11.06559748543919,44.969711635814704,215.6196534679287,162.88406082541565,3580.7459861501234,374.92228288605327,280.5244864490564,0
27.230593325922943,11.57000377391657,45.826645314559045,100.63937202978668,3419.156868220261,433.63014043119506,458.2140506111815,0
14.712517195046107,47.31514274773166,321.8828764603711,190.8840406814875,283.50345892283735,452.53923405432755,32.10128025236531,0
24.253610399514105,24.797048454835462,324.2670701380872,62.75504386061567,4354.460963926502,28.733328615362762,40.85862254489864,0
14.721431180968795,49.3011284144448,338.24598309923795,333.5082928135938,3275.370140633752,137.68082133374176,195.63935902415508,0
42.10670748228237,37.522363487493784,148.72170891073912,271.95847806677267,2451.9179469637506,314.8949952869278,151.33531593608384,0
39.426512101136396,23.418965643004466,10.711087934701226,323.07852791249644,1045.6349125062743,60.50157424667057,384.01398907770465,0
12.929072286643951,46.39936145687774,21.728223835859307,329.4912941376413,4586.612213319561,65.94714370418603,54.46401153534541,0
31.83332623244138,35.45839518911886,197.0545640259936,177.34957044803508,2949.605286013258,414.09210235531765,447.4867715709195,0
7.205078766833317,9.88384042757738,78.85646852072503,233.61453166371007,1261.0777885085658,400.68708037702754,411.8412284991779,0
49.39159374232757,22.12301300049351,320.68021491815546,320.0296045416748,4081.3468046100534,216.2461082577004,210.7271467491013,0
40.88475041086984,38.4321952611248,37.249988313685634,73.83948855579973,4573.340570663764,347.33682520591464,99.42273039707672,0
16.40676096927567,10.24283283980424,154.41167972472678,109.28936408943271,4327.770809895443,445.61992342932274,390.3342598681198,0
26.12897055829884,44.240996963386365,183.92867719534664,249.70797232581057,1257.6047733319917,196.8777124173295,345.4777112570791,0
36.169249451886444,26.449341822334038,65.09841791273391,113.68436202098918,2084.924958699117,372.8752492287724,277.5975067952301,0
8.863821987730335,45.407134028403505,50.15790661519389,232.29594059156875,1877.796841685575,403.1471248589562,273.53450897471726,0
37.432646913927734,10.862442176523814,47.61113519004739,40.474575010544704,4524.492331356593,33.94343704708347,164.13729549868512,0
42.91579249058553,31.495516855539336,327.32601157931913,177.7477659808041,4324.301672641055,34.80129783334396,1.2702260658919995,0
7.620300138114949,30.243610769891262,252.24666022745524,201.41614236520763,1355.3077371209642,483.00796580995035,455.58905356618743,0
32.606327793636524,35.52456777046042,310.8138576591251,270.5327586229255,780.3561276348523,67.46305951245057,53.28107248322522,0
44.43561238060724,12.769629097347718,221.56205739520857,348.8887937716398,3596.7454581562015,475.65148070436555,357.443348932221,0
38.95816802258013,45.46908897174071,203.71749056177597,38.862879910459014,2203.710528110992,63.81609486978934,405.2985449058239,0
8.259785416855431,31.099954111541052,337.94522767305193,157.46932278144678,4261.362099971139,284.26034826077785,236.25401489748026,0
49.287324831171816,21.034959189106058,219.21038272579435,53.55786686420928,1667.512817383563,119.45152205205295,87.17109583556353,0
48.47275579970978,48.47744210844065,117.06052955921821,331.7564928954021,2023.3153407654415,340.643969190356,328.4969753215213,0
31.877662302365373,34.83538673043523,140.20704527612523,85.10160173338068,4350.996608666729,122.56619922056639,164.6448108036128,0
21.567995250507554,32.44313716563579,64.60556624638753,68.86921422838225,1978.9269596883419,424.6580180812147,483.0707077384532,0
36.488163882242475,27.78931072778743,149.7967777318523,180.10670032819078,4150.336538135589,40.25910299613328,179.9097814497271,0
21.6872415138759,37.06383806611583,200.38961068437135,168.15116177101547,4837.853127117484,459.71530250015314,125.01015182382564,0
17.692475600993234,5.533453148012454,12.11390532283204,230.09541217101292,1343.8405091276043,77.13581536095244,158.99289632080604,0
5.713269473541721,24.84473665663299,260.439025257648,57.46452370097279,2701.532340679734,295.4139510670722,88.79440800227373,0
17.80875522343606,44.527329936845604,309.1961263666408,46.08930710553678,3417.017188334895,499.6326037429427,249.00518234514928,0
12.230534258806319,16.948418676417248,40.55371791039366,73.85204307215157,2171.481173216404,12.767361627782748,453.7919545833458,0
31.63429495357722,46.951837827080055,182.72204695960693,245.48314486055557,2661.4540971880633,243.00663538151773,485.0727432030152,0
25.5003432496313,24.463924318796696,321.2256947276522,344.63708388637656,569.2909714030307,71.88281702927813,460.79023210094084,0
33.23928569006041,6.75559580285317,153.2571426920617,147.94066832456397,3026.589781852953,11.305940317551721,225.44618610904672,0
15.979381449315513,25.306726576837058,341.41958708993036,327.4832729410987,4520.89564730527,455.2041577901725,366.69682909713504,0
8.899637160138283,7.141691991280119,320.9584924730779,261.16149178238385,1198.8941913171845,157.9289342548763,202.66055894231576,0
21.9101175990594,37.288143957152585,194.65920944186732,302.37818566328775,4049.9126859942876,491.00668514364094,157.89510053252909,0
46.93553523582416,14.313427387665568,302.86080186535435,348.48938464002873,1752.1859602250356,472.38011424283405,472.4103139855444,0
31.68443488078914,16.300420912585764,166.38126012475078,293.476840405921,3889.9028014718388,412.59780932140205,247.32669951427155,0
18.848659811268355,5.998305760482097,143.62196370108725,129.58198989411125,4690.438892700796,367.77716507401107,160.63403924921016,0
19.933657206980264,27.329146765625172,253.90839061169672,68.95963412495428,2772.6040239478384,21.173786790366968,439.1466772607937,0
24.062863960296514,39.17180366563651,250.28275462841535,25.116753010489713,4974.672624963536,292.5040018804992,467.8528232705729,0
20.37445304941621,5.676688921595398,109.36444128565434,281.9337777245285,3337.939930456132,178.673169564228,238.9306957059198,0
15.396107909817921,26.23034765818112,161.61245315713114,300.48634611804647,3525.292820231082,435.3427700723818,15.959067372575298,0
5.190220716869672,36.24965502227829,68.95263582699229,27.488881109045707,3948.317513592346,217.17710051156163,245.62550196999555,0
5.525594162245441,30.06520539435216,258.8676986462743,143.01752573239665,1679.8417882977183,408.25388574540347,297.35725412701504,0
27.773554757429423,22.55595645369364,183.53360484706556,194.61229581412033,3904.3580891898087,202.98915507099719,375.52164270870645,0
19.75942443992421,6.4647290584513835,63.35891778288345,241.52307028315695,372.3032823900245,112.45093700387754,94.0135558306165,0
16.09904272272762,21.4560891334135,307.53901974155457,165.31057199309708,540.6210359488521,363.4886131796413,225.17443947856475,0
8.18659932035791,8.266063116114074,57.39169778646349,16.640940011868885,4683.321336677515,147.09141047805025,339.85222097341375,0
22.121620617979172,42.73807398486964,265.3196113106907,291.76537985679767,386.95418902148697,98.08518004939681,223.22668032635107,0
47.13601639755798,33.35354261502043,346.22335786726626,247.01050764424872,697.6971900341316,418.7174830696969,137.832081831472,0
36.19950595193367,41.46141848919038,211.67268626005006,42.591733595621335,3928.1081439096015,315.3783919929586,107.83690480156383,0
27.061744082659185,22.179616495462202,248.2546398157138,238.6103481985898,3728.305285328754,338.5672038145711,87.73774292621627,0
36.94438893101341,44.633625495259366,225.14648412675527,183.6092193777033,269.78892273384565,123.52465130071477,72.61079110055269,0
20.559378623616773,20.68042149338598,253.4870159280644,325.5407363391299,4873.205577309098,202.72386313676648,39.194217483016104,0
41.49100077333738,13.18801487852187,164.37840186119354,149.7630841313701,336.63852786905073,334.1841089278018,360.960101160502,1
43.966419247996306,8.376000771682987,30.545257134106155,181.1535768952196,461.16047082195496,208.03145717323034,23.431674593392017,0
27.05702146180155,27.25532363809083,7.848230777652123,163.28499071097028,4338.993962623304,145.51761552833636,150.95548080694442,0
30.569983541596926,39.280458704554945,304.6987639076048,196.83038337963202,3533.485250855676,377.28053510407597,75.49694241705885,0
17.91308936256617,25.966810508086134,161.67969337707632,88.79886858066172,460.2409075710789,467.06214230345745,179.21450083740447,0
27.766695589995546,11.961022740144912,245.79779627460536,178.84949120216064,2303.006927336459,30.146436046365686,250.22979164014714,0
42.795371280076196,24.137133068845017,56.77867497636638,209.20139533612044,2251.9323624013186,475.01164736658046,436.70225781053625,0
31.292180046266697,6.9387209879030465,315.20136178112955,297.7784536905693,340.1261618065921,197.7929818915941,87.08862240894183,0
49.498097803332456,47.87881516906071,305.2051511283835,219.6514751333992,840.182999979717,238.5346538968043,25.047673996855814,0
11.21137385801381,42.926909368854496,226.21646557229784,51.38080362788179,581.581672588698,157.858967179003,115.17162902585243,0
47.328239528907744,15.272392028348706,348.6738514620206,185.2145423537894,1965.4595879110757,440.13714718073845,413.828373899977,0
49.138636324926885,33.96251517807502,151.06176286729035,161.99252068790653,2820.590718753586,227.42617843098506,211.55061024049604,0
5.838476775253846,32.37303174314721,244.91937595046033,204.99607053972628,4927.510140696338,158.32395048962212,101.05978985097902,0
10.359499449034615,11.0016712537673,114.9371271864655,235.00492415520682,3855.543045241083,148.84005046622357,113.4005269519795,0
47.14036832588674,8.264925337852507,8.844525734769704,181.41867190251483,1945.5249831627286,79.77868015662543,60.971796096879636,0
42.98994306383434,11.384074370057803,237.19904475641428,303.0762405419998,1631.9064684533607,146.41711280744036,269.56341242219673,0
49.305050388917984,34.713270766630025,139.53769126562094,190.0763303143907,1418.5783467372228,144.33829121624953,220.43129445997357,0
5.786957212011817,43.90694380753428,183.67449869350446,10.571284800424351,793.8643244309807,375.2396130023703,56.97615468149697,0
10.084464911247437,31.753546141533313,244.43311454764995,228.51814687508764,456.22483157111816,306.0552118903828,460.9203144281064,0
44.89512444927667,38.07577670958342,239.1664265487019,284.79791808843504,3401.7899652670976,6.71666466320392,397.2634498212284,0
21.298109277801764,14.181247691886291,115.31063457587959,176.18265471622712,1776.752235493318,390.6656139794318,495.7953295079193,0
5.440364532337086,33.06694750358612,38.44785212302018,163.471287377469,145.64350438062695,41.620047351052904,188.24999968633588,0
11.88075439689123,5.207688562229091,264.1588480742262,81.4511083811263,1780.2500666327899,259.76724184438103,365.8640442633321,0
23.56013638710538,25.55901113916525,212.3800461993805,266.8334697135228,3561.409022703152,162.73698339182457,175.19837777637193,0
28.656997523846485,18.004452208011294,283.72937814919584,207.69091200731708,1443.4621114616568,214.36766144903973,277.98603725702236,0
47.14309729380023,11.075221891452571,98.87313718578514,52.3590126629889,4846.997551061838,371.5065581381779,357.95822731847795,0
38.378307846380515,14.796187063990185,223.356534712145,18.075228668046044,4542.041189401086,370.78547469291374,288.08653661970567,0
28.83681016071766,45.19898926430688,170.3630756923594,48.22296781440746,3781.4434462525073,246.33251634080267,488.6109437264616,0
13.823624577014474,7.343984952122135,74.91816572095595,19.396581845516216,1386.155986494233,227.59802500505148,375.52538864271736,0
32.201931313750926,30.86715894278155,263.1494619516818,152.09432390508752,2757.037335892448,74.64587244259357,308.87743467123613,0
40.779808872888694,14.826222305540595,109.21356439139323,127.23349877171452,2388.562322213273,295.6881076077343,411.85269040544165,0
9.753576618471598,40.53058157344334,328.2787018211787,3.0170451719469638,1235.0139110716161,273.77956787299377,125.95659297797529,0
28.870927177522304,33.89078865040889,247.46676899894598,342.61378109293315,161.798543456516,185.18066775902665,467.3823864307373,0
40.249393682170165,31.971303085850984,27.830200247088737,317.9508642654249,880.969920034144,165.12767948171714,111.62405601194902,0
37.24422000126822,33.65618941203208,149.49096295489076,126.46408942278593,2743.579897751453,184.90910586914111,488.7718664502633,0
35.61032109260828,21.294841190940065,37.94110311331932,347.0493101878135,190.2079922409843,137.42285653628522,29.32288955845852,0
29.00972552248268,40.463999005666395,116.15148428025455,323.45734539050665,2327.076584421392,363.9828010069166,282.68700769998236,0
23.590830401847374,10.263829838781003,211.63716399305935,168.9433392874785,495.3448858793108,474.9873557603553,76.80336673414062,0
5.267709127197738,5.711434183915747,102.13353060361895,280.3132942160758,4296.901232725916,309.48976530570724,260.77526092315776,0
20.6407932270803,41.93802267481239,94.79082245884032,299.6009327768803,4955.266035580282,53.844171391559115,393.82827535583755,0
39.359888780639324,5.99335572999691,272.9241734966873,152.0201561040699,2377.1718536211015,491.5241789409055,415.6353879966392,0
34.90855975368525,12.946202508344676,112.16778998592861,169.0829589461184,4822.9506964782395,208.20151945945193,170.87214764706314,0
32.4660059594964,23.088454681574415,16.141675489753638,313.9574818893499,703.6886013744017,256.4483213078262,428.8440118879529,0
15.952784393486315,35.616416056160546,333.7094127880111,175.36112331619077,1385.4395665695324,356.47604941585894,407.8486917478067,0
15.695458771577734,14.57051301299585,271.49365656097046,10.337675906251942,1354.9147734584042,317.71259067986,376.5982621009715,0
8.537248023394053,14.819133664907316,131.5802087355113,113.96058441173258,2603.9265310593096,497.7813617397726,345.1181413969877,0
44.31044992900036,19.09860671988257,310.2247302029821,321.94952332308833,250.42867203705572,35.72718115049517,287.1504276367598,0
47.4047623211169,30.969355925087697,254.474045205971,61.85396420571988,2838.662104448422,337.4139884484578,386.49167022538046,0
5.712525467278392,40.13610475934189,270.53600155703646,355.41938252245154,390.15943759836205,383.9471949936943,397.09862061326737,0
46.324482466905785,13.11014963672886,216.49494816344236,142.51420756052832,497.85665574879806,140.4246842171827,193.97424023369004,0
13.624139090635486,26.857743913682818,153.8696870293719,20.979299884871562,166.93522424738728,261.3792755503848,96.24007904861675,0
39.2207678456136,15.839478205583008,213.5781405173814,321.51589700538,2978.6551721380347,33.92387067321617,424.53071210993716,0
14.203341401581358,26.941811148050082,159.91997264475359,34.04599082830594,606.5820556205445,417.32179783150696,324.3666510419074,0
30.300638464728493,6.153754448967299,127.26710590004727,178.8328962411365,1690.7758913167147,163.57852915971128,385.35047551752734,0
22.018789662852,17.507596999507015,18.593406491108237,79.48429859401628,1891.360130607724,454.6384296749806,102.3643549138053,0
30.297408932824915,19.808300724397135,87.85588144240124,31.577319127043864,1153.7709061742228,40.523804120497275,352.5347309721544,0
16.643443401934746,33.836709000080546,303.0131476113143,27.643089725675168,3861.7138395801167,326.7452490050458,32.85047351978854,0
35.81199159035093,10.081629011079016,122.83741306976428,145.3115341079851,4359.6542569593075,322.7885014152844,247.30257796130778,0
48.37821591055121,32.5264225996181,10.64165371525981,328.74109464057506,382.7867756577764,77.40492893466305,438.01915006021244,0
15.125592740085649,36.215105325266194,314.806213938616,352.0592356236347,874.9098005607628,35.68504430153896,313.03611897686784,0
27.953199815245593,44.44126177610642,95.24619302551153,322.7607606941935,956.5292635500767,409.3746350918881,191.07570723337585,0
27.04166564335288,39.64792963485471,162.39412171049213,9.591525668213281,432.8735338288696,10.729178871324851,446.2912759049205,0
26.396837095979386,28.124257353151986,146.22453109399288,23.562550562867457,548.6974207440979,379.1693208324159,348.08466414024616,0
8.582820260914186,27.276558452043425,294.2479318482819,353.2754200474161,2199.529368602385,442.39244441331493,109.47165236874545,0
21.81398724209231,44.86142879790689,181.73295658397274,294.19022933973076,821.9454202400497,407.37522269333607,55.28692490506276,0
13.29974462025772,6.223825264191127,339.48402821793553,259.07913150219576,1256.1456100346634,233.30021500016153,465.0143884025797,0
20.48310794793008,5.8825001034766435,294.32545124229324,32.63099297063805,3235.068100182395,230.69651063590175,306.1090266890948,0
5.3886893153399615,41.24458056672624,307.72951480782876,23.985924528000332,3031.578341109614,488.5454499865157,468.60131919329325,0
23.21414254389239,23.27612661025805,72.30676161653011,94.90252643810693,355.35198498223315,133.28266856537795,326.55590611747465,0
16.910681040055643,12.979375465332353,290.63334924376517,243.52133146392165,846.9680701490062,348.7454325812775,117.23720833220125,0
40.97678326331504,7.7425115132238,141.65532783285002,156.67494698263232,1081.0012512111493,52.15834662267199,149.8118781360735,0
45.15507043653148,15.019391572198975,76.59969171462224,285.38538231656696,4604.800720632245,387.23595843186786,3.882805471651818,0
35.56710102250304,9.871636775480097,298.67689161789815,151.77414960813957,3713.1645817140447,461.6688976355454,184.29453535503697,0
7.07058980171333,25.086237510315573,276.99337208484576,294.8694428381294,4908.620428798705,1.8466308282345523,427.5443030802311,0
44.34067820422208,34.51240246778533,27.446556609497122,178.12792748407938,190.8422008700048,64.4839301209223,31.244350975930203,0
7.775321160925303,24.049990140237654,92.35445075887522,49.39424643470961,4549.701440444817,220.12764743843127,423.8335638464227,0
28.06886434745744,41.28657982126951,206.229180356963,28.130795006577962,4120.015235653886,129.47304978071128,378.6137344334002,0
29.658116583326173,49.15251061507428,208.3857437278752,272.7467378593919,1818.744029154059,390.87480181709014,170.32103654509356,0
8.204179440218276,39.56988812944702,193.85836177920282,212.5228798844208,2396.031127744045,26.992650596488865,484.9625945885105,0
49.98781442168843,22.92846689828054,102.93425536129983,237.17088448041557,1942.2218724205818,103.32032590126094,424.5422364561406,0
20.70208651860886,42.87263331151274,4.155741144100453,213.0423247252764,2015.0845084610291,464.4189565044095,465.38686385922637,0
37.221102061619526,30.984289378467185,144.87150976615825,123.66980983996959,4596.78623306395,312.7243122366392,192.4629162851531,0
20.24938368332614,21.561775005155592,250.55891259599628,0.7142799037504588,3369.077734435256,119.6708311587486,492.80740365854933,0
38.676782232533576,26.909238207632356,200.80880086871844,319.28087822260323,1930.7380843872158,15.282254044350797,149.2744364086937,0
37.79384312827932,14.607202798312711,84.91706751659531,230.32562918976845,2040.8162208425847,364.26690341087925,70.14715637018764,0
15.200512175020915,26.895887897545137,39.09435073261079,261.9490205581724,800.1776569194878,33.93791365820897,273.85115373516817,0
6.126470557857062,23.138703246446582,112.05276521581989,245.66057023555888,4497.363956460818,213.98287329076837,39.31665327641648,0
6.223521333752341,15.563938320263539,325.6929460211949,342.7191147057689,3151.020021001428,487.18203115506225,411.7338240251557,0
9.156359438658466,14.767261149671379,181.9777255698495,352.9601706620477,4058.1863452132798,33.71356773893858,237.45954861850166,0
27.881518682812214,27.024819018755643,205.84749756300818,0.7274641091771761,3321.522993425582,218.2145608811088,227.30320233319966,0
21.202839588018097,5.140496248394156,152.20889471283664,45.8824838551867,4274.303716016332,290.08864613023695,466.81138963227403,0
45.71704059107915,43.81236014471095,288.60474456486986,257.967235650629,4829.161975658403,191.74047259629106,126.29793368711373,0
5.221179325874094,35.98420546809244,60.76461671336505,28.471705859616904,3218.997239171287,7.254985208643427,8.753181714536263,0
28.714783931365655,16.95810026130577,219.89809798034236,321.0638884124983,634.1447607627281,230.5610606989606,211.01628731285814,0
6.973140105512012,10.987180189608978,243.46117951969444,335.250536038545,4791.380077794149,488.1033854706023,72.85105849955865,0
49.32285014525306,46.004507885094576,254.04327465072882,344.4245333832373,2168.0853509323456,204.52434431682371,139.4193098072833,0
41.84868390992774,13.601743033679297,292.85956807594243,33.013953016723626,3801.6449628076407,354.55102303046,306.51865611290526,0
11.548601098259905,16.322881503604183,192.65810084578564,243.56592562120534,1940.2037286641769,470.6796328806758,209.84507068024126,0
45.63501533719666,46.447157801051674,251.13546084699036,195.3517758095727,2456.2331640436973,483.7035158962223,106.97113924177404,0
48.911075126767216,35.60372433530273,64.0196516161658,237.8689428036534,3202.319643484722,114.81837477435764,154.96143418146596,0
28.005595268065058,29.600453321752074,306.7005957991751,107.7478602781888,4620.215144169447,20.344587021695226,291.5709137296033,0
36.55696117961631,40.51309589977273,16.130485366416654,298.1719808659506,1967.1126042205965,160.04917314630524,327.2107292395757,0
42.72793580080717,29.02520932298254,23.373117333093127,30.813078947493725,3700.1680861389523,178.252449914726,256.68576553193395,0
39.20364486546951,12.578414221513903,339.33225541484404,121.55374359262052,3776.432216736537,86.57205302202192,303.6895659867908,0
21.82385147070691,44.71754739215775,34.75454572335285,3.431432463079762,3024.971020350154,260.31017406989804,416.14004831129876,0
33.5256822918591,34.38877718195572,106.00050806578635,274.5152037533045,2181.058591703098,21.031184813776747,372.6716474030895,0
31.367942533499228,29.68467164479228,291.8090422006405,29.141073443448505,1979.6275605691442,321.8907743942272,478.18342549321636,0
32.55697070468382,23.06576573491385,206.66850000733487,216.18700716364216,1105.3749794432329,294.94593799834223,144.66152473469563,0
48.64575438901802,43.62653162715104,34.23023618814143,200.80262257128192,2546.6798782272476,286.6678981519946,46.186659751233485,0
31.147675016541267,9.012649304427615,329.7757223703819,221.41825641732976,1289.5329006960314,147.19278534248298,107.04995066061201,0
16.661433421424444,23.27617285092267,155.74786250537824,3.8913019475884836,2696.0640346233013,491.84067504349105,176.06073366720298,0
17.50986086744396,25.503907067315442,305.0734722458774,69.6768168511206,4815.501009260907,486.24928465374734,290.34626130103305,0
36.453567534119244,24.61040765857119,19.28016427031508,107.95799796223362,2555.7805624983184,249.63076316866133,257.2406802107556,0
26.98662047457458,48.08155237648028,25.057423405110857,100.041492825196,1104.4650514179505,292.3625542233101,447.0121130209757,0
40.83527967490423,47.83471784570659,273.06715785712487,209.64041463424135,2922.688190543834,365.5287603300711,470.84027702982183,0
29.233159886902172,5.993949315425715,185.81025766755016,267.6805173883404,852.0028571455393,48.785340280832365,376.5240911686894,0
46.02749798906106,23.38604497881432,194.9354943310533,213.3001367980295,1013.4643289960354,258.8755799883275,173.67362224578048,0
16.206447507069253,38.80961808075254,113.82530730169326,300.72849966392096,4462.807774517614,455.449428861367,362.6056241652472,0
6.380021572849749,31.346477133431247,176.19147958187892,101.46696696382955,2148.2104215921026,145.95330117630556,488.24080543825346,0
6.606239723217541,41.276044294273035,264.3699839026854,186.95623898507722,1916.1096778704448,26.124278072178488,374.0355983931619,0
5.693616636904866,13.338300392847964,99.95712485426353,308.65966268773445,1524.9356612399858,125.77489629052924,487.76193212492876,0
18.43457120017021,29.44276087211943,335.45677561226603,9.612615556707746,2308.12957308385,444.1851401512681,224.00333611450475,0
21.978598275419465,32.457788536234915,293.397628683272,208.66961210861024,1718.9927291989216,69.10649622602499,49.1702431870083,0
48.10642463859432,6.155029729140312,55.04770258438063,249.6639693042804,498.868477882527,285.232159760622,455.7710868966101,0
33.546182876985284,37.46764598889772,95.15096867527943,81.09898418977963,2719.1924640692596,344.78537160744446,484.62995961366704,0
40.13075094776574,38.05312227303446,188.96140509961242,5.961282667652008,4983.425845606549,66.1180055818113,282.99270217650616,0
13.731725407965035,16.475567377770172,341.53697905385565,204.88340305667214,2861.4400957823404,174.7693227410625,478.77537170916554,0
11.559396335786134,18.826681487686976,330.9671096392015,42.22262059645781,1590.7340452930916,405.4867200654281,337.09417900225344,0
42.33142468866002,18.98611318184925,187.087704296015,151.27518712370735,1854.3632574712492,437.1432284103517,60.090748191911956,0
38.243142777579564,43.162633253576004,49.5891589677568,143.25211123583924,1284.8261559150258,172.03692427768098,123.70035068284064,0
46.71101569715083,9.526230181309003,330.79428014591844,314.1702065054651,1865.3476051414123,167.556581573983,439.688255771198,0
13.492044835322481,20.756673867975593,344.8989017681096,240.67843845265978,4404.689431113986,222.39870964152243,92.35659710313965,0
5.027429226208178,6.235576542232223,181.57791596441015,84.76393192007897,4577.943386365157,157.40788416810923,180.0697033622452,0
8.933825585496038,41.04645665416397,267.30909173788115,95.4749593381513,2770.842826713573,433.3861914871433,15.848076807157273,0
30.64362218101404,11.355217718463948,117.9618456336248,148.6413650612738,684.3948651260896,446.87720299110936,185.8180770898956,0
46.9165151370318,17.28243738970807,325.7867481647133,354.3358919885232,4352.870639827706,91.93808396102659,270.313511958502,0
41.68138599607794,22.08004879820074,327.85184575088357,182.20793119160493,2290.9888967041825,173.86202011375863,433.8977947345359,0
7.9287201451821545,35.79732736672708,70.76451843255384,354.783407976311,1818.456408822653,214.1830295039524,285.05788457335444,0
10.771105635304227,41.53807857854003,295.30686823402715,254.66833918632494,725.6654811254427,485.867429141309,220.27850042219083,0
21.67057388717505,31.423780630717065,183.02902296118617,42.9129273071927,1482.6230750353334,443.5225408653126,351.2506875521911,0
26.679271273867226,44.963217417306396,121.54265976360539,192.21815979162497,2188.2943273017763,18.018498110348947,10.91756815200895,0
24.188524769870003,22.967191585989504,1.2285244275833707,224.95541697376697,4240.087163465569,234.48672571898732,12.343235743666414,0
14.31356470748357,6.536719860245023,297.45609148349837,42.66019961240231,617.7775313097094,107.90435000571836,247.5154551206722,0
12.322367569298535,32.61628506639153,233.8931136087787,173.40623332524936,4858.650542209682,51.349843233008954,4.5414648394868085,0
46.07131387302639,23.428417521633662,75.36130955146668,354.86810847902234,813.7595520415447,214.98667752746036,214.068759340717,0
30.6032098541952,25.944364737813135,104.2509969168955,160.20324986655646,3136.6786102512847,112.48409174277351,0.5285098839379332,0
22.82014158914431,45.67028914138021,161.35912020716373,354.10445514406337,1807.762355807579,405.1144432240515,47.56543881434872,0
22.896356848692434,5.28370428177516,203.3440196369082,142.88680393362822,4298.018276409557,272.81052022899996,19.097799708568065,0
36.34686529267252,42.46121651617555,238.5172287046067,289.45958102866354,4575.276810900804,496.79671346201667,360.3562119813874,0
21.650842761227523,43.65960465670875,296.82037636139177,22.722168752180085,1158.5884962640143,329.6511136906379,469.032315541562,0
12.026568570648479,27.167813098936353,83.47521992811458,194.81454236411244,3994.206053590762,72.26486447960795,85.36475949892191,0
14.080647186915481,48.4411657779721,32.5017569073166,118.4562696652268,1041.328753760204,37.62957250520721,231.95002398701635,0
30.947105232000155,9.913358379095875,164.99241150292417,179.40321167213565,3287.035532263981,421.7479670790372,291.6487464661686,0
16.714058183203097,42.57213222832572,219.8223298715015,120.86425044880174,163.31133077202426,105.67461152656932,7.5234458284286205,0
14.063119259288566,36.86875816858124,310.5198926440131,337.8923705308158,2996.5549794667813,2.3519982922156624,226.0289466015575,0
49.16680588733526,42.57927554155666,306.5937843496395,240.51133485092913,4305.003097152544,416.4671509205165,111.7312284600352,0
32.46673636175885,38.800650583883645,141.05748587183308,100.90941172375089,4087.067152040432,93.61090962239504,139.93995906316715,0
48.37125421024363,33.71400305823383,96.937990456479,246.10631749389364,3464.096248726731,285.04511292985427,207.42560393894394,0
26.43409365136415,41.61226443353492,327.0596640185492,289.3670149549286,2332.0912171169657,198.56172593897148,423.9663224665874,0
49.161505282344585,46.41002991432185,56.32576301825459,214.26374650209647,4252.496811789676,460.5762803415348,32.62818864397104,0
45.085827651179734,41.013750834609525,144.41825047123453,154.2207471074365,1331.658684295085,432.01032067793585,218.7590628509437,0
37.58495423428447,36.07278233667958,301.3950903095356,84.39039437674616,4720.009152085666,284.5700981373695,404.41370005609684,0
43.83459188859297,23.664793401327447,122.05388335651129,341.6707621848111,2528.576913340268,484.7421438888714,443.74760204642035,0
18.504526927621868,11.235329106666153,228.80422471190803,192.3849513003227,1388.605097867448,133.96153228015572,416.72481641287976,0
9.629658214451073,18.173813773403822,113.49390190224372,141.50119268865353,3117.4749388577684,58.967778239770006,260.6548177939172,0
39.195185302379095,13.691278114165709,255.43779792690546,215.83176071901295,2536.936172157889,173.00301750971326,41.12639688455133,0
5.019895141112803,24.531293220632815,358.5567428151183,149.85943167915008,2106.739218169734,223.18222236641992,310.99495563448477,0
32.68718774912573,36.692335283511994,78.02324787312466,265.7053063153483,560.6604833702366,281.53885506843477,456.65679731830613,0
42.01878852758667,35.76857465179146,101.81903918449326,83.5220521592849,419.6414897943792,186.23267755831702,405.7702130694611,0
49.67420183488651,18.715555492661494,46.51540416142086,95.87414939100177,1184.8373930541059,3.774879332275105,395.8860528316295,0
26.242128615711483,41.459554372820016,19.653932996479607,44.83027101136284,1386.4868511833167,473.4933381387207,357.03264654066663,0
39.68440080587187,30.547801212755644,189.5834088153108,192.6065034421148,690.568996996754,131.33295725496785,474.717465683142,0
34.80285382505862,40.2643060590616,245.40958739304938,46.500411217635616,1049.6268319237915,436.9247248934164,314.3104230850004,0
12.916071521913013,24.7084541264412,10.606268751308466,178.19910541265307,4293.001002936005,172.82393423827585,427.7857681195166,0
11.047626703700821,8.31991947534878,328.5988454384688,115.22099800964904,4928.372420181741,104.5159209469243,141.35395480793272,0
47.86238294906817,37.665281075720884,308.76124887183903,160.85428277030465,1963.0424096189217,188.01350125898531,142.85791807763076,0
31.6802023106207,8.759032791746254,113.45854108957187,249.1231467072954,4728.1770893402145,331.9138402625698,386.3271928145178,0
43.992982127146796,14.487083597949015,297.13956403171716,350.18598616625013,4201.119794792827,272.50370738384237,136.8757094119744,0
10.010753526173552,17.8402160100392,153.59328079903742,22.527179326222967,4602.708862694976,166.28763169005128,299.69937402364604,0
10.626620858135006,41.265215577878585,281.9786481203504,45.97120678550337,1640.6463974526002,162.33864114734726,191.6506720948241,0
21.31285570218577,36.4994352105945,322.15424461711154,158.8179791537762,414.35984108893666,178.28917977160486,423.95227819061324,0
26.86404879334427,35.70540554690888,76.02418148966999,254.05839644351576,1523.427478253152,91.1164934695955,104.2899961935287,0
13.995604227994304,44.43361465598749,76.37407146502196,293.78355482876543,2875.6568707613746,342.36204998844175,15.47131705972843,0
46.15128647498583,42.84469105578701,291.8291935059684,297.2213788403528,444.0701315212741,140.3922877769647,480.8281716882946,0
40.578708093428105,29.174961980626133,161.5058109351009,133.23233253309556,980.657571319336,131.36453610614146,276.1216532889917,0
21.384608958932752,43.74792994002206,81.23029866452362,212.5289169347408,1704.865501954791,323.9335792524651,482.29999008387665,0
33.66998552642124,41.82119635175737,52.16877972058829,147.32054974901573,1878.586011424384,25.235406678080995,57.910915688320244,0
40.57118072407162,28.430983674324438,184.5929379709984,210.1557012176903,3942.4956022496804,233.01655663715775,416.27079149992096,0
31.56475363554706,9.677928515499623,147.32847960917448,99.01355878629049,2059.137205319492,395.75425090496685,404.67467477390795,0
49.620695169471134,11.852777288698476,229.77102014342915,76.23262855264231,2738.3072916776655,199.75600088673835,199.6116858933563,0
43.86210793549794,33.64616873542056,133.57164434280446,229.31761343767084,3423.4761643192355,451.19299984541124,338.7559492233008,0
34.97565583597434,26.435645938936325,2.005069055808937,159.78911487266376,1382.2030704824801,101.31795263387916,330.80329550355606,0
25.77159234869947,38.3121231515017,308.99006403475875,192.06685468029545,1205.5312602824945,402.2292242192456,190.30834726701445,0
13.805524693331693,26.426024583672437,52.4353652971705,339.98655916315374,2656.163600518398,227.9966774877225,461.3013821134512,0
26.110219807964167,46.76405071677853,114.2570980936717,111.99976348038587,4978.320495941384,177.92727918636143,180.88211269602738,0
25.170683563197713,5.067349621099141,348.3155467902681,96.1734444436259,2579.8652412892748,418.7043448991381,292.7579143543385,0
23.290884103100403,21.69151487653534,102.68716060163274,77.40976443757377,1176.8412567587534,257.729291815317,24.04105560487979,0
45.955657524123914,25.467340524151236,218.16986857440548,6.9317602066716955,3218.0993520602588,384.11948170514967,82.89289479553358,0
31.109981238506546,18.358804930545702,200.93588403832103,312.23652794680333,1811.3768697450612,384.82618847555847,4.387640718449881,0
13.48577942017897,29.723823953275893,128.02011184629183,194.1169283702237,2836.2227929708633,158.27998670770532,219.55870560195467,0
22.732007982147948,18.917119031439384,255.34054162709836,51.36656804434958,1822.1554741186717,147.9179162941474,4.600000519580427,0
49.84316863985778,49.808379748130584,301.8024244522393,199.8633418220768,3114.676469899352,156.7950035360945,294.53651286249686,0
42.54008763159101,38.096959982396655,32.59005575238203,159.49775849506688,4388.161277586849,22.180875369326504,446.86400379470035,0
15.307013201876039,45.66732156616639,341.0453356681406,236.98729786086383,3935.434535891473,78.73558135339442,243.02439642009088,0
34.90038248026144,6.293797707654814,293.25137639100416,127.72497944741659,2108.278746575376,392.6466817945961,138.40555165416723,0
13.25183593964783,28.610596902379715,347.75976377359257,11.31237659970235,4073.2286366350854,231.48006585773484,388.04346285105646,0
27.827640406702006,21.227872274950997,123.3400710024529,201.9666695593013,2600.065806586445,17.992168842157152,106.32715948172789,0
33.01716406987754,37.80058097237105,173.75264120144618,285.01016173588096,4753.285610891098,37.12616856155143,334.2566025340532,0
38.87113143811243,34.70299581263389,113.09135424522715,124.08596346139103,2415.68314912584,323.31291058232546,306.65819557765406,0
47.854736685400205,22.861954093045732,126.14726387454745,255.84416533593492,4899.599871087375,155.7179932259949,288.91598836326347,0
28.191872586391938,43.304373973041805,265.2409107310514,331.0178729499616,1310.5847489506532,22.990010421514718,97.39370292315469,0
18.17072609709231,37.64091092884442,164.0525941657101,196.1511777552216,445.80804119688895,372.47887498039745,164.4489908855394,0
48.722365361967015,20.781014354615706,46.92190546575665,246.96606427745107,4557.7917535432625,476.01980278034563,480.8748134486117,0
39.381732033350715,45.217044232412455,70.89255765838296,133.34313128915065,2647.2946993823534,352.49200723356296,126.9042326528691,0
49.42509687201407,32.8156584556121,227.7001187742602,184.78802959424698,3593.169236489769,309.44096467778326,68.13868553029356,0
32.51050370567555,22.725958285158647,293.35334230110624,89.47240310010423,4913.665050785805,7.036326505810875,182.55524936033933,0
23.51327747938088,25.069979149141833,120.00785296037415,54.781000329954075,125.24404694603174,275.4821763155609,177.8278671723395,0
45.89990436875162,22.317400295778576,73.51774866543454,171.77610439668146,3541.7317294379723,176.76594125687316,362.2546659024584,0
5.42811926267757,48.88199943137718,271.6307401534113,23.112875278721155,3258.306983348341,310.8492403616768,290.3572689944173,0
43.18089572767693,26.75947244219143,226.29682223430615,291.95455481547185,2707.6269779425356,393.3058286799846,452.24601857311796,0
47.498827756120846,29.14178470778437,273.5037024129831,15.598057640541526,4406.240849222474,34.99854988316348,295.54685591298494,0
24.008895930705858,47.6439624709806,162.14944011437763,129.58263910181168,2807.6114756515417,20.893114756326657,260.70294555015334,0
32.483529203327166,31.41440693977946,51.5443516538284,344.7343030782648,4497.125918385216,427.4135091303473,106.60430246389707,0
10.479623696567755,29.814206313321698,104.05489351928578,141.20460646016056,531.0683886124974,173.6318916803483,84.85252088616241,0
36.453462229660914,18.14068848785769,136.16325964087855,226.74973689515105,4859.378274207274,447.7448130032579,372.5417838340687,0
27.599960968276687,17.319217981158666,307.1824755292842,132.54514165585599,4129.659269428171,13.059707571871693,146.22302800656544,0
34.98936001314566,40.47547924395979,136.61665164273646,254.6466670762768,4647.25662788069,455.2202404931007,184.34269432601806,0
5.703002109849285,27.61088653827043,0.24024833558075276,24.29902071827201,1249.4329223564368,180.82169128003562,449.63626132524945,0
25.640395249482204,19.94879305225103,337.8739713817115,115.97048808128247,4362.691308502617,150.8074539043955,50.64429702449358,0
8.856087353237335,40.0044490646223,76.44605046533628,309.353760321573,3822.837052883813,472.3548161250791,62.14151037625515,0
15.395464410326964,11.50328482800331,163.1637727707272,224.41269748388646,3485.798166868855,213.03410775445158,445.2636538990118,0
44.82200567367182,16.920072279606565,310.80450982232884,114.50530000467236,3686.6722576365714,319.41330507086354,38.91965465882219,0
38.92272188599458,24.889783033456787,254.3127059673469,343.96829692756785,2838.4177726860157,333.3010257597022,308.06988913775973,0
47.38095849146477,30.370756374719363,105.78297902075066,260.943857490708,1283.3997622222705,248.94475222902796,22.34000716997292,0
41.10382649615005,22.067414185598523,307.0220922954822,5.254704832625552,802.8110369988043,173.86585646160495,185.0577478759915,0
43.610485446799046,28.913216927658187,198.636486219576,124.41926021426916,4439.405802750206,310.530731254251,403.36569496377564,0
17.742237133667604,23.556969503951105,97.88170174767636,215.37275919303562,4605.961052307797,115.22552030511774,487.29323747141694,0
32.52361711645848,6.307842758451204,5.121719475651831,34.07508329983768,1001.822801125897,131.81148097934053,299.97719850365456,0
34.18231112103635,34.16107791501952,326.34541348280544,220.14217403072237,4480.54208184755,450.7005037360828,126.36000827550032,0
33.89790317604262,24.604311582938582,344.9469208386699,283.2595983468184,2632.2227966216633,141.5788461461654,279.46038059910086,0
17.043283748528363,15.556017845655639,261.1016169396806,280.87869597677366,1557.6859712892428,319.0976988319601,218.98789908708187,0
21.13967765474213,8.980657930964298,256.47164165515926,223.29953331792274,4150.846714825024,299.0481990366845,312.4000226189389,0
18.628882718572854,28.03433000511504,271.9995941885519,117.83267392657267,3282.0660037406947,109.9369738204275,155.04325919378752,0
46.73418415276461,45.21848519878549,65.23312151300811,126.02480803505085,2952.301893469318,402.9742305613912,448.17337690178005,0
31.310031067135306,32.68500639439108,265.804541412245,190.70568796746608,4803.496237633138,20.128830323150215,467.3763153249319,0
13.655166235724087,9.33551838578007,116.90673573432692,152.26919714855555,4438.819677872962,133.24678511754556,249.91512359718976,0
21.802256943431978,6.86734216653783,81.64906884792713,77.29752121536298,4850.4349795421795,328.7493222563224,370.63655553101296,0
18.890872558040016,16.458999964308966,127.47854504595458,25.48031047226068,3683.1491839948653,373.2693244742926,59.29316524855077,0
12.999105988045596,36.60719094146265,337.3346444946645,196.48875767586995,3290.30928280519,257.10571437015074,9.764997900104987,0
24.415710722047123,8.35201988166817,326.09630837196426,200.18484300999074,2933.721458988711,488.01052718803817,390.4732522797169,0
17.598843176443985,28.00671512757453,68.0369861303268,98.73021781227497,1937.547185065052,86.14859318013413,180.54821280578298,0
33.32397525454408,42.00815157701492,165.8442855564718,114.88415922102979,1542.6698627121914,336.9817437634179,496.68386444157653,0
6.257091808448649,9.357062725260072,189.25145497421636,167.72933612503832,4516.845506547967,20.54463328628803,487.051877200252,0
38.113444947333676,27.99065939021389,119.13707538235008,2.1205291332499154,3919.9677494392627,397.9230569113056,86.49580683435737,0
31.28546607971492,47.888775126459564,302.95780479954834,245.34061335606043,2046.8960502948075,25.10753583771208,305.64752843987594,0
37.677680988650955,30.984222893049314,7.212711846808704,280.2444655647458,678.2942379460691,419.17275789335724,193.44645575890323,0
13.017054058582723,43.47322112634761,58.60466381235512,7.530037715432747,711.2851904559441,20.810698987566877,112.19029242214224,0
41.28750470383535,6.324089536881704,50.66664667317624,174.8710025269192,2032.2799288582735,392.04534839712943,173.09792995891644,0
33.53632371789781,38.66199006260084,279.1350737704129,97.03429781687392,2293.345054563794,405.7179240673952,280.8774002867664,0
8.534908626380217,43.59919251497367,52.178214496751224,96.98242081899127,3669.6799580963625,399.2116011312455,218.13190613597683,0
38.42578347748763,47.05376929398595,142.51580884933355,52.05580281567871,4315.482033805365,110.23266105931212,96.92392855963772,0
5.877678868849615,34.8752632357471,176.45051180585918,277.9018935469845,4185.371249287545,266.3697859978181,162.34475227289946,0
26.29140963737122,27.49476935724945,278.32251726833226,345.29788855715464,1046.6256646554016,364.4692207411504,291.3793466737404,0
13.154570163055281,35.90717325009532,48.70836642085265,342.48334358909494,3952.9230644684044,468.17887850980463,113.46050693573744,0
24.00268605230723,39.86315204115695,300.29289518599313,222.6516369692192,3653.772348893961,115.42558042598262,143.17381252819612,0
38.81628040215708,39.407749613068454,12.64345110132095,40.349068349061554,2310.9980086966084,42.41951446941478,46.36752441450215,0
38.81891965915264,9.53414140967029,263.0751908939789,299.91225955050777,4838.634618303691,447.54624972350734,471.62870673506455,0
32.691743340453506,8.820892123427257,96.99431857911395,318.0811645888631,3900.5713717771328,288.0770693869098,476.62264812225555,0
7.767409947325232,20.771124343724917,11.491665916301441,358.82387855313976,1735.2523411997167,339.7150443007455,265.2091279088584,0
39.05006843641624,41.462032289218016,285.7126793723985,341.1783455697132,3076.523087041812,63.28583016247447,218.83902452019805,0
45.55128453589841,14.946146736587751,179.7121492519031,106.7445391234577,729.369770865106,490.58881256812333,414.08719519210285,0
19.929679956983055,44.29085913165239,226.9445541784203,6.53292813479057,1457.9290056992443,153.08605832366973,393.5621816636276,0
17.319619538400396,48.877635236756916,45.76166545106049,81.50020072336312,1364.5998005989272,423.4028559514468,243.36856515654566,0
28.720113988325814,15.276128960602271,276.21841465280454,23.231033510517353,1813.7732942499042,194.83649123609757,324.8794324423984,0
13.191173697022494,8.451673545040189,188.90200892478398,291.2924744685645,4215.462354465212,262.685013236221,232.55613995877818,0
10.649500054591527,10.586803973234801,140.8435123370879,114.29118701639803,2878.784728112071,78.69817864056705,362.7657228970776,0
12.597770621986108,5.704765988154841,2.7372636915535375,280.431151600479,1008.6640863264764,2.074558521826364,437.0800838442565,0
43.78908606860983,38.14033497656632,46.09194718855838,232.71351511163448,2055.202288939944,391.5139107048812,367.48128878614114,0
35.176355949548345,49.60179217393917,88.63684250618728,314.48684263160754,870.1801336954475,57.76987858176818,391.51425111998634,0
17.0549150887674,13.457208986522371,217.49732059489304,347.0622532971442,4575.581757942569,255.72828604417575,337.2947052415886,0
38.44705774880342,29.265955132783592,263.4747725629475,337.8669775086198,4436.49567541295,11.492782694391412,58.367205136758635,0
21.960243749725063,19.36027479943457,24.17462503603039,159.1204891571387,3886.094973639877,314.7652685863099,244.8897029473822,0
33.45394172399366,43.17576584838283,17.250542046532438,121.21555329156942,917.6391928520328,406.4163954924235,363.4930352885476,0
46.04535564502718,43.717755658981055,236.90271178092712,45.08131197037191,4482.8529731519275,364.92314260975115,236.20365023725176,0
44.719703907363545,49.367812055897424,327.9441522396651,292.54578882888126,2115.421657815147,201.30239386301724,452.49201777772106,0
5.326718731434985,9.06337784583151,342.2746543466491,31.320920859301282,4996.281056195719,121.69770792979057,319.38512831120676,0
8.107388821133217,48.798523597679385,37.85801606576777,304.22290278252177,3906.850026699079,27.263380861832665,87.03586419795516,0
17.854952201489965,17.57073875091914,19.268060091050586,59.1270534167301,3619.1869611768793,334.39651557754917,385.26668448456746,0
28.79189810411661,39.42541432159115,225.53318161750752,44.61310350371642,4370.691496043311,203.65684990063215,242.58757443469986,0
7.349925686256459,22.658393039364558,330.1608339440291,203.9102902386603,2628.990475053185,136.4894890397808,167.352349798638,0
16.95571241991481,13.540277151088576,274.72403567708216,67.17964092801384,3797.022110231058,28.66603889561442,479.08946987685863,0
32.45158369536286,23.256059996513713,336.8579808832112,69.1627672889099,4576.840518251278,348.105476729766,394.2203032091548,0
24.12248946717941,39.10653336719762,325.4111554245172,102.98965634936354,317.21684233872827,48.49579792745462,30.372732688853933,0
39.59689443120562,26.881662600982352,281.72655396328423,352.2669742525103,3240.9356189156183,427.39168611596887,217.15587786428318,0
11.20401857558708,34.76147305208673,288.03993973199124,27.824433309650466,1193.2233571126617,62.71997143572094,447.54565108091515,0
16.511461237600894,7.320463623868907,303.4751209774612,269.3063879893418,3441.755511635702,391.9711330058273,412.9949979777955,0
12.229285787492469,12.785881813265139,208.45817083802913,31.194838739326315,3682.9568176663834,412.17728968987603,206.30171090315568,0
14.374706077199354,33.95510016680021,203.49880492711208,173.43106949861772,4668.917276297472,480.1661446109246,339.83374697423477,0
23.479757502798495,33.24390545215296,45.265885415051656,47.79989161025698,4711.599572715606,84.91550411936849,141.4840822471009,0
37.903656985075756,49.374744672802095,282.76607542201805,52.451961777057086,1729.8010367055804,312.1107915630594,189.77490049100126,0
25.17576638850487,34.34337445815703,206.66855657541896,186.93235450538302,4730.7904960167425,148.64817754474674,26.170162812017672,0
30.741218420893286,45.27163725045056,84.10280968359697,319.3953615194373,1912.6714268640762,14.431981091327707,301.93551921814856,0
31.99186332388202,45.45038432355421,227.46077500481078,27.054996181203425,4423.50797859641,267.2921187114506,372.57799309399184,0
5.211683920819266,40.97533828957575,189.63822606619303,53.28390921259428,1378.8162652077576,353.87224792381704,291.2021197704031,0
18.120235018653684,20.773459391028222,138.6352861432316,327.9363886917721,2013.5786841908666,131.92281727949552,324.7902301786169,0
45.650562578102885,44.34876729501944,346.8562541895211,186.93150910997198,3895.351003748305,124.71628165090526,116.45368963631253,0
11.663289034299275,30.01222107960191,140.50938830700872,359.1940103203759,3452.5007100287635,383.7568283822196,149.59968787511445,0
6.464041677642031,12.922998549674961,149.64836136198576,280.38615035525964,1959.9693107028897,329.50479681720475,272.4213107305954,0
25.195369687344304,28.00857982663265,107.25738994371311,144.00599245526558,809.0572866648006,300.8780839623029,319.3228297714702,0
22.793440277776046,46.282026210871294,50.23306693212835,187.3504753621449,3271.1901079058457,430.3828014152263,405.5259422416284,0
39.28950158693571,44.97973450403851,48.69666540529118,73.25016667444811,3018.891102867395,178.0157330990166,314.8839199992043,0
33.219027169966374,40.71919470678219,343.0596275473827,249.86587334676338,155.54377809179687,357.62850273420224,328.2347333890118,0
36.95208705553151,43.92594783772022,71.07977312606967,18.727767711020537,2072.8965606900247,464.02449937937257,295.36011114728126,0
46.51652760174962,14.192036480151057,148.9837105505431,9.502281367855954,4307.353357229721,173.52395772818807,242.69017008003775,0
44.80132716901252,27.575453615485195,150.7009379489406,122.48063324674264,1678.7280423847285,122.81555492254515,34.856180964547235,0
6.291852900249671,11.08338010500386,347.16721669427204,277.9372531521437,1423.6127323517312,394.3037776020824,14.51334264782117,0
16.66376252214397,20.949819297680968,334.35051142718,39.93818855971709,1813.059574437636,308.05401386596327,473.77965663657125,0
19.72705186701656,13.140515504633244,242.42446904379128,310.856011475771,1282.000234612762,307.52597132335313,498.51328656312535,0
43.52228665987924,25.738305557540183,168.02747181927762,338.1045938888978,3163.9602211560104,134.3634518694259,394.230471119354,0
28.531845623121484,42.54188018598952,121.87209271657463,170.53656218320143,3472.978967427639,410.10848371239325,486.2805955393082,0
27.50834230761433,35.13785490104316,353.9409223214245,93.46949861080647,4056.5052533189246,209.54485657398914,234.57978675727014,0
7.7615147131358055,46.52603544471278,292.23004588458247,50.03544689200046,4909.120482841704,159.7888176336374,352.54817202463533,0
15.547143173926676,39.309763032543664,152.01749971989156,293.7208316260475,1850.3219878496418,118.30241297137822,226.99923716110183,0
24.69830819367669,44.403140642512255,100.60423444320574,88.45266079205564,3130.238001660858,412.3324407361688,240.9425843873519,0
42.13251172682912,44.61409898751884,122.76107845593603,311.71310789655445,1528.430659552913,225.167169058833,82.96399139056115,0
8.192717197368067,49.58814111247105,110.57447026151198,34.84332224848662,412.98509052865643,108.54171192569639,475.6009303466958,0
17.05643472093611,42.23088981975499,356.50907932086255,97.58398196480854,4973.451681317868,311.4677097317196,52.919293672631426,0
49.61413422437572,48.462166940452825,201.30510856521795,308.8701498434594,1681.284092924123,440.87162405437755,431.2376040640407,0
38.920171688707164,27.6086760840977,97.81960064290348,355.2891794630472,3753.8068754230812,32.175123926122154,476.86494847408517,0
46.10585711872901,11.564370298766262,171.48553493514444,168.5479789466187,504.0514634879524,151.57335180315147,212.23937927097154,0
23.629515270767303,18.910921997003605,140.23946812359972,87.09442626044809,2468.386841310412,405.78978934414073,435.1553420558713,0
39.479311657801915,13.54983118192305,123.24667858136468,95.56175565625448,2625.70043581703,273.70502164908453,266.4928629511817,0
20.962557432186355,34.91730860914119,184.84824596449084,247.69037710510653,4313.164465020073,287.03105100801093,425.0949807128232,0
7.3243868174251485,35.961010979248314,35.48436300570494,100.83713499401658,1364.1858956483552,224.78845011875242,156.87849994382097,0
45.030705953606024,8.782835977067663,249.29552000450317,34.048576219504426,4075.734263489476,43.37841692373823,116.84489419700905,0
24.000846971847633,20.49007505156611,102.76679802458483,350.4942133301905,2118.3420112926706,52.71570101830708,161.56200094650646,0
39.76243832623306,40.61160161045648,305.7385894764962,214.5009389218291,354.7339118740215,37.907030672229894,348.21176227475485,0
13.577028287436189,30.94545444805971,16.708635498565915,26.749874792617042,2737.1447380882246,145.45014760816179,275.7636181784745,0
47.77520840963256,33.529995139865136,32.10509652510868,130.02960425428986,747.5697122742165,473.14370241731893,34.906187205846265,0
26.096899327257468,35.217314669976005,122.27467440098143,1.2560481075358698,571.5306418619092,170.47501535662428,473.24183620894485,0
42.21517577814146,9.001570879374825,169.65846323196115,191.5512758591587,735.0327929888281,368.82075942412285,59.92449063653654,0
18.175729405016117,48.37161101781122,131.87144401021,28.879577910855314,4099.335831902805,469.47663761416743,93.64706742238982,0
42.235420985997955,35.469255589856985,183.6518511413151,248.3500379508964,3332.5466676966935,59.32480496327047,185.01166033699096,0
35.429480399004596,24.44562529519679,181.1659335235992,266.3759491921938,2374.1611885626567,249.8042586694308,151.8242885917516,0
8.83867378082346,44.13553574045116,335.2463948068027,108.93540286788172,2959.592511060148,114.38198307467957,439.3765271667166,0
38.747251660294936,49.53523421290451,115.56236775565225,347.1514069744782,2824.5559752741665,267.5720062365856,191.31863045725507,0
35.27400864884184,42.59696419958098,131.42712884233717,108.1455415843604,527.5947643139098,199.93411925444326,326.3344023067202,0
36.2701208893083,14.16610598888405,168.71487475988394,107.25053109137833,567.8464837841645,146.78925400091615,427.2111211763958,0
38.060172358898285,32.93698817416748,326.18458944589065,355.1503066441179,2107.637116302936,82.81420081998786,301.9697002218499,0
8.027264575447871,5.043254296344349,209.0186480478277,158.84484281795886,3800.399386744054,224.24045412090453,84.4168609603127,0
9.16620153383357,20.697361469208218,257.84913696487445,314.5008285223388,3841.65784758649,303.05046560285683,487.2984798018675,0
17.041935004077978,28.261310803901644,307.7080651721144,285.6394582075442,751.9482071377154,84.54587203650577,382.755086192057,0
34.12003867600552,5.533162893977436,346.934944025068,197.2823332709832,1677.622973705157,277.86922653321653,457.684913029706,0
10.975923887320143,27.087294210079477,281.514294577437,308.43768935877614,2676.141774070492,25.62330720949668,58.62943163623957,0
34.484023001579686,22.229264443387827,133.21860980378523,154.9454311246358,4910.008461885411,308.5022499332075,379.27622164752296,0
47.71944798007193,11.775093490221659,233.8524934344951,130.9085478533519,1301.5914535279294,249.12907567527876,110.0202499260704,0
15.824089470887966,43.9801792250037,283.98512072721263,319.9910197497047,1731.105808663876,52.12666682938999,63.29471507596474,0
25.27649513477781,11.750240476199814,235.44702094724087,17.42177037933754,860.7059733894101,132.16502514410323,179.30108384373327,0
6.921662027214493,46.00549754698156,67.48352080831636,144.32923679029676,1105.3594161051506,361.705228617133,324.6983412004429,0
49.780728939197196,16.74838667250269,37.48570587720002,178.79422567761088,4900.125107227968,408.3244797529104,35.35796705874128,0
9.813911115680883,20.99630857938586,6.866100359128384,211.59731990453307,1987.3784409457335,60.4477525579713,115.81571660426971,0
36.17139999482898,26.970283897964386,168.78260366960944,263.40030274826995,1806.2938392138549,108.02420039378563,57.36236644960674,0
20.175493646913665,15.618084303538897,110.04267318870615,60.2540425057397,3036.3925740905784,451.44107691096616,241.6985425246679,0
41.021599960310105,18.40944952727773,263.6816991233926,352.38065677838983,2347.2684591983198,333.21059892862365,190.03937161295326,0
15.230775235997259,38.77129369165266,277.6574185248173,251.29069599855953,3275.4540983065476,267.8151327716011,27.87289022470274,0
28.836084758624768,27.2606032468349,81.63386590663382,253.51627337387418,1243.7150235567528,134.09650900076804,180.04013722605956,0
30.288487564641265,15.16571611217477,344.5841724532726,146.73228818046218,3067.0101077249296,39.62594764335387,159.84487431191187,0
27.783486511006227,27.593929287029248,130.6380156491264,101.57297858217349,4965.07018422273,319.82931032254714,408.8076031028984,0
10.572218471173908,21.773648556464323,203.53516684767027,312.051592512602,1009.7711441154962,350.4691517480136,366.40175994215264,0
13.324093151284202,41.42418607442589,179.3185625724295,204.59010470061256,4851.519791126938,437.9604038494869,451.4201376963924,0
35.161330135023036,11.967098269117667,244.96781215882893,337.92644861540623,389.49053006731606,351.07466976634504,163.7469637265242,0
6.462124424660461,12.693386009174862,115.64704489330603,100.7220331614592,2084.474419163381,373.35583601087217,279.6020295087334,0
16.27950016695205,7.739524030845085,155.96056127363704,1.3158945481042128,1714.2228371377953,38.09129393986327,471.6007050861624,0
30.41578444501049,14.306780981407744,32.895131802001785,85.55247769793976,1158.1684056406125,403.69665331915684,274.5336732655421,0
16.70315538572133,24.722276198059276,5.270946925157878,182.74614181266145,3081.788200979156,98.88072057523961,400.3273878998598,0
8.571224687019013,48.01896407466688,122.72813130191663,184.08781253438212,3762.3648668064143,487.31240794035097,406.5106900804322,0
9.948941261000872,14.533439752292908,67.70890516610035,318.9134709971146,1124.3164145685166,2.4612249116383045,172.82651737709276,0
40.526669111096496,44.63907580415322,263.49322777947856,12.098599559923787,1786.4157399285714,205.57982925735035,178.1715644650881,0
40.54559082055556,28.46594534338945,276.54544630886426,79.24924649686335,2162.375406817693,428.84837530678146,461.0076381557436,0
41.41309080133893,31.459032196123523,132.94588751954154,114.70233317906302,1761.5519102432802,405.8644357660796,360.9979276440808,0
41.74062721698219,14.458525732390777,246.13330600822943,243.18337821794609,951.2171435559486,168.32754578919713,90.0905362898699,0
12.373269556487411,6.269833635365763,39.77169539129754,258.5320369171519,4711.754968969254,384.53291128508886,493.6904821199394,0
13.720941904276811,27.08503999513538,115.34304489270151,356.8035542166242,2800.380474914552,139.8844046749101,320.189892744631,0
14.105049644552441,35.47496537416554,137.2948311076887,86.47477234721407,898.0506743865715,146.3493129600621,100.71242041327471,0
13.749023287447978,43.74786477788578,358.14347984103114,39.6139189850439,3192.608312371508,71.21840075155234,169.82651738367989,0
47.88034505739233,24.172009044868034,353.2921075270777,226.02649317520545,782.0787915503093,37.853480679786664,493.47717909519025,0
20.706565289722352,8.155220597058715,46.87326578369713,266.93289026592566,3580.1305850651097,455.11897909423016,247.70773378312694,0
25.986857942972104,6.939220956717795,311.6388963420662,23.14116805717458,427.33772904691045,418.8237613417002,272.6587778256678,0
28.78255618106235,16.60557785264136,305.62321751064883,253.60094142598683,964.2739733118759,315.44528922240033,214.69466020073398,0
23.828023446066886,33.162557878233486,159.1537621796056,218.86066268568467,2582.3890804295183,235.06409861602685,177.56694281112235,0
33.70941726916273,30.567371713016602,240.39441089063496,32.74622218182815,549.5066780444727,450.30411969882937,481.73081402905206,0
30.934293928584697,26.66974237631927,103.32542240021041,249.1792928369003,3934.8949781051792,298.4015338145068,80.52829426378399,0
25.258669505691014,12.272938313668718,281.16340906929383,307.7829356024214,636.302917859862,453.69874066386467,48.16557426887036,0
28.153362313033007,6.509178583996749,352.5579954370831,348.097865573998,4748.5032571984975,252.67670234734496,394.7630238404068,0
44.124463933590256,36.931168619512846,184.52601718280306,63.87049772945581,2198.592105905956,157.33576655935804,3.856763906640026,0
45.519328541267136,11.997143802324977,279.58965020659974,4.298179774727324,4153.8809706890515,428.79851098277425,326.5223128730839,0
27.072283952823064,49.19162214313696,51.66731320886036,236.69727371051718,1468.8756227491979,331.27676365231673,242.48742598268896,0
44.6083066273367,40.304372598562495,171.2900268311832,207.45256903530577,518.9668671546617,459.3390001934797,303.04871684995703,0
29.27177274027518,11.538269046646512,58.68350951809299,104.75147980181755,745.9047665814393,7.620455799490777,127.54441738478367,0
48.703875979564145,41.57847764938616,276.9292638576741,82.91994405154863,1167.2163160650969,113.30274149469649,401.4180374664118,0
47.416106035245484,16.605478040219054,339.04870267134334,240.34467478065443,671.9645905292425,211.8972789821818,105.48926309526036,0
30.601503039815235,47.12409741670604,184.5326451774248,273.6968617463427,4831.825362155667,435.0007314570226,324.3827119655206,0
37.312117223160676,37.6413981371153,148.02997800724998,316.8454917049148,3102.620898033574,309.9386590802897,210.7820679172688,0
27.047496281758132,27.54730448616177,327.99555143956786,79.79720821527825,2731.95824243068,475.9381828117137,235.35361640041813,0
23.454796623947505,27.033728483838306,326.39213516814755,206.10342318440715,104.78781514513588,402.59917852645776,120.10983479870025,0
18.781561477060055,14.032138352517336,169.76855635365138,134.72330921602105,4410.650614213486,306.07266522249375,157.43485612322095,0
41.89734738256725,8.06997584747944,119.72961662164242,151.77255508043285,3033.146961286177,155.86686660901094,497.7340505510765,0
35.0179294487094,24.08094345655543,267.59081620803187,277.9821828675938,2395.034241966318,176.01144754616098,182.5342495598491,0
9.390959149613746,34.084144350542545,219.6465476295883,192.77866044758616,3977.4396114221445,62.243850536960906,380.7476235985933,0
48.19985862349742,9.57374692929141,0.17341457401469196,116.06917140558181,2036.5403115156857,140.66527641145166,380.0942590942116,0
35.60657612597954,46.38983625319088,147.94536902981497,177.77828024114547,543.716211001386,338.60702610534554,412.04886196701216,0
35.41553007372735,13.426852115275635,3.164883670246801,282.6585507354773,4655.323675153284,107.29806976285694,386.3284500784807,0
32.44859505357101,10.373456578821187,75.43080208675137,108.29526565929974,203.68686567226626,327.5406121760105,254.17028859993852,0
31.349079709449217,12.743826820912043,153.51415389150836,122.77209488051635,308.24094413674254,1.0388349001591024,14.21514212244518,0
6.118760953294942,27.11496723879646,8.22493443694766,41.48622249563524,4570.478211255272,282.91960470361266,172.44730355437238,0
30.665171833329147,16.30507261598344,333.6942097617501,316.1230842686051,3156.169683649236,385.34392956945584,48.75009277665632,0
14.53554655303087,21.344480311429784,147.21176913789662,321.58136838555055,4885.638547632744,78.82021639578163,335.2760555706817,0
37.298318462485575,11.877094552997015,112.97060885125082,112.68613195956873,1564.7787927075155,96.04380830451187,193.39955005978575,0
12.82410262518285,20.242382364429204,325.9747006441715,333.88132094864324,2141.943113864888,107.31531677735256,292.1947819295431,0
32.48053239215163,15.349392196596291,53.23518946332622,339.24223404549,3898.001235334548,379.1797329863396,474.31176134156834,0
38.983438534625655,32.08730355922209,210.64202378787752,146.89940040907348,428.83719395720647,304.819453215337,384.41348520111393,0
37.40974271838162,23.679813450541868,56.67446684042274,19.408164459297147,3829.569974360531,414.1452057843973,167.89420804071392,0
41.40902693331911,6.724383332376085,0.6928568845843452,213.80066369328802,1377.5870735500189,346.80495440578625,185.69278703929487,0
40.46326632482499,12.270666031287856,101.25646663116771,262.23425441988127,1651.981257574424,245.49028547492202,205.99955372338619,0
44.354494239261946,44.02570927257688,219.1277153706339,276.3530146089784,2020.3433660031417,453.63437831736036,434.27217895925025,0
34.14852573526417,30.41734552655537,19.94366156408191,262.0933473015975,3384.6663835199593,495.0317404744544,330.44395647921164,0
39.72315723293224,11.759592095141711,141.0158447379298,149.23686922558898,4336.20809987068,387.43892504419466,403.14747143790254,0
26.702949903055373,21.199654435667536,194.9639693263208,131.58585450967536,4743.989015528201,250.3307317155075,168.5247487846242,0
6.2676797207460355,36.04779480700587,229.77766643864567,164.36640534339946,3677.583198201542,332.53049467582605,332.84398580716174,0
20.185803668527335,44.30701493381938,143.488798768376,111.45094440520883,2203.3959257720626,349.63485501520125,452.22684159919567,0
40.0948223874787,23.687764923981096,78.18451217159195,76.13229708333729,2025.5679243950844,307.8992662778332,329.9265048098464,0
30.9888428729878,25.47839277049705,126.02934006755434,354.19114443541446,2477.542060213409,52.85740168098268,181.8121299138753,0
28.655987505168785,18.535122923064584,62.616702840016885,285.66086810819064,1234.9731290871453,32.71541111035348,475.81745945108304,0
22.531268727765287,44.82486330810061,160.44483847394565,135.9393328678062,1239.6979758728864,269.5196135747728,35.80987728597351,0
27.160264833579976,18.652823955982527,198.46239773519034,3.230821605815799,3949.3904318554914,307.4142938241302,104.90540533440745,0
46.95495642343182,12.248276537828723,57.68436651449512,272.2057147448358,4174.9422415621775,215.332591376446,454.9427312106911,0
43.114825768742804,41.23317127844782,131.94428507508422,326.7183755404784,4196.682319296848,181.59579094683215,288.69008369040216,0
10.682695126830255,12.190907462059657,82.3055198548293,115.89642526430116,2527.118754950489,268.1590160087754,221.18969082647445,0
8.419446204256321,7.902534434774957,106.73486114529364,265.80781136128905,855.6122406394071,318.52609113116347,202.40912557809466,0
32.96787816563088,19.741342553041584,288.31766642464993,143.91948844313055,3803.2933652168153,154.55492836144958,203.65457030700713,0
30.53539786086148,5.227188287948296,169.08929082973896,216.33451012964088,3398.385844351367,280.0299429857077,168.73335822898267,0
31.603235541545775,30.128876553269293,314.60714381275835,314.7696957501198,3058.23208729389,361.61119796508734,406.0146541377172,0
41.77588719242904,43.13412221582901,189.78976443982015,6.194473755467866,4536.630602966149,311.7184034014081,10.951097650307329,0
46.951911250694636,34.200668195722045,23.373564813500213,233.32755261804633,1133.14022989531,295.71183523508995,455.08497509821734,0
38.5163231186764,11.459923217238082,242.26442922294862,69.03854867683214,4130.388096746593,258.19832357200517,104.85782603050042,0
47.754845983449535,45.73538779421002,48.94693040749764,0.9706779018691991,3768.726538127877,139.29886790292366,98.04679389509657,0
35.89124740697956,12.807553621266862,241.41072459699348,235.36334990837426,1805.5743441799618,226.28813912541108,71.45011565718417,0
31.407968901336698,36.66611973109873,29.075674338111618,216.82513441042036,2757.003634649905,103.83088492977622,327.53652377141213,0
6.621381003823844,24.064780349629576,115.19227004504242,273.18516507939125,282.2189585148025,457.39235234324144,195.08094088692334,0
45.95944557564639,17.761656782956095,34.816173857339315,123.81990522007428,4932.469172686852,406.3725550044909,168.15531654807208,0
38.46017251089391,13.023366145890405,101.18129073592297,241.31743375221262,4417.759014897327,452.3660843728879,55.69834831992143,0
48.62558663128914,21.215645982784004,305.53938828042106,341.8621174898133,1647.5402732482157,87.88053591362194,341.4503783341797,0
33.09308471338707,34.748738983841015,288.2320474510825,98.85576953715258,120.92883509764101,33.143762674878005,452.07333145832456,0
40.847918856402,17.332286093320832,87.02547603738401,262.05852375548045,3719.4985370074437,438.8979150033199,337.45233223552833,0
35.65437258480518,21.308291719470823,91.4465776010633,205.69544289338157,4592.167479597133,479.21236108157984,399.68063135817147,0
17.03194134071957,8.479182718730845,5.0203267963996545,251.4571994673374,4205.808377440638,436.87212188361895,171.00456291397154,0
23.270557955162545,17.69235128100892,118.16284741680893,5.565825701127838,572.7677501257542,313.668112479798,457.9704576333036,0
12.477948589908145,27.555323482338935,198.97165153097112,186.4216510988849,274.20828142011527,372.4968158434321,318.6105846998158,0
18.037272429205192,17.874999629490034,79.89378213449851,57.81080286176474,3992.0655975458267,331.30846368838996,498.540383476712,0
47.16883367559579,38.795547256640184,66.77052177426313,35.70345566910294,1179.4335862074909,200.784228484708,90.94677556960417,0
24.702125552887686,32.953028523201304,106.47855515369793,353.0258659033855,4343.109436475121,428.04247575549516,471.29820714404383,0
44.289640325371316,22.6607958025071,122.16935342706564,300.6091349223345,1241.1453726299706,88.02982873048337,27.585214826044812,0
46.44055170101667,30.509829582650973,148.4593404457015,55.87589094970939,2457.096883841912,400.64929209488406,228.29265024804624,0
34.59829996305535,30.17708838351766,172.63759606928807,108.33007195694215,3632.2693671727006,355.62205643593853,455.78137039954277,0
16.675095678983542,36.75014426766258,216.35606162941505,300.1622410112406,4711.999497486551,108.91794328654481,460.48139111387127,0
15.064622961957708,49.657141328995195,139.82161071396484,48.23560066078416,3571.074793466813,116.27941169626055,166.57942574467134,0
43.678558972697374,22.354041170842272,262.26189495303856,122.25562377285756,1145.471229326234,458.006325486327,370.3596714591562,0
26.33172195750682,37.81548034992317,332.5790129674831,154.08602333427342,3166.801396911444,119.22142035848887,64.07924712627533,0
32.08618510410418,13.939716585016418,131.33962673530914,209.71953995829242,1695.6760005648823,263.48209065405734,44.1385949268755,0
46.85387418422174,13.394526139061348,120.3456700788568,157.50698279840117,2574.1396285850647,254.5371735487363,274.0110351921269,0
25.396253452225164,8.464843437490007,47.73991210236699,324.34033221055824,742.9848491547879,387.84659203875344,369.76368400964367,0
45.10357275640256,18.308916380942563,51.546700185270765,106.04577155627219,845.9698520011518,385.9144365423172,330.51621105007337,0
7.658357683861027,46.57030712427733,48.87457328067845,222.39817154510627,3134.930517057,434.52748121958604,249.5649326357382,0
12.085089034733123,33.84246319837773,323.90722058346734,0.797873660876669,3004.1026162313683,217.31703240726208,300.0010614113659,0
27.56624699924501,10.761929601269348,207.63233445386444,135.5965841146177,4316.05503914239,413.03830465761683,323.1297727591278,0
45.760658689594926,41.44530791784774,155.02248092346449,316.2471289655266,300.25327017165347,380.38785149469993,351.2442748657813,0
32.35053290238683,10.594744871183785,211.2652822173233,11.668608732705902,2257.2792596013637,195.4787016850421,422.9249594713031,0
13.67301702811117,11.808853337966774,117.83069049465979,286.86064686421815,2599.008976931319,74.413679534712,181.77739940896188,0
23.453402857140798,20.015793320917872,9.032826138949389,245.9079034997325,1989.9585167579032,73.50826070373967,388.36192765249126,0
5.240582977374303,25.384463226952526,43.86175995161473,73.43287189736644,2567.101981491403,392.41773976031044,80.94703382168555,0
49.20291231153201,32.69541138660023,193.58427738335507,171.9921328657254,642.5483578251395,142.23366237632536,126.10913460014427,0
49.66737232148422,15.822272348929653,261.3484624385243,107.58876976563695,3252.0767872495658,213.5381455190993,457.089392925518,0
22.495404632324203,34.24105784620351,265.2086472031611,21.349705444590036,1633.8727213646139,455.11945196048015,191.99952193563578,0
42.171347664400365,11.068863904828643,313.1303900664728,324.1877280355162,2358.4743744531966,442.5177264902879,9.712440616348461,0
14.99109120321413,45.33632607384011,12.09605625854521,24.661372842854597,1224.5003056366943,245.0267067744511,32.60466880152146,0
32.26160841954959,35.54174048051272,332.846124390079,163.90213197624536,359.7606512843112,111.71402330104135,359.12202454355986,0
35.67732409351052,26.0965994650861,213.23790263818924,48.324677065304016,778.359763949614,139.09744103170718,304.6702982178864,0
8.10083042858784,44.42118515622082,108.94473737551125,86.16461334608061,2187.5057544015135,181.2515363453103,240.72785125860585,0
27.30833572471627,22.68696688021442,182.14844338294017,300.4776482191003,3692.4432420024696,141.94510412520071,183.84259949833952,0
24.949419017381583,8.532186889873275,192.83986509787619,205.54544017229358,3720.056967379346,406.92771950237943,498.75052654280705,0
46.695997337879824,49.741040866301724,262.0430926388369,296.83242331221,1046.6735870830264,128.69578547085308,193.06935375907037,0
12.65174355716903,39.57369186335,44.119882052404776,69.64372684537693,1237.9509143419466,2.215826164017942,345.55670791397176,0
13.459939103888004,11.44098303348229,67.95678915426309,121.53839289206098,4002.3293168175023,439.9180229940455,389.699483086205,0
26.729323225590846,38.90572382197706,216.96509840294294,208.92846478077269,1384.6252552291887,416.8487220550746,408.6340255345019,0
10.801015614143298,24.883157511045333,137.96428400658425,357.08105959467764,2694.6584275095797,362.0449973691949,466.86614606003286,0
39.97804527483545,41.52720637081513,356.43765951506407,268.36551092163126,4091.915650896932,262.8340822922628,478.32861652952465,0
38.323529133791666,12.067008298049727,290.089461676409,129.35721089420915,835.2538454085702,313.0982393349477,25.994537968442366,0
21.33346367119097,26.907750924752943,244.9330995397908,59.61170020312947,2901.654674012322,169.71735331347222,302.89573825019266,0
36.62536547795612,30.63267601511309,135.23347121580284,245.04869902978237,3147.279510171449,493.7996296861142,136.55529385053111,0
6.9772752993132485,27.003210845749468,117.73793149681745,8.720088165109265,2879.015245628985,276.5236638331022,267.0841084456415,0
46.12742526283889,19.349546132055167,45.013543922734335,264.7197450466788,2791.391859943257,193.14049207791524,449.05452878274605,0
29.61171922723978,16.93734318777185,339.86229918575435,77.37179390383619,604.8942068275735,256.64900121843243,283.25679907512085,0
14.413080327417473,35.62086311900417,189.74320803464602,181.25482906083192,1752.327298956148,328.43119321518515,369.03995924559143,0
12.214052442323347,11.580047871249935,298.7220091338212,185.10184493266652,4776.86877179614,306.83946200869616,177.85095521284146,0
39.825849696128394,31.651839627379044,132.72192502290534,238.23692355880422,1568.559070669713,89.33189925551727,30.04328709225268,0
11.949487376178046,9.692886577411922,191.73265365279414,237.97349943061525,2689.60157029614,198.82537039447158,31.337260708325932,0
10.08677240556999,47.17865943364145,203.94070163403345,2.523514542259502,3808.9936959083934,490.59844169128894,272.03274942350896,0
7.700188039599723,12.17061436369821,207.25824317128138,68.47466475796286,1448.5117365998774,63.165280703349644,292.2588167254636,0
32.59759781103169,46.575446917781086,17.146690519189363,86.16826783086412,2373.3141713932396,168.2100560731708,477.54048128172883,0
44.5241342537131,35.19784137783127,117.03145813561096,37.610060132686975,2962.73635572332,125.76981503593898,71.38736836436188,0
43.19327150581396,36.311310489319645,275.5934539044067,354.67347437828226,4549.05935270966,422.58360141594017,244.0380567808816,0
38.29748338186537,41.16537501293948,349.33830792200905,199.33967736068587,1262.8765441297178,471.1179860571281,239.52739690341858,0
32.55023047815669,12.59737919323116,157.10030757573185,57.15816827928822,3494.231585707798,42.32370195219393,386.49273375118446,0
37.53726171281362,36.86390447031502,259.1793478246424,123.86177180412481,2241.626942307522,48.94315696098906,369.4818823554916,0
29.6172035816805,9.757187356093542,214.65605033956797,31.415194069903237,3353.7182829678454,314.61434201103935,322.8062782541434,0
42.42092846314493,38.95316693721511,200.64427302710484,103.65568137498781,4577.850706602589,213.95507362195477,491.6840242807653,0
42.049556448993464,29.613986679836287,319.3267936308565,304.2233893230224,2997.4405489336855,344.32185512712573,378.7287845566868,0
7.9301669844837805,31.81692590217311,233.49678691060763,274.19366065812335,1348.1979191798457,63.899949530043465,370.16269556059984,0
21.8464079666902,5.8397064612713185,178.90921078133155,244.35970949578234,3830.8720434027578,134.26883188670996,54.61661168803128,0
46.24458066971051,33.66056443724375,356.9150000733197,269.0047861917388,2790.393723009709,328.8329838338895,279.0298052344414,0
14.95547373039596,42.44296363249385,145.52114218898637,231.01387754069862,806.1254792049625,46.144372573777794,389.18882014603304,0
41.343407708319454,26.886422399969643,72.45093574887248,149.7780785891974,3774.42723368653,377.1773343332838,140.590793505025,0
45.03701091142657,38.97697584970667,351.4607461222432,81.82529514964244,2444.293498541369,258.4185656214176,196.9789767042079,0
25.81286082756631,46.34709925821423,52.880008123494385,227.0480875869062,2637.128442476084,59.247979419696065,165.0296985918766,0
5.372783376595966,20.762395213010798,87.55229392265744,231.75770752718938,993.9907714849084,394.01291324456696,307.4575711521182,0
27.45895761191995,20.84748913568071,82.07278852433916,70.61205245967656,1503.289934126108,185.82895858577092,255.8123521095376,0
38.418915291560715,34.024746382836796,281.93735631200764,137.8716993814626,105.12959083300994,140.10429316415934,162.38100427027467,0
8.917343272349758,33.507205058118615,324.42220075046964,284.7385588854851,2579.5188139598304,39.197427714848295,375.6422972242176,0
37.84785896479043,10.053806707078493,348.0798452379716,5.013485108379894,452.38532393430387,367.941700549087,174.10372620313186,0
38.507517326467884,21.741767400104504,7.7923050560123786,252.35853145524075,4089.454403741671,61.54327346872329,205.1081191560862,0
44.140669782112795,39.805297431196756,353.4272474930359,212.0321768774254,1873.5273187435673,410.0985355921455,141.87545643743448,0
13.407766619286518,31.308114422248998,146.11738245781402,71.61098084123023,690.4883132990653,148.50549769652076,432.49032969840914,0
34.5659846189869,13.425312539223635,343.50654283621463,49.89677456498933,4618.033846310654,222.94065166454502,477.7122371933844,0
34.560405315618524,21.999763421509616,30.499289327536175,315.06714262388124,2583.509044587711,26.07011039690005,234.97572380387916,0
31.14982902788192,28.54782080408998,130.14959380512414,91.1244992144272,1749.8863914025976,489.9117326114785,55.77332253352202,0
15.297788812666013,27.094186033048075,179.8980434519626,166.72168910894268,2913.9329107373806,77.54198110420518,213.00312340799726,0
42.283990658904635,36.12434320171037,117.22745275723614,225.15353375517162,4557.740203545858,56.13404834615243,439.45372117834506,0
37.75246736152705,11.808365819292096,344.68775620354256,107.75032002052973,2426.9409256696454,225.27226489773244,229.87438157407686,0
31.45395541047321,34.96635038884348,128.24003099508482,274.64432296981204,1785.441507632581,194.88290657754155,221.69633487107427,0
8.219312109109202,5.536026849642978,179.83816181825674,230.39878184537017,1505.927853304727,365.73233715997605,210.99023284920705,0
45.216741374097964,28.24154001523403,354.85299544793764,218.34984937307618,4297.559209092131,267.93016695761764,307.84535909524277,0
14.735433085184807,31.39067605789147,225.4047388285376,243.35108629139938,1714.6224905104505,276.67657219341163,268.10292532861683,0
16.463613670896663,36.82690770906841,48.46489168658404,285.4380329751148,4719.227852238142,293.50741631827634,70.47736760502538,0
17.33835050052312,7.628288744756929,5.1036250468749955,102.19198298739549,3836.848069446742,17.220982911546056,192.04438930858703,0
13.245536848808811,38.55765239603769,210.33084710267187,104.48702581956383,849.6302998825719,77.74166584099174,233.33521621453025,0
12.746370066889499,9.074467752743974,117.60551856615993,289.80839643945205,3118.5275744570067,223.41988345191749,413.80493954474434,0
11.0448790150364,21.50293145470073,307.8220832707398,191.198771725448,970.5881284905583,49.729445723860124,276.49253701558524,0
36.40484070592743,37.415347712434865,68.34147031020234,23.656648338766413,4156.557133296066,383.3953464692438,68.08921288080005,0
34.88680926893353,49.78694342674047,321.8382752610412,337.08642014399175,4773.562761904157,224.2230410994582,430.7523158781106,0
33.380005936180126,21.82332059478241,184.79983125815139,358.13182749160933,1118.1734606736634,246.083820724241,198.50640524312163,0
48.583649622943874,9.739691504973553,276.4434125546208,193.84356828484442,2267.6698464323467,414.51476702872566,446.0251599919672,0
39.97640473834897,10.40921196094985,308.22469023804257,334.50425261384237,1854.7925521969871,373.54743412733717,185.4898260952411,0
10.871801838225554,42.689095517873,6.305943323642258,132.39252936239953,1918.7673972123853,460.1776882961815,306.66741419929264,0
15.23815371923047,49.01828611806765,285.7696783067066,239.10784078353285,4739.32146158218,243.46954657169505,254.96984971583808,0
11.325412931491824,27.939515545663934,181.10864367800357,76.60874952883923,2697.1959323017636,236.46287958745188,77.31975483969083,0
19.33071550202034,26.842143448953088,167.76659020112123,99.74407644779207,2543.386766563201,214.07285412856191,450.4409862792193,0
45.39821362151149,36.03721873236518,42.33207848045912,269.4092838536264,628.3685385283561,323.0872619947054,266.1923683163002,0
27.74489937893622,23.663814490069672,274.55069580893155,93.99190186800169,4378.19737675929,138.9707689759964,482.3835867763508,0
49.520694099751395,46.282738336030434,130.47465699316666,281.63754843640254,1395.9046271023285,184.96609307771777,277.7953645621826,0
17.74849730009735,36.41855423989303,45.13967315542967,342.7001931908101,4162.226236133313,19.293553533869968,20.76914673829472,0
47.94849161638785,47.03625394455184,351.353964467695,49.293573226921794,2736.104232995659,454.9803665451865,295.1755815414714,0
11.923956890739015,27.70207696617594,5.696541746318551,227.51096833582562,4161.23942835132,144.44776912251695,240.21296720163255,0
44.65918931825661,36.44479532302924,6.035929544178558,248.7053893123167,4118.0104509580615,151.41360555903876,174.76862452741565,0
33.51423944425859,41.359183230957186,246.5020664371266,34.51787700703227,3811.242673423353,388.9721187983048,7.487386986543221,0
12.324661231035046,41.64667234254115,279.1415727817655,122.78823230995317,2927.476983963976,416.53558846226906,325.79233432675306,0
24.05812201133447,45.54746300030854,131.91678345456086,292.37302862414043,993.9162698365639,431.3750978218177,303.4634562008192,0
20.51984141278114,9.241589566943876,260.72791842076623,267.311818301588,3382.8363106116035,338.76854468553245,251.58024090244814,0
25.13279772989742,46.38771208023851,341.5113688493783,134.55634256170705,1495.8353958899577,177.70259080832952,245.04093801705667,0
10.69178910524981,22.627285926225433,306.9919306984363,193.17805163848993,3862.881864164519,106.36253216119873,331.26282800865636,0
7.521022459786204,43.947650792550405,77.01051703031463,42.396657699415655,493.9525825651917,341.32620254358176,227.12801784977472,0
11.781780885983006,26.237050773920753,118.51559024358384,343.75205649820333,120.38312073046872,260.4287757868379,142.88102584759815,0
24.533281237262,36.0398711090851,38.546048596416895,94.86319886262821,2880.5368728781023,232.7600543591613,67.89867556202562,0
6.304052200410224,46.39170152141755,2.76226888701828,294.6023413867329,2475.065147468804,256.5478532524943,8.930439590671247,0
35.35813738386054,25.41833274607934,39.696764520009566,117.47278183988256,2635.558438940758,451.31983522980397,496.1842112243558,0
30.88139706137918,35.074863029234805,80.97479724242122,120.82691363317862,2874.125523157715,81.73112508362279,98.30089061611946,0
28.731379600432454,35.28148004690921,210.22785864774633,10.758644200777695,1869.244074366977,63.08303249433095,127.40987359253802,0
20.402782944615353,25.958652450612338,64.21002599966988,154.2758422062429,2038.4390082470393,332.06072934277006,426.92244209561653,0
25.38521895798931,32.471705077696996,29.636577047615717,295.75107736011273,1122.8763695224998,136.52585158758617,91.03083376222088,0
25.494883273879736,42.75636134722716,317.21449132247915,258.46044159410457,1065.3222600883716,92.29108984802575,326.731914127845,0
42.76614733871079,13.290934920862231,119.8461848305099,135.38196290076695,3861.6429948730643,373.6173408306862,308.342054959564,0
16.952729040349006,25.37617439184869,222.43769203007912,178.72111713885104,4115.260016481756,339.19943997657305,321.1729702253895,0
47.33620399746938,25.87047026891086,10.954383929193018,146.2102297998349,4277.056552952421,69.55912473870191,135.66929542833682,0
25.78972806795175,49.686122928691375,86.29745392013876,339.2293318712605,1918.1849332790346,44.671056556438934,463.565671982455,0
42.04814066203458,32.90179616520955,315.3821798619548,130.88070822465295,2796.563812683228,344.546942453888,166.0064811114174,0
42.11142950953489,10.658537405899217,282.0368897690764,85.46947005194606,4872.24015782616,152.65189389159372,247.7250622230991,0
11.086949979481357,22.723701444632304,238.20433572779402,279.3381984453052,3984.809068619471,141.6964412860663,204.8529264662592,0
43.44980219493217,27.247509206604384,221.2195050604738,118.83872939510235,4301.016674741408,52.47051845562939,114.32985400579848,0
15.150474106788641,14.95081561946246,9.212553060023897,286.0689593848865,4418.267508224324,77.6000788018964,72.8681068915918,0
45.22387463792481,21.592598818148705,152.18226206295452,310.8276865009437,2167.434018571479,284.9185144012719,419.7438228953534,0
36.82807336146012,17.97711758267312,246.5538883916143,238.93895862797763,3621.6490800363886,421.48581382296874,406.2599550161344,0
47.9899022600624,33.61048704462317,240.1055467939618,141.04847377088726,2499.105584445876,162.0118432802755,388.34811868654657,0
7.126190613889381,30.547085596617098,313.3562445987178,232.3136804737712,3124.74970735418,477.5662259982559,192.4643332446509,0
10.986156874381217,30.357378818470554,132.77891229893942,341.11954503652333,1199.6465574537056,20.402546726711268,427.67508843646976,0
13.128701964693947,34.5939777428903,200.8760047929166,313.4602153253062,4003.7281423054155,273.7474025534859,141.35247094315372,0
18.36233647561025,42.03218584609719,33.27533940862761,111.61828172384935,2937.63832355861,284.4233670787152,411.5019099222379,0
20.614219694330874,45.845938857926285,141.8858531063765,174.27583869191,4044.745296336317,329.5228042183041,207.36997271950236,0
37.99704709152321,18.585128746017602,79.15372618145001,141.34897917604076,1717.0919765193103,34.101897677741746,28.33392565367282,0
29.486695975773753,22.172582651040347,337.5605555360426,275.6333352913604,3510.766181879805,157.70594016336935,457.9923009183004,0
31.792340145453927,44.92382267429761,359.4075350161287,347.4548478434689,4155.3587067518165,55.475452937588486,103.20993205853735,0
22.28227173376688,38.9462182149133,173.29338950841634,48.45570102538963,4518.969709735502,160.28320312624982,190.7463584965261,0
29.850278509306087,18.021325483381933,352.2983189655027,135.6063476752284,2076.0534641540335,176.636405896846,420.32223406471223,0
41.348272483339336,26.030175351519837,245.26334719143753,328.7257866435907,1446.2732138886715,270.43719078417917,68.76016457988825,0
18.393939991427665,40.33158262414535,10.497448176088145,143.0331481685254,2638.161952748015,281.83158684963064,149.11830335184246,0
27.695332319115625,47.2064804032403,267.7600262005663,287.02425696641257,1357.198341418309,36.41174153458937,463.0930501416177,0
43.953473894040016,48.57340559048227,217.89317746069494,226.63105402400555,2059.2876160955525,306.56308605977904,95.24576083887193,0
20.988371455767307,31.31416319070411,192.07305791564576,31.49422165732946,1708.9976347895315,37.25746493701021,176.64526543110182,0
16.5513854242115,29.72750616409879,166.99961748303437,323.53775877634104,3685.440970390625,20.046754571447167,390.2840211098866,0
27.63636465444675,22.76307556321755,201.0418896484882,278.89790289292597,2480.742124318765,273.4501171688327,26.05578157863908,0
30.286624260887244,45.5592776615424,128.94684599514054,308.990460741107,2045.1020884270104,499.22790033178876,159.0267787689646,0
40.16248545660891,17.38826642492276,279.97879363064897,189.90278326012856,787.8280393164227,305.24449569613756,448.26827852702786,0
23.416706187008387,11.302508444566488,141.29570947905094,152.7280591257464,1695.4994244328443,308.15879413938563,29.50898577448241,0
28.083725461026,34.9086100631515,144.24930406410328,247.5336353589301,3700.415881527759,100.79831680931444,272.32310815559566,0
40.75618801585908,20.123150864334406,335.81352725541433,116.57233276818903,2530.5564308329203,0.1302700709354121,245.0313825400915,0
23.469063120953017,48.45124740228526,26.95711225609744,70.32298204880334,3919.0463815794346,60.537268766390206,200.40904365310104,0
22.025821456980566,19.601306869941617,161.74656285519882,231.2577705197963,1337.1103678210884,162.4508543880674,35.59752912035757,0
20.26862786057842,31.06068686212425,230.83356235752342,42.58454080310993,4230.3635502295765,26.015026131170018,34.51286261812808,0
47.64462481149634,9.820024296849933,310.3692478137968,239.83777335510783,1311.634479510361,428.7741214282059,241.0310258696729,0
19.25590504119362,17.40751222056205,351.40294057344244,94.06574233741962,4441.554341050583,58.050883837628575,483.74719033785715,0
39.847099143270796,17.235025242067465,230.7700761373037,328.59741741866037,1466.760230741151,71.9951513856995,496.4311295414308,0
22.711342330402125,8.502075628380888,309.15167552612235,90.43627985144512,1399.578413720389,7.38983752590433,175.1144949067176,0
47.1898488042823,41.869553358419545,111.69154657940368,87.48488291330929,1750.4582292721561,262.059489822656,180.48554821049305,0
7.102133934273139,28.55182955605464,184.54538240414539,307.58692215333417,1418.205536386968,19.054131250482886,32.57451776504644,0
32.08606707459366,21.291499259213403,245.12706960812918,98.65955524812561,4300.457369737182,230.05870228931235,104.86904095422311,0
34.31607790219064,7.491666495330243,78.94315005377283,231.69477395476736,4233.515925900049,434.67311361950766,182.89059601316166,0
47.83160657652488,11.520630633910105,184.56259996183584,217.80056570071994,2558.3619403843722,183.01815048829184,499.0106941458254,0
16.407601674890422,9.778317420901695,242.39420772228777,90.96774093382176,1714.1505924924484,371.5664178800285,263.0209317795874,0
20.090143727324143,32.4991652612558,357.9422826967866,66.52409899943001,3433.728725610593,352.50479806181966,290.252991473062,0
20.213423945089897,48.652136470515636,356.7231675547322,101.11129802860704,857.1603341371169,46.054177153541545,377.215267814451,0
44.6018256646825,22.015882460327685,8.685155064155058,143.0029840101741,2382.1596683162525,126.72757882763041,270.02763229212445,0
29.932986775808455,24.209706091413132,30.492840038243884,128.75422801018323,1615.2965252690783,489.1690239692416,157.02487586681667,0
21.47318673971655,48.82318218912254,6.823727818759755,88.53178850781033,1930.389488816601,117.81426213112134,422.6096448333899,0
24.21001086292981,41.3614768365585,258.4569407418272,274.8950143924737,160.4937100757232,483.1585674326353,143.73732173312277,0
46.61988461202532,37.145455387159885,234.0054325224989,76.70914046594505,1183.4955767742774,443.30885596543294,283.8947138310892,0
33.17078086283932,16.92265913106268,279.6616937198801,139.37496817044786,280.09024506868536,449.8076039290869,253.67386191323527,0
10.515113706591876,20.945901587149073,64.88711319687486,43.195531326993205,3275.395823924569,29.46857503175654,59.16132707694399,0
24.2866905884557,22.446663120659522,312.1740790115622,143.21204675437937,3536.680500000684,137.6177967034586,45.92213621456859,0
13.514636696921523,25.271735345038994,95.55586721191858,253.91579019855402,2880.4241898688297,74.28451967858501,244.21243045772712,0
34.919567217727135,11.538816705572136,42.56370120660068,36.419656346539654,516.6396810716024,356.68467431269727,303.1542165890564,0
48.860146114932846,31.666374794756774,204.8674015739423,30.06279541009461,1445.2509734352795,365.51173701707484,224.4722973587992,0
32.248645994295295,11.63436834424569,33.20822670833231,71.77990889952814,3332.6425470821046,85.39364985671382,484.2149248477563,0
31.807707292340783,27.581447383736304,42.32535903461366,285.5093739281894,4333.46366918101,330.1133245485011,422.4972478101853,0
21.16820427685212,27.552110128978114,226.95218856493443,327.5044121433882,670.066209678869,353.78098991421643,393.48501708243504,0
9.294107616663714,41.895360391970605,250.34181931289524,351.7307746447536,3056.6037619195313,436.965581776886,345.9641337137467,0
43.4294789891453,7.573447481376952,209.96939794154338,131.40832899710637,137.79693152197223,162.1869622277946,36.33625314305466,0
36.07694672004547,36.68754184045222,15.111489629179475,99.29118666353023,4851.864240188565,87.10837642607893,212.26011970987275,0
24.623811877769324,26.10732711164225,280.7277567095005,2.069965713548294,4279.915234053183,32.94062082973465,252.53488741497583,0
46.32173161244535,48.40922481121166,181.92516018145866,288.14497579710473,4674.887583957623,346.5345161715028,3.463677038661239,0
24.473105431673694,9.574292540681668,247.82228441081972,297.352287227724,3037.617863012974,276.8543308666304,116.56792574803299,0
24.394933617167215,48.10250479375798,285.50507130305317,302.9220520502176,4849.743334507155,336.0939229064847,297.1591474595116,0
39.24082479642957,34.40420096690994,138.56631647326154,239.85711741582332,947.8877518287092,113.67442922113757,356.6990495136385,0
13.640836455035693,26.664759347239038,219.9996825772372,67.51032191794904,2813.4353054978565,2.385036458628198,389.45843141835456,0
9.19165161607037,43.796379883095675,45.33893037709978,93.43518613567667,4429.2474694968105,159.19591758852582,60.2892062864489,0
49.52500562901452,21.431033391154,119.92302041970147,30.103726399315786,527.1430772257881,279.661020464719,484.7760986791592,0
23.932917137742542,36.64392340306251,357.55132335307854,273.41924679625566,4813.204056004082,133.19465728363227,376.6894277654783,0
46.21449723615388,46.848608590449146,273.55969378205776,113.27018986452383,2590.889595945909,421.4936116065754,156.33439579624968,0
27.699207195388162,32.74253319820782,293.6358361385309,308.6794254260446,2169.2366316863454,160.95673980980564,253.91113125595916,0
31.704299301344136,48.57480581940839,40.876250523156145,191.37411673814725,992.9691068852815,326.3082632420617,468.7326190763252,0
14.115557389306911,6.046089516918745,142.04182109261558,316.4315381545189,1849.546782328857,141.1390402195662,120.53436662939387,0
44.41502808645428,6.749874856977923,239.12811930786816,309.0397625479813,2434.192780551162,138.53736418297436,89.34858856140853,0
48.3370734351298,9.678522778700192,345.5201929109985,49.7155535065551,4775.282501660937,405.10766826898873,306.7972111495693,0
19.628321739922953,22.71320550739453,94.25570021677022,214.94233802073688,1879.3696302905737,141.94690734728516,429.816695386939,0
49.939994171453414,18.23472729560245,254.29486548180483,190.38590696150067,4512.748425844899,238.03342287316758,340.2038902875746,0
20.990924247722393,31.67312741324457,187.10457296831189,248.4090644959516,952.8882678034151,469.0827450409327,110.71092315399228,0
17.105952438301664,35.017699859026045,68.44162772871894,137.2340033872854,4645.578165111363,379.6010299215571,50.91262836916566,0
21.274213377011186,13.625170680510644,175.41089724932658,216.79289956971138,1702.9785680588836,392.9171336396811,265.8130156814542,0
7.861621261394807,26.10957750748879,312.3298106615219,192.72154633634977,3424.8664029402817,303.1539520874505,490.3449951442651,0
26.265395590352938,30.53728733615886,277.21403357155134,202.31691668779953,2970.095020725474,86.25173801577036,348.3283041080217,0
6.894914573377993,37.06653989325513,234.31916807535754,40.306156570740114,4333.483104004585,68.77518389544541,240.88807897869984,0
7.672503269836,41.07810600542086,98.10251137877108,4.83230609733444,705.7999648872055,279.47175659889007,31.502431941692,0
14.611147871324883,26.67373291662169,331.7535912394016,166.6181144645008,807.1511709243415,46.47335597637253,331.2834839464594,0
24.44827447219509,38.543407070634665,194.41167235561815,218.11354108601316,199.45638159370358,222.07282781616922,133.8813930589251,0
47.15399368616769,46.411751400979774,143.3998204534978,99.73091028717259,2791.7164237544325,331.3783500448928,123.1053646713583,0
42.41452323679248,7.740271640974679,0.8295918962555238,207.02364073012757,4695.295441044543,26.879223685490228,103.23107571292466,0
22.882425268561285,13.528314274198229,99.37363376284654,144.45875136513152,2321.5740166503347,349.64659127069143,318.1738113148985,0
12.053082093393545,19.187048005643167,237.01994590479734,287.45162697692166,444.9590738165062,463.5437954489855,64.65764532957269,0
14.756170467954782,33.80487535236911,173.96712362966144,276.7321042543547,2618.598832878192,176.48687138566015,248.81292196357367,0
34.399800032777776,20.265206758496497,38.74720728393146,268.0185863114151,464.94751666110017,240.7794211408671,429.3933030366692,0
15.935580095486577,24.777331953689643,127.57815092306555,18.177879634539543,1670.9964528500757,360.0719494652732,75.90609052855119,0
45.84284822697427,44.80599993773442,122.0971321927436,232.17741382815515,4645.222903240345,103.73840370906157,69.95207437792978,0
40.850826367249944,44.31371565975975,219.56816680648848,181.23694336107692,3204.1047430740537,136.9314179177009,304.7022327632787,0
22.934195457779836,25.554090192746283,343.4506815313657,66.63153009904049,1769.098778427973,206.27641256550865,150.4669498322968,0
49.5057090840021,38.505786233777485,342.21060712158425,223.78458635386843,1346.3874701649518,177.69411524775953,131.1463324157489,0
32.08495941558249,8.905484086743584,250.48894378261036,128.1024985320715,4054.520000243449,88.37100534076315,344.74620023458965,0
24.537786349642264,46.20627777865194,15.445738057599062,309.2842535535291,1847.8776850657284,292.65706963149665,64.33913832058296,0
29.536907618337192,31.964441387244463,178.09671267685113,112.87066576712718,4819.077183681701,446.2366521284229,190.88912289128558,0
7.805220046661028,22.62169823558622,21.88291984143293,7.865859395768595,1931.6646206782366,390.6176645977225,398.09848765213883,0
17.708273951531268,39.262347524363584,139.6006754736413,353.9979979956988,3899.2731193301465,376.55416352723495,448.92622392036,0
24.33044818783014,14.983583167187764,196.6110284299481,87.55236208649461,1349.5694874813548,435.4387661359074,315.93806554728224,0
41.43190193066101,16.49518048234769,169.84882367426164,287.0845846228014,2227.551492400969,207.49069019922467,475.03634323596617,0
35.41093250347483,47.02237666223169,322.8224425500005,268.5113741651939,3118.819788913945,408.5128681278218,356.50909759119713,0
8.887069798550135,21.874455994714225,327.49506467344327,287.9197231009874,1819.3503630203545,0.4440257509194523,401.99364114585404,0
34.982668281910335,23.222751701093728,328.8188881244826,203.29472580274606,700.4445453608149,40.51559451634606,287.24328803849676,0
49.337195982454205,44.71296079492739,317.564167908449,165.0534513517937,837.9075764846502,51.90123783799494,377.10894746466727,0
41.63559819735323,39.05931298618575,25.853915373215372,203.5559198303942,1349.9747991126658,460.9987495604099,69.27189603654243,0
10.37865432943039,27.499654908725393,188.23468522416104,308.29057391720187,3131.557473163567,197.29182739567702,316.7030767108151,0
35.43510766732996,9.112616725554535,264.34426276209837,305.60340066852444,3999.693082859562,413.9171888674517,384.7509551722067,0
49.867864964679626,33.638274939849595,351.8613695914498,338.97109132169606,4862.509951705463,30.25392845636382,28.181947712942524,0
17.035237153655352,16.716353222609094,251.0575483362973,100.20424962226164,2184.5735468083276,161.55564891259738,23.011641106127524,0
42.73760406812564,25.33533025500367,66.98459599508905,132.70719646082838,759.8632988784431,129.49890570042928,49.63362453017783,0
25.577132013082387,14.602460892197001,315.1804402110429,98.85874548957159,1484.8281698182868,295.9494050222517,70.99141281411065,0
14.571829433368805,29.994786396055467,300.40557625557,7.172859308206574,2718.23393720359,494.6768491432385,62.53482443654129,0
28.933476420849477,27.90254852956117,213.56803734724863,340.8706917732565,4279.152485761725,66.53302272277062,353.78397867960575,0
13.103296592647458,43.6342327387779,178.52799763507375,177.98345827016968,2210.1225208490528,76.76948082654306,470.66329666437076,0
13.881100943153065,31.98826266390445,66.50462857387953,281.57952808989194,1139.030117238317,294.3704737385732,221.4438903654416,0
10.522328257762426,32.14246556934076,201.93377113717256,70.45641328056563,1664.8995074672825,111.86332477080984,344.37720614279533,0
27.881472210849665,19.192746768829032,47.05174551475621,287.00573240248076,1561.979670079769,293.2380733437476,212.57755794804683,0
49.12746930127614,32.99268921897347,342.5661790538193,318.71599195733387,4816.591655617483,424.3793647383001,481.2591732294956,0
45.88079538822049,36.71521294932268,24.082655528436824,314.18030480307556,4805.977857257012,170.5921673539701,104.37116715194567,0
33.676678696093504,13.551232266919268,0.8055143018897137,187.77739492841937,1355.4570938113206,68.06652726866224,389.2641403845431,0
7.328974064651266,15.20211742043377,260.0889650768399,2.6154012471166377,3113.5805295043874,484.5762785119248,152.13442096059708,0
5.583354334020887,45.02195855168551,341.82738404245606,84.64438577930851,4157.666183963112,134.76451204223937,154.32772974270102,0
9.197769557661793,40.33395092701956,254.4001182487479,248.77994849549137,2295.5989497844944,7.442938285572631,133.02446109930887,0
6.052230840905269,21.940393577523547,228.88043210873886,171.39580920276526,3690.817808223126,488.3881552908508,78.48781426143763,0
46.0857806942939,5.36838727288287,178.8353512158567,28.90928223634923,3501.0494278395554,400.462792144833,150.7863208422539,0
15.576691042271161,45.58615810367723,201.4742894472325,272.1371803785942,660.9407478607479,329.89671614715786,488.6938116983352,0
30.32130296790358,21.249467767110282,108.86194029145531,347.21920096748363,412.2071609302306,46.28536863165422,370.6165360172676,0
39.06495979485235,45.36717089507368,327.2711168080903,70.1731612402516,1718.472517954674,214.40584971640587,301.95446397497324,0
41.73255739684263,20.391197256538813,264.0913472924318,135.66881129864217,3137.4984784669828,372.8790788376126,310.15971498643074,0
16.737305383489662,44.9042396116905,142.21921316557413,249.52444094657116,2322.7388685188703,17.87977396013496,133.9017990703988,0
35.239782831781405,48.99079667091775,306.2452569963517,28.953997907647345,4210.37227203017,276.5881500490219,89.43519527559579,0
31.960970274224586,9.72273750028698,48.99192322945146,281.22152494396613,4081.054708850225,280.4073350474087,493.2464123007413,0
26.66405843228798,28.465331381899574,116.94308816774827,126.18903712397713,2226.545490203682,111.80032988358674,494.5691609679974,0
26.000722189955223,16.11341767598518,281.7492478624264,267.35130444096393,1091.5210917602103,358.9036031519293,135.86225218432918,0
34.7853381610316,46.604850345945394,103.44393169485645,293.9874409514085,1481.0969952016392,167.55230023567395,219.67012979462652,0
17.92425382100378,30.783185220573873,287.9981877737488,60.71284802938205,2992.4637191628176,69.79396296014895,36.761114565820485,0
42.15109758784852,11.102732789387801,259.3357698797594,319.5502789170234,1245.920681665878,384.6612028799211,154.41357524038185,0
17.100367037269177,27.49333931688115,113.30803367553413,352.72673738227303,4115.743932188458,54.09210710972939,289.5966489641468,0
39.1544932543553,7.69255577628441,20.20789084171488,318.7964957789605,3365.703301205975,409.84322994335315,97.53494584413225,0
36.62748383759394,29.260782546086705,58.04325247504255,7.12978587477016,4004.70080824909,282.94229696765177,429.5053320747259,0
10.178573190593639,20.340938462143967,2.7468709218766207,14.147883268602492,2588.5308070918086,360.4151989473941,378.2016028095729,0
8.95434587435551,19.257879070893217,273.3758367759764,282.1303092409863,1202.6740949386938,110.58249238588886,276.7742559593396,0
23.39439048279755,47.1944818713813,4.605189543015196,203.17210638003087,725.0176277647888,166.5944328184058,419.89171889660497,0
40.70486861793498,21.03968823791794,145.32629988401808,9.277404355378845,1173.6528424402834,12.115712824340651,145.52798861190652,0
44.38366748521569,24.7181782044069,13.13134578739537,1.3339266999813315,1756.9356060747357,366.9325077676683,22.52004980178146,0
31.833164763963623,35.365020282779184,268.3454838006552,226.48064422693557,2989.5339485326813,295.6740756183131,195.33483952588736,0
21.665713006147357,48.73323617923443,11.793680026057105,235.26386891442405,234.43443481031957,456.0052581009639,192.74057208961594,0
44.1131728161268,48.1711505134492,108.1203981716244,47.09818038736416,3395.396555705958,381.1119956862361,265.47029610370805,0
17.45504175080658,23.894154077990308,147.6891919884621,199.84152418353463,4848.749350871107,363.68954143842643,101.63286811545252,0
8.002131336760135,46.77854868993794,211.58733555325222,259.2302246064011,3715.31949790563,152.7255167929673,245.91092689407944,0
6.944446201498655,16.56346659476459,225.02695014031696,171.64188661313983,1882.4170282402479,415.59236592014446,488.53890371185355,0
7.7474520798677515,36.19597315731722,44.59227128031738,268.5852372241764,1825.9616762688759,410.35147066206576,196.05428551127667,0
46.63467797276103,10.347120734329401,287.39683506743984,358.9217536974035,2083.169430884989,427.47796992124626,1.7427842566794527,0
36.37263904363683,23.313624381545015,160.69991985037552,108.89297470205845,4484.798101063169,186.15705985144982,20.4737741658248,0
21.052409286863156,34.013651240054685,52.150937181854,311.11835739016493,3238.2155304816315,26.825023461969522,265.38552418011864,0
25.626786686776185,27.410382442926704,45.29089324642473,198.9995076236013,2711.8732895712797,60.97398936908627,382.52439163876653,0
24.911706523087965,37.081191185730546,121.92378265301714,93.23434822271602,4896.408814387487,299.4988671505763,84.24369900677942,0
13.493155558266732,14.94081020684039,5.265989435316758,356.41963640591183,3458.3409446889555,458.0864074105879,74.91717350560423,0
28.295900006917005,31.858590389443048,11.617202577973963,246.758050634109,3333.038268608793,147.47559566980712,147.2928960754178,0
38.730971965871575,26.8862209867405,261.3670051674047,125.76882690659367,2913.444419498223,232.21475979799732,279.2351352063125,0
40.873107465108994,18.835687580388704,162.09134896467134,270.4490455119376,2565.4243478549274,127.12618583180173,72.46775811785582,0
26.890490092834785,8.118169353338072,155.89333752346855,100.38939821832015,3062.0307694768426,217.05841854952186,201.9345951693034,0
22.29823424906107,28.334826030451246,89.9797967156064,88.39523087645475,2054.8139153632774,384.77948547764055,152.48849093068128,0
38.1196643659215,41.77688942881028,2.3449360638590333,323.9657973484859,1350.9834374857685,432.6560565922864,146.49380583388682,0
18.554435579803812,30.815347507058387,105.8040186909329,335.5447196568339,1444.1047903657593,343.63896341642476,70.56804734364208,0
25.46447969055394,35.43821440922224,7.207755346011431,14.826844616141353,277.762178693127,192.87617383821387,271.27340351444417,0
5.695846557336638,29.051926926913126,315.5537978637334,141.54790076655107,2915.060706049652,99.95407459495186,9.013485441102475,0
10.925065040950862,39.53163687797491,116.75695109553364,29.98817777510961,2446.775313206979,437.988430281825,209.44628569354913,0
27.328638093314954,43.37324953013184,164.11687872842856,137.56053576789978,425.06845230626055,410.1415446726582,494.467401413967,0
9.947362464132953,16.493982146318146,109.63524281582399,58.160894697582464,968.8969853572289,364.75859080482104,430.18727099036266,0
29.83451007328741,43.43832625034434,90.96462182799722,63.61989440577628,1006.7201790499588,266.89903886563906,338.9128782594239,0
42.19198535720559,8.872249460039491,130.54697408827295,17.39358477696305,2085.3786501627237,464.33658716384844,28.96772746523524,0
19.673575135450466,43.131104475383516,158.16154032724396,25.031800980509153,3954.489571492693,427.2605770526967,139.02651162008962,0
23.414553927653895,22.829395945420544,66.74505319785784,73.02783636479725,3165.9614606337627,491.0388922667733,306.804403141056,0
31.729710961288237,13.965082125840636,33.333328666255994,89.31684824138577,1428.1549369237866,440.817076891305,5.9668115415632546,0
10.125557819419662,34.73890873092674,92.49576084469389,67.31578448383767,3982.544595879763,70.76158342653038,473.44449162397444,0
14.84315178577334,43.10164436318908,77.1021076028912,69.58832398649372,162.5742482181643,250.47169898466336,178.75184468392735,0
32.78543147313536,32.246375928538484,216.62696602818545,231.42809451875064,3562.8215834605094,75.84160685154085,274.46067390034267,0
21.38793161663349,43.0145122534034,322.4199465826395,241.97471607067544,4267.200136540192,422.55272714632264,141.64281829107344,0
44.08136822435457,39.48359640462017,194.3483677249804,268.47952174471743,2525.7120906730497,468.9025020145519,202.60115175242137,0
46.891937068907644,7.179048935936114,61.390258402042065,58.83371143890268,4365.353660050811,488.1868141933266,199.21978780020578,0
16.637391636406907,12.151711776892956,45.329692075484914,274.6594598497243,1645.3286894368273,99.73778676922373,138.98395601392076,0
28.615146687470254,45.30251653114867,203.61589523378646,325.1920497311692,1016.0663505682728,248.29659043621805,66.16490095849181,0
33.75658239541798,28.677859184053805,350.88204715987035,272.453511904553,2628.4653548582764,275.87228682768176,57.41120907973618,0
26.426021762740387,47.86671545000759,216.06498680773197,157.51101804544345,2265.433743348481,427.8041520890301,282.38984888442263,0
38.988735210603735,22.74726181078335,317.88064737365266,4.711374253701117,2452.9200596759506,360.52494277630433,102.70266021740282,0
37.13824614001311,42.613118611100724,163.0999905367646,142.53115440552003,1578.000726420161,105.66246277452352,251.6706008433453,0
27.857667141001443,34.760817131129556,232.24891748635312,56.71392237013271,4169.9046459264755,374.5956378023449,89.76589811059377,0
9.275778250841196,27.34085417720248,303.5778296115543,274.81038134770245,4216.924703815695,191.50210663190893,460.9969371496861,0
30.295817360172776,31.493203230581347,299.0372036009883,333.915238379653,880.2228953830296,231.43601965615645,380.0385251606712,0
46.51904094762326,7.515350722607391,339.49728800077594,211.83582389135645,287.08651731554943,188.1734043437434,142.24672438426106,0
36.164547946689524,36.026049161632855,160.5477234068864,200.39856194983216,4760.724019206969,299.5201324480023,482.1042538926082,0
49.42768353213986,33.887159469204065,253.8075814723582,239.95513891058252,3528.160400108563,211.65036232141492,136.40302515406145,0
40.82838849249503,17.70132565273287,154.06727148052448,345.7050963191875,4173.822045505047,20.75856024812972,223.6264915005795,0
24.412436588166,17.64069309333875,282.9282804044638,111.76257240235267,1451.425734367443,382.5298234760899,44.60708756360282,0
12.64927634668563,10.053293533967341,247.76834866989404,152.59668136110415,4983.71848965302,215.071570735428,60.247828960139024,0
42.513035858291296,49.35367562030474,187.41060494215353,318.83034230338205,1419.2742245022355,469.7279531211184,201.4831566259477,0
39.01325422879762,6.462219467858417,54.609114785159775,76.86665192120338,1716.0796932250082,404.0114471911999,31.423134961351128,0
48.596833837954556,23.903828629180527,193.98321290975943,298.46087308597544,3231.1290439851305,447.0722564262818,249.25906143446892,0
43.800053827087105,6.91970291635403,54.68614328440405,182.07379562853953,1984.9613404737545,154.19411900113644,176.89967661922523,0
39.12328509921448,33.17312398112811,22.10233559149982,243.46065036878878,3827.3465799100745,301.50382745555623,165.15186283596162,0
8.641188568804468,11.780779634668392,76.28494967549244,13.139167160264297,4141.594788529643,297.61418902603856,101.6986710931087,0
28.534157679251624,17.27653643343126,41.967390615636035,198.73094050556512,806.9995143413823,75.15990110606042,70.03022057003433,0
49.957746440061975,8.398831854141484,228.0710058136438,219.60673602569346,4931.289648279103,14.20167526611127,3.3434823710560835,0
5.261485259496757,27.103210967926486,294.12070124636773,144.36528277636629,4422.763041914884,26.563343692866116,272.4847614776427,0
10.858864769903118,7.712360379908741,253.39412743455964,331.18509803009283,1444.899196837497,260.2552949084877,139.86908666869647,0
10.561062610917826,36.11014782962995,68.30243407259472,178.86466583417555,1535.8031467667752,128.6026346501448,131.8957563264081,0
29.874721499398238,45.19536293038444,109.30341751157914,0.9931779879072833,3360.9514906678783,55.60416769337684,19.376252808113005,0
28.76677281742448,24.306754242039634,347.93527658762196,253.79211438321127,342.20201990960953,10.301142571836507,28.16812862861434,0
38.30779363824095,43.88759513048545,358.5310418410192,58.67177323582284,385.8504182025317,437.5627254765384,469.425691477899,0
43.25286301811965,26.458111362453007,323.4588248220037,172.31719871295036,1632.698044430378,4.642771102144005,473.50634302470604,0
27.509495665394553,39.34836332249037,322.95465024681135,11.676694883060087,2280.853946758525,89.26438592235081,399.7410652658509,0
12.663938949175943,27.012484826170507,157.91363140245738,126.98274607598162,4803.867620082089,99.96812704235609,26.483423499062464,0
9.146512389986682,18.35290247241475,269.4848861542895,161.70128338509278,1506.6117888998044,184.08229483491328,257.80183139525724,0
23.64877954583951,38.97423411350602,202.29682787653235,137.04441641075277,934.8508884416566,41.18392548213645,307.55992571626894,0
26.266714042417977,21.65883105135493,186.5192223582635,280.7533557220661,4635.0654443357325,106.32514798466575,348.1957553482027,0
6.028724182850676,34.17289534620656,112.886745327404,311.42115094362464,636.1977829787716,36.639849804655455,104.79890879451787,0
8.165604563406452,37.50832794285881,9.225920410023761,59.86160192295375,1002.2365595876552,22.065004551731327,332.5446634859513,0
14.89619506614367,19.32335730613254,306.8429944045348,145.4026099184611,4400.473976353268,77.57430675615856,392.8719811451068,0
32.47390348137158,34.9856637502824,312.79838295008494,119.72188131666823,1595.6249771990015,458.9182109178725,375.16497922410576,0
12.637384579564326,27.176190080235603,168.7318770403307,282.82423755277887,4918.191140686069,441.4333931956741,362.366339753482,0
48.24301343210641,47.48209935071806,122.4893926102215,225.8141320695525,4232.875323531198,428.77295549017543,221.17072031980283,0
10.854574666629784,11.950064593734258,144.81448668210857,290.4489286807884,1961.660484397518,469.38341936002416,176.9357497326419,0
33.455111205329175,6.014533834601222,79.04863089823198,252.59904395721023,1599.7820987333096,33.474703406504105,17.777999052499606,0
15.928273658776439,32.10853818087587,328.61520848367564,189.10695500329928,810.5327612960447,30.45220494398182,68.26802774278379,0
8.10941389852007,30.876919178319397,182.1524692841054,56.0229288270274,4925.121732659449,356.68545870494046,7.283019373619304,0
31.695602526391443,21.14339483253585,353.0133076838193,144.33015638392195,833.2172397995544,56.56313804336166,264.76574641081856,0
12.941148790403403,12.545625381197311,345.1596602602923,28.49584644192913,3214.5123479378904,56.223530028469305,387.9840067439094,0
32.389668245588,19.15766033757425,261.7461679497585,154.6604698859921,245.97336273690044,471.1969899775923,228.736833257498,0
12.774064682418581,15.448608437333911,59.02879052386746,163.97723136977228,4393.237772915354,413.62560719037833,310.44919831404326,0
39.68201910920254,39.69579290888761,268.06713261570553,73.58655753780354,1292.963449903291,109.46980568915198,174.61395728176853,0
5.098687460794048,20.15135429690237,253.14029972743214,345.94233661576186,4249.963300524333,318.3697614082674,45.39815010184245,0
8.969263631739413,26.420297248031968,52.02534937914511,355.1431557814896,556.8227151810792,105.74343402474184,490.7479771373157,0
26.7691383087681,35.10515254593386,283.18176174186215,157.6496388161793,2582.303879345245,495.50663461956697,89.10567342322845,0
37.620591319204266,35.07694474036603,112.75808440393297,238.5418978066032,3489.092467177481,134.3542878003311,268.3256527611036,0
41.07007301762555,26.478352165264806,153.29064746787427,249.81207641467356,3315.346433329846,268.595832250466,36.44557967209544,0
13.738331174892389,27.933385134329157,198.46784915340785,332.38453930923674,936.0768913924446,0.7414691497575343,9.098696322614785,0
45.66235316800248,19.891454851454323,247.29528222655162,234.6250763033173,1708.3719572401587,362.9154529370235,425.27007878397086,0
9.999465960152083,14.985438721209308,220.63444374433914,321.3465418305909,1628.794772058998,249.12130905242535,78.09867238644003,0
47.911855468405435,24.707605429695395,34.88154028394084,139.2752545744703,4982.925105467159,56.6155266039482,358.9345394830394,0
6.020767412745883,43.198135750422054,23.171555569084255,307.0863777817774,3391.2178176632506,465.72922098047286,91.2039515108145,0
17.444988281305495,10.050408724794494,305.556024967013,334.0423982735375,848.6229466422024,315.4945866310877,207.19346164145463,0
36.42753996682223,28.35651015088507,211.82042604544435,32.93151223103202,2022.5105516842268,469.796098072364,234.32614947559205,0
28.106294884778258,41.41623642365921,223.81645304884702,42.494566207951614,3614.287881014876,3.5208189009107715,280.38381296833967,0
14.102127707722529,26.696508797333518,264.14645988277056,57.93401373814075,2439.4829724279434,377.96801675236196,29.40631524428905,0
36.27971839142886,12.679069390163637,266.3422420777675,239.6355158160111,2293.7202182868223,69.96291721182313,341.5191075545062,0
26.08984013610578,37.215824106538314,225.6777237013078,85.27725970123119,1685.9431424121576,235.4192848476468,372.7453910119877,0
32.81230420923757,49.08029278075215,105.39457021142381,86.71846243380782,3156.678108509906,484.5713612104116,344.10439440948016,0
20.882568571441766,37.8462512120908,76.06809426791645,65.80685237223744,4550.67722258604,327.3258172750128,108.66148612827942,0
24.991905188084182,33.310725170714754,131.33747936239348,62.401372537518604,2414.185488982717,140.82700270001587,97.16522318198945,0
48.1621003373975,49.17199232607323,234.2213999442947,332.8323319161132,2915.622597387155,300.8348432782646,399.2365351889793,0
8.928090492642639,42.059358335727595,88.87788502557999,315.7646994046817,4838.557680319506,72.73860127565851,54.39409876569734,0
45.348660711640065,11.904514936579453,265.15626725872215,318.66000014380006,4382.857773332421,240.07386755782474,161.40352191601897,0
33.50609792063021,10.394548805553768,281.25321265539986,326.3157337494845,2017.258983733848,65.92771426316901,219.77325127326696,0
34.71431986079118,5.6625397335763425,34.18401272775022,110.54782988395448,1349.1299967899527,51.94945954571845,32.84779106694757,0
35.381400329175,34.53522862986998,207.5391369169543,318.8095113384093,2328.2105380141206,382.01513927029856,154.2675674749597,0
31.338755042439878,41.470115590760635,359.96692450672197,7.517019352394931,2316.879012606846,170.92437107477886,149.1536306190508,0
22.03767218976614,39.21452090251354,136.2426352833309,330.9535566616412,322.66890788798673,324.47132569418983,85.67714057082149,0
35.14257036259953,44.628164113799386,64.59067294275737,93.5489762646029,1285.303534779281,242.1363505480084,250.36472263320337,0
8.95517950374377,14.29800235226936,353.8318111255541,85.95598889772074,2663.5843455321487,147.74892828818736,385.4567772722694,0
29.79205294084141,29.390102321654716,94.3994464022465,226.42463267328912,4423.259579884406,482.4968499155308,199.08507370290735,0
30.216944325654914,32.99003629016539,176.1228063306904,317.4693000745324,3382.166471577797,441.93914849309283,446.7201451883921,0
23.3984016416398,41.24224874805244,321.28017602746496,306.61523381789465,4044.0451299871097,342.97347857594,90.37098734201277,0
15.366558641517555,12.400262663142394,16.572158162817416,217.7047015691304,1624.1785707405995,380.31131285956127,276.82462501073917,0
37.95455782559831,16.377670815228562,18.1436839920667,334.6175850209737,1093.5522878478355,254.26611730574123,19.034979309328904,0
7.95416218512953,44.19801905490442,318.7207941192363,28.397330530110825,3549.6597535468195,423.00049766238317,212.67430965633443,0
32.87200173055615,38.37070643504532,108.59385849451378,316.22036406275026,1509.608896566011,466.9180902343372,335.7846537633974,0
45.51545202207168,5.0909315673514435,73.34306473756942,1.5707448308823446,2795.8850565920898,337.6648403044241,390.75782497291186,0
15.029438280118962,15.952729864666496,268.0198704624984,251.54784429421008,4551.496891399334,231.77306538494986,475.5580261540555,0
7.4087267651651265,11.461824976530764,32.265369587589596,334.8182339655335,253.005344824662,457.12163293928813,219.7724846277047,0
14.432888618471273,12.038455365989815,187.9994096169789,228.21877516549773,4910.214471159864,12.562477940247396,490.90541719096154,0
41.31757938787905,44.236540011902186,5.952253615504581,209.61862896467477,1066.9090623374732,177.66090534881812,407.1731415919468,0
13.249623343492567,19.195173480949045,59.82424700759377,202.101911160967,1956.0420563124926,55.52365205374299,27.00553714336129,0
17.053376270467343,28.654609115839484,100.28075794816556,164.1524847275931,2273.726868535789,268.63105298569616,26.71209101482741,0
10.724153217951145,27.2463827291083,85.10862009379568,55.73048135103918,3631.116891337566,487.88293577864374,330.3703401808676,0
9.00648210385876,16.568403040579366,176.5920287832708,69.64685380126184,3606.6292059666,279.451437296043,93.20887001241468,0
9.174717531943893,19.84544593346601,229.99116181522226,71.36262009736694,2110.2814002648893,362.17366985898553,238.2944185162202,0
13.556534997194603,33.22426253112508,338.5384883016666,22.81977941579184,2193.6029860545173,180.8214682253107,397.458083547748,0
5.9621137885857065,5.6925527455606595,189.52396340417243,204.79985396818128,3053.44198130335,198.35044092305222,377.3567255420084,0
44.60447005191241,23.215272885348085,225.62210616284688,157.41803803248106,3286.8957192287535,188.38865454669173,241.54191962482747,0
17.951666467283765,31.426596902003403,292.3862231353663,12.294760291784893,2715.291463723543,214.60255875520068,228.59226423258687,0
42.95235536334915,49.46346457096208,192.30911597009148,267.3381995157967,1938.9349832110568,177.68533284154893,67.91835353006437,0
20.718831020472862,34.6616355871364,96.75213211657575,214.63664291512504,4109.671889270174,407.2942440777611,220.506469055061,0
47.957087291702805,18.58663184590225,69.54576822905098,168.49747050395405,2546.2617090872427,436.76487733908795,55.127706485610275,0
37.19852692704432,39.7085716488289,101.1811020550325,346.58234852636286,3999.921129902572,36.698958847552866,402.67336287356835,0
43.020175775073525,32.043005512767266,141.2234805169324,108.63689140500207,4783.446017796099,296.5052212910478,407.77277290526115,0
48.96398659678954,12.641637141650811,255.3259281552596,24.816112603913737,1221.0218159045628,332.09469325450135,401.85409113354683,0
37.67746115876452,47.60001045670639,290.9247120719647,123.85130574444395,1036.3262994966221,215.96604068162685,67.6731008893942,0
43.29282269094522,30.168163640925552,196.04042071752403,207.5701777064334,2407.0939003903068,499.6912052253988,389.36572554507137,0
25.697341124530556,13.116289662487448,97.22149214915314,305.4043586127648,100.37236060981692,462.5259029582177,305.0720261389252,0
24.236947067754055,33.782640500525105,349.1892893429947,15.944076181185016,2628.2614956175985,7.495088205816403,55.220907118682604,0
12.319648290100954,42.115881042777254,5.295450830796891,20.5308618853431,2302.6899879024554,361.1190613935857,235.94696227017974,0
18.36541067031026,17.404123119382128,164.07757737501188,170.74530486572647,2696.970861355573,175.2162004275226,435.77247275885827,0
36.36939972551029,46.97231103046195,246.06234584024642,342.56032633498904,4702.654319948045,160.0115330127929,219.50319118878468,0
35.456415261151115,43.668829276341974,106.26456444240134,15.078941497577638,1523.9582603237457,292.8734451906933,286.088060743713,0
34.93212868802534,39.56035342722812,113.22429055025916,85.1310032687804,1910.4524855292582,136.6578378729667,148.77695721255745,0
37.12356531788366,39.04166974486651,2.848799536269584,161.98020194715644,288.9492755464786,414.54555087735616,17.456774983049318,0
35.514161146973194,8.682825856892144,142.13181025859782,0.29686811970370375,2228.233469601357,481.9799362502995,63.46733434970597,0
46.08054070294508,15.166912056330233,304.0547378027328,142.98480616492793,2759.98687591649,380.81253222534605,443.2323964008011,0
48.45455822138385,29.125464014342878,81.48240702623566,41.798108316121954,483.4619407499811,387.46549962914344,48.52662998527929,0
28.18599032081431,34.36981539067105,101.44506792837757,76.97638242932574,3005.130688474727,31.10248085557643,403.71565710999033,0
17.120738424476404,36.69576077041221,253.30140542699138,325.7757054918254,2656.9847172750233,20.72830685359106,100.65438328080423,0
28.438449408588642,47.85965418790743,110.11779304312586,101.6661160959254,1207.8003603288278,291.6520282527846,240.61758135397898,0
38.10930765686075,26.9015370806083,59.19864983207416,329.6655135409758,4484.484379730673,172.85752607762538,448.83514975931087,0
16.397765780055785,24.023188920661184,214.1542035440899,159.39670728823157,315.87395487556194,461.3994723844916,116.21728199571207,0
36.063372701581315,15.694877316247764,152.14650168801327,115.30182216120605,3879.47309421968,67.91523256441006,127.99497684271432,0
36.10661426378069,27.570185735969474,45.4437068963269,85.90482710141282,3840.5966333014435,288.2720220908978,139.06648001552063,0
40.424435798960936,9.90080056362318,283.97244887865406,49.34905746356826,4418.2612115553575,80.89606654982323,106.26709524287247,0
9.882959580988413,8.287229369588529,220.5711321289473,183.66571096155806,3095.8371445746943,462.7495471408288,170.82258874811453,0
49.074901315535804,8.231172968115395,277.75300901331224,139.09073699889177,2482.099955788483,76.68504591783932,433.58437920607815,0
47.408200833398915,34.21324196676126,178.68245910742635,202.57286307768567,3404.2502111131976,63.48407434722736,17.93512083559229,0
44.95586900213394,12.07592952629561,67.3141661053684,262.88665026562484,4004.4508952111796,358.47307007619526,166.26070969187325,0
49.329921616170544,43.416945119580305,169.40495967994272,203.20770212898384,1072.9483045658267,142.92727502153258,441.20994387869536,0
45.60666435390929,6.5240841491965575,324.4676025759453,80.44107414187964,4859.978722076345,437.73331930098607,418.6437735253088,0
40.55999927578205,42.799368493838045,129.8859719641392,137.51184953852368,3651.2989769880865,190.35821530738477,101.77923275305074,0
14.248139843734865,11.859460779959445,23.903429298429003,325.4726531634895,2637.1413473199664,93.52730061375914,426.3431334839731,0
25.965603428008855,29.280052503963557,97.47289487840992,211.4767177511311,786.9968788430997,498.29105513190365,454.6245409743297,0
20.99844332125872,22.384512782416046,112.71022532273305,63.455735786412234,2444.6522861376525,41.403453040085914,72.08853912385466,0
29.85253096992295,29.812884862717713,82.83444525475625,12.390393150604027,1762.154230793903,115.07595008212817,202.8881542736739,0
36.69050865465812,42.767056464993395,243.4571555701187,298.3616715624583,3495.8452539397294,477.33464710075293,304.849864730126,0
27.25227763669052,12.640607344198914,321.60592987949,40.981296416960426,2291.331725948126,68.12278582455001,381.3399949766309,0
47.287370839328766,18.671466974670615,89.9471607699598,154.07969522598847,1075.3177173116603,245.88178067514127,191.19677231322106,0
19.759512763079957,41.013928082192045,78.91843310826927,195.38581697355707,3943.267970935831,183.31996213560686,432.918289507017,0
22.717924632572313,30.318622922476326,309.27731141120057,192.58330852708278,4015.2579705364906,69.11694821947361,180.0776786325402,0
45.42341230831342,36.47090976274427,269.25741521737166,108.61347337297185,4737.2979823939495,332.9109669559168,175.55298397536023,0
10.450330095517113,16.61095943652235,125.47548530711988,318.39783118056124,2036.264362867309,198.04877046990111,440.91616666173974,0
13.251944092663653,30.172210182869428,265.3017179073015,297.82899103164226,835.0204654302038,254.05425558822748,243.3580157484282,0
45.812316035044056,41.93965377857425,174.78843599503577,297.12415344964,2044.0861020891352,162.3184805889825,226.65802685917453,0
13.783249997711938,11.922104205697245,42.796163348776176,328.3571649602528,1377.3809423841476,492.41086843223803,392.14615903871606,0
36.31154523225311,26.6464393000647,15.566664982434215,138.00768790524197,4613.870595881068,69.84915311693851,400.52367206018783,0
5.535712597921293,21.60821150901346,260.877883213769,54.43739545364067,1229.716332990571,296.3359080495465,264.55467855582515,0
45.06850116180356,19.56134426143085,149.2210472346454,338.3582094887567,3988.793231151192,240.29656708595732,178.76192730157237,0
19.639846609006078,47.923255263864306,8.274140736691669,196.12904140649334,3550.4562728969295,437.10657166655557,239.8647719476712,0
25.47743630110497,37.12926324584609,221.33610044705634,204.11520538250258,401.0176048874059,415.62129549677826,182.32399548450257,0
29.825427574848806,46.26556165718194,87.59100240163434,70.17674648671027,1732.2452887357679,206.4842669624291,224.71585613226398,0
23.002982926056077,28.25295409066408,129.7589118426863,121.61243466631828,1917.4248254357094,343.35974877990117,199.03174620089197,0
5.298150894313588,26.852424175353892,328.09968301819674,337.91999437288683,213.2636332831554,306.35774839447953,134.32337979430443,0
43.80693819127681,20.983422479837106,54.38879993760459,284.02490934502435,3611.330547785893,107.81856379081745,460.1875453712777,0
47.45501739553249,11.385505281055114,291.72346282681303,177.14525692436922,4731.714391900112,465.19380960508425,20.796600654583997,0
18.19128763565135,41.967369687200154,154.15661353692198,90.58028958013503,1213.2795240893547,131.55132337690378,267.64447382936515,0
17.364914450882047,27.56041089673071,195.35059232369417,104.85831431722227,1115.401801789545,231.6644940287021,212.1667578254775,0
44.6256728911106,47.80636500095937,276.58474490182346,84.78199849117983,747.051680765849,311.39209166141677,456.04910607113464,0
5.958246373077226,25.373495282086576,304.1975737184884,106.53150442581754,2792.859618956727,9.263883695023956,218.2861055462092,0
17.640524248260437,18.00703058239492,132.03683114925028,345.4848928585625,2838.20205000754,136.55840542068293,349.20383955034276,0
15.928814816410632,33.665648769431755,35.638941433979234,285.55169639284554,3967.7952262321123,130.16889429720075,288.6776347429649,0
29.440752505512968,27.262280787292067,95.94507877008031,125.63180158834459,4333.7146687947325,71.44919885151808,352.15023305970664,0
15.408001748427791,39.07646461180907,356.76018411991896,195.73407698753374,4901.445626829141,297.1571560920155,227.45486261529786,0
40.096350381375686,40.04718803499201,61.49587697381236,349.49155965326736,792.751797684308,321.5512083438322,224.60535504268776,0
24.654550106369687,11.088041082531646,264.52452693495854,64.75412371553206,737.7357558051795,230.40834739097616,452.19087867087353,0
16.006668925416438,40.949466893855615,331.6113113419137,272.13198722784904,241.08749004554812,57.23896027603992,154.80105923326855,0
9.611162770627578,30.168242135839655,29.81020155606213,135.37098196782878,1462.511115570836,47.98652517368585,207.74602833863182,0
48.606814353485724,6.139547606593458,247.6599716256715,260.4790555658056,4233.691130316231,483.7494483455343,59.18598348092674,0
16.8867515397415,35.3726585664254,206.7950985393228,39.51269033869471,2183.6852391595507,39.70326380339434,257.0454590467354,0
42.86963356051237,6.04340233489942,20.302134271037957,145.4014022062657,2661.136026231122,297.34888157588114,154.5351596910579,0
17.25973946618081,5.233068962498864,3.5115959074226666,252.2286657628234,3165.267084218595,194.86705129101972,104.48188816844711,0
45.05179815403908,9.332199723357014,53.37390862616353,295.428926531612,2741.1174534668617,493.09210472141814,357.3310564384945,0
39.83167748733673,19.009313543356086,56.01983712437962,116.3100001268412,1243.1910532327256,240.97623108077966,416.1322724528747,0
38.59734266518696,36.47727550936654,35.989587147364205,264.86839958842063,850.6694698108126,309.612361263172,214.448609766614,0
8.013201423352607,43.12300823881775,140.22845398091945,101.47353760320841,4825.969129551966,455.9370951909233,233.10217981888482,0
39.29375707611406,34.59712954701429,145.37752472986847,116.75122305759602,4455.931537297707,416.64948833987904,0.22905810988621544,0
35.58743539297557,38.81358804339708,171.51838171416838,151.3887552083005,605.0848581257239,212.45071777519476,223.70189998004898,0
21.739122792218307,42.36108795048963,213.25846752482184,25.32429948759436,1329.8614517044593,421.6350707318451,23.43538677979562,0
39.91979098796309,48.42830812076117,279.5567575056928,260.0675772756636,3131.954617710496,291.9829162793774,91.8752543354997,0
8.208357390751786,15.6761846906695,122.17595799943918,286.6465971657487,1302.4413568274967,229.622993310575,351.91460725581635,0
25.961359128218252,48.32677071380844,93.75906070947562,283.7634637618418,3188.094629802152,74.99026721191183,379.768345825673,0
42.1634765040146,16.171750357476597,250.5023808893503,327.9215870622117,3150.7249943343922,168.57571850767388,82.072013298929,0
9.422405518152257,14.931702057225836,185.42555370003723,100.93690624349642,3249.0300530135823,182.90009204679325,335.11251430049975,0
24.571458787018823,46.210628510491496,295.22289813611724,196.7897940569663,2646.3454537156317,250.49868080473493,55.21491063838929,0
16.859758230285586,8.10539754488519,275.58293134657686,94.42427882146285,1263.7099018113697,10.189749751142784,27.680048401030778,0
24.105470468769507,41.702748077327726,255.31538200160938,174.38784831275584,4007.7744768299312,192.85740719062326,67.6239405594139,0
10.478580262663261,22.98256531651354,42.63783931574713,151.5392654167848,4080.799856070348,116.64005232898222,132.47305459911118,0
9.554278000527091,12.240800809498637,281.9666141445372,59.798090189443414,357.37386022561543,349.68385059889744,335.0495811468459,0
28.80260578817608,40.39825385902973,167.06116326069872,70.90427918481434,4479.31122451314,398.9508077937883,192.4494197721892,0
44.98300737217235,24.25453098846626,338.8566067386794,329.318022826983,4184.213962097388,183.08663293529804,477.77111009888216,0
49.395782977178186,23.592125220903075,117.69669959656862,53.392907034663835,2576.0015125303835,269.2097589732542,218.13076877510778,0
43.87744152117908,42.578854308726626,259.9345982018523,298.87541378554744,2963.7771503995427,160.9481897091784,399.60068375627685,0
46.19049197164417,28.480962074753307,90.91404626995362,82.66054345288153,4091.8453955645236,346.36469436339956,115.14779780384372,0
23.062081928136646,34.948669062869314,257.4276553490221,247.35646376118203,1585.1676129483137,8.855600849230372,152.25722965133497,0
29.613885264013494,17.913564014560826,93.38977806149326,354.33233723114904,225.8475012072651,346.1322442282384,143.0407289962426,0
29.573668957370103,26.67714966613943,58.00712275649157,196.63709312024108,1741.4728890254391,287.45724527802014,149.90803996539032,0
23.434081189190877,6.237369232435202,312.5763887127635,196.1608998969011,4832.46011930775,206.06941401352086,464.26648468461053,0
42.105004789914254,49.210089859871765,239.2796228868699,30.693701813470216,3300.3998424595266,72.68886290609994,72.82515303387716,0
26.466699558307674,47.06966157133753,278.4481045139577,11.17818238270039,3688.099427792774,262.89288609487676,420.1191585357397,0
26.321293591665935,8.498001455667266,290.30920071642726,41.073719218666916,1210.2921446443509,334.5273065380831,195.89029938367213,0
8.370466023800379,33.77224188160564,165.0372892052191,183.8891613667633,3744.343636961577,143.00007270878316,375.84814209318887,0
45.42906004136405,5.104960450184416,311.7072421628102,177.77645309647673,2581.9166564718203,392.4088454713102,373.24681688143323,0
48.21789794451165,29.431973203180778,270.1295258094911,243.1658314951102,3941.8089550239997,143.93071211893505,64.00122098226902,0
9.690028176526337,11.603608568030051,228.30894186784437,318.0242057503684,3390.4267983755485,101.51731716163398,31.23940041145551,0
17.88651319971899,30.065307854255504,75.98901786749538,332.02909093232427,3430.4543704771468,427.528689558453,168.66350935194825,0
25.178148508905096,24.80102386368925,358.1894850675461,342.8006695514072,4613.021907513739,270.6488319678648,205.24879879575275,0
29.963073682870508,24.306582239431528,90.93752572838457,330.5073622498706,4988.786573035456,368.0004761369561,426.4182241048882,0
34.54226634499986,15.883163423641,268.08986933612215,242.6375801414801,2690.967193419205,57.0708809240783,449.35840590692675,0
24.349700977112093,10.762641238866259,262.5653410158458,269.80281618802184,2417.4665040398536,97.41305894638325,379.44937784094265,0
26.493974013705124,39.870985584053216,169.59114659898907,82.27262574263575,303.14453605994095,435.8441931612418,300.1686254936518,0
23.35102388493482,25.380688666822554,60.535831508260344,18.037270294413112,1243.218978554263,436.3915092862942,374.8393782978857,0
20.403567945405545,36.56703025146241,138.5647698324979,137.79357751862568,2935.943816791269,289.1792325177097,175.68205334426727,0
28.54218885740056,13.308672535267892,91.48400357445239,116.37135483771819,609.3633668292505,110.9416598218932,240.18371530671772,0
44.92023743636553,32.899894358094215,125.88656865467159,263.642683839579,1827.6141805101659,291.49387259569573,119.27345655242655,0
18.025890697419833,48.0541232735248,5.751483718325581,82.01803082714338,3462.9806850559617,271.718810605641,160.93421275645815,0
27.39081691977691,21.90103783832496,286.20111634541496,154.47765504789118,2399.7660840455515,433.47047537789217,458.666592520667,0
47.41939712475434,17.27566625412161,71.26121269913072,145.76999967567244,644.6037670793193,358.4532804789074,428.8755667738776,0
21.432878239875357,18.253906949551318,203.04483136331916,259.0868803835307,4226.571308129545,281.3021317925327,347.934471366407,0
10.936104007585403,48.7073412629872,91.65305453240595,181.83534092519048,258.7346272841649,307.0005028439079,88.16056816257012,0
12.658681915226246,13.208144878768238,42.92375998374416,290.01744015287176,4817.971292037706,233.0279311249337,417.3187754893931,0
17.84178115420106,45.784487499056254,236.18302983258204,189.98007229268492,2611.918017728409,118.95126728037897,420.9435275340035,0
48.8641096019878,49.125730114228816,348.5856787447898,86.68271698959722,3767.5995288112563,140.16761804603811,119.11216149872229,0
34.633267996239326,25.603871787143376,249.37157716859284,31.27301792469305,2195.497015706269,247.58115417392224,98.99597380468461,0
31.033727571477826,6.187510020865348,148.4634003866935,25.606193204938133,1129.5506612372483,362.1169630206146,148.04321870604048,0
20.236480903611294,35.90538727585011,160.11348739283937,167.54663656310748,1356.952816160108,17.61952789185539,147.76214679008172,0
49.723028161702146,24.480520456645316,144.96923336932136,266.4472241973746,2222.612758597291,155.37467666006233,25.739839501484674,0
18.762762758605238,36.7067144861027,304.11439789117634,254.3653603924268,3323.7902729916404,8.018929162534661,136.65309288378697,0
19.028651551159,35.420284024161134,32.65724018023869,88.8215931510882,3260.780923659309,314.51026411986794,206.4343688508149,0
5.259115754458177,7.654973637917365,278.25507229219374,258.581525349656,2779.5508173345565,153.5091204211269,227.2999227999517,0
41.401858162389225,15.214911768870566,344.3360531924526,82.63600030079914,2279.9848179508326,495.0009837251172,26.93048405586279,0
25.077579580213946,12.003170632666157,6.232638563625756,17.459186537437006,4878.04032776594,211.02633995240112,428.61867921656034,0
11.630915929125269,13.648905964079976,296.2748485473017,66.3349481425364,3764.1810910028626,436.238759737392,110.90811197733235,0
27.167698015452725,45.59876626093336,312.3646573891209,34.22470337187849,4846.585885169958,335.22962431225056,90.60167708600963,0
46.45245067909325,38.99062505654344,353.12561555806934,24.289978355373325,4972.081796518009,115.426139488987,213.45821203133224,0
31.22608603090812,26.080723050557985,146.77532953355757,329.17674639066263,3653.2051176422074,92.67574832662373,266.36624029993334,0
32.12700885424591,46.62917321801603,78.54193176777713,74.26645317597335,2972.1872543392624,234.92213691825452,492.32040357401945,0
34.56839503849078,11.718320811362656,93.27198244462502,213.1234174183509,1841.1005957373732,473.3546536860122,247.03426725289017,0
48.449204421376805,25.37644116724294,19.379949350301228,200.71861502229973,3613.543384138167,74.09115058139854,78.70405243480822,0
47.522089881020456,46.25029889891967,155.6795217047091,335.47197082099495,3517.2641913342122,255.3848524831164,206.3295885656392,0
27.777189223207298,18.622012844302084,123.33280806455338,31.41935900457095,3286.8972582403417,17.060771555492458,259.6102919990106,0
37.08821266947005,23.53983585830971,322.84653584040643,355.5369513119361,1293.4927218689907,93.9871021544662,497.38532722962447,0
10.023664366729978,49.98188322595973,237.3597594804167,308.1033228881693,3092.515477649879,71.87484564614077,284.6195502028703,0
40.52455326925396,42.60621302198409,134.99923787233695,52.308875282268815,1021.4215560408603,376.01232587454615,238.55013242042884,0
10.881009805830256,7.859174384003847,99.06478730449946,286.94207172997335,2749.964583786774,407.37663756585454,22.502728894931046,0
23.652270540720846,47.242368817961086,252.9149529683807,146.07997021794174,176.6076364946232,490.65877154565453,490.4564330465474,0
12.373483028658931,36.192148268773494,228.57711170848543,86.02585262228507,2980.4669505709417,233.02707710653053,408.5862076375215,0
30.665585631196453,31.437558903719005,115.37221239557508,226.51149647006312,2047.3642637610544,166.1864989336578,117.20463170929773,0
21.05945476159544,22.687844297066185,165.84506855788277,141.8245710731136,3787.973232908993,81.0634895826245,274.75869168881,0
17.497408525593904,9.59253035461681,136.09642400297764,345.79095285700953,3125.089494793423,173.51733010537123,292.6314681085491,0
22.770360933211002,25.59993025951225,25.888144226392043,173.99250186917104,2436.3343271323533,419.2154748570974,443.39087793808585,0
47.08326067755068,35.70538219761879,124.42299030158014,258.1046185584979,1186.7641369006535,145.27356403596474,133.70816266638658,0
28.161476100039017,21.63915928064416,57.63004555718499,58.69749778744015,982.9814052116246,32.41268094937572,166.397735630066,0
22.262548746530452,16.243736723205135,332.81706550915993,219.85497082314853,4081.783087186234,292.0670700885762,181.30032293162714,0
8.058701100070294,31.43833466623833,24.425607868144603,266.4071436820934,1284.2197045430298,22.250343282059713,254.4597003985688,0
25.95369753188207,9.936817928863057,334.52303459106037,66.61797904627873,1736.2474450712655,319.7148043108887,211.018134824597,0
27.301852096195994,22.376143139606373,254.35857107430326,227.4813489591358,2036.4876098110667,375.01463411113576,243.86824062749568,0
26.76287771818223,21.006143281132083,208.50081378274436,347.2926244277578,2120.995687934056,368.6120578748899,396.40801793526293,0
41.72041081033508,25.172187809275933,152.45066891578162,2.9773051520811222,1470.8320455974886,161.99232007681735,119.28384559036459,0
34.77572518819325,44.65379266125675,249.92946210366995,78.44103089807295,3414.931706053408,84.27559856520867,125.5281565118902,0
19.21382772257212,13.779146805358009,175.64917977153254,345.9507688427457,4994.426486649961,115.36964299227009,5.869205549188516,0
42.08435574751066,31.819650039634933,203.00211831457906,306.44710902277376,832.3992909326096,313.33638681125103,27.839483601072857,0
30.424682030624883,19.0896684159883,93.47418363132377,146.14724615698125,3428.905607412606,5.197615648908139,447.39395273753445,0
31.81586377703169,34.818289922966514,58.01574454613955,198.60836993549293,4594.558625250294,420.2755500617364,152.49634122994993,0
31.122743221469165,47.066227382257054,30.51435407121389,132.23997572485405,4804.726076052805,331.8086638074611,229.57759252626963,0
32.86183999974206,12.349300829939972,167.0670981257469,140.12475899249787,607.1542622954012,48.40955845606776,13.022814506301216,0
44.39903116642888,7.489075386200861,93.5511526875821,189.08888504434742,1517.3597221514535,112.8804390332685,93.3457745157078,0
10.054030571198108,37.91441108573282,215.4002356361906,90.87338520061637,1915.8978110095761,76.21060119196338,196.05506310201636,0
37.33909118697533,9.353500540290351,42.0405306784985,262.13071531087945,490.9706557289904,23.242872025865445,425.81848908147776,0
17.331931798483115,25.640551035258973,25.56997527797442,248.5770263147601,4862.439100699492,163.1563434326815,442.03497254145225,0
19.693837723950317,41.68291269137938,173.81791344074665,195.76676185834884,3457.266972206125,205.06378868571684,425.0474116001513,0
6.066458474721761,26.230641869126934,289.65835561291414,246.47876581843153,3851.313708425453,188.59470991546246,20.959258869821085,0
33.98598674880871,46.379336239934716,6.244198020087106,4.204294905897705,714.816427076177,338.4261145983769,482.7339594692129,0
32.04405595859592,34.77947306893553,356.119758962584,162.82693900088196,763.8837409702334,259.2710940703558,457.2394351178218,0
23.409353049566803,30.531959728473325,236.96751249470853,52.035171503289014,734.1932324623504,300.79810238984834,186.1597840775205,0
15.046318991719925,29.848783749188915,98.47945998380293,251.3286163495229,4045.400168597794,210.75507309336282,101.64177759072557,0
28.94790726783279,40.93502982787067,285.6731498630203,184.11445422669686,4262.896825842213,314.7853308098538,366.716818337867,0
15.80432466733073,22.34731133363852,308.3976341386096,90.4649763880174,4694.252496535092,105.06885178869713,58.88298898529354,0
39.96480058227596,31.91317802165164,267.6032569821406,177.0407696216087,2838.7311359633864,282.98863226361334,52.89611449888804,0
40.543387278025754,37.662163419457926,221.95135671622697,59.49721622981558,3353.620237365326,90.0070619627179,437.7794522076919,0
43.64531696465021,13.728811494806017,16.590512839373098,29.46515119860646,3573.876342543274,156.34346907337772,74.98621987225795,0
18.878455020550277,8.834346741932055,334.25395870409875,267.7656220001351,411.0245459398007,395.74100125226545,318.15802070200823,0
23.19737099343398,38.595511050699734,347.1479150049979,264.86211690968435,154.78406107733957,149.00500298580982,448.12102575557583,0
29.072763673467197,45.118468583688085,286.8826701069098,220.9148485086065,4824.432702821185,446.1174278257758,78.80495259810094,0
16.666842213808884,43.542459714745064,46.84654099421165,256.0986520993343,460.4285292548757,459.07653522242344,16.786165088194693,0
24.75048615606514,42.200018328561676,119.24823197752627,201.6893613977155,439.7966427083494,111.9167556468707,172.3207246452443,0
45.59723514535839,34.14382369490788,102.24052508713346,280.3856431376893,3204.3904576124637,346.27373621598997,490.7357012157543,0
23.180538677539246,15.721633661907383,145.19290096326594,301.75227602086386,1024.963752989541,396.7140283580332,37.74035137334747,0
17.441015051234317,26.221993534020605,20.075659810262046,3.40643511247674,4727.807225197389,184.97538802649206,495.2932929104334,0
29.612719303366717,9.8088329658286,76.0203892903828,300.69613064938994,1981.2055446176694,264.05682430877255,250.36272091870288,0
34.35560297740193,40.17893168499663,236.06828670524834,315.0782218415654,3604.2978970749105,243.4198817837866,86.47158451467175,0
13.251378152697239,40.66794276500408,316.81303871746934,76.82599346331827,4981.700023351044,475.79321164515596,41.66034360641918,0
30.37470574721251,46.11167286972442,305.4426002956565,63.054790849689944,2474.580951460248,44.83571321695157,177.3217543169452,0
8.694840074023933,8.352654575727279,285.65936917322887,244.31477893853457,1073.6903948429704,162.21131306286546,168.5998388371514,0
9.460007506373804,41.98556876413984,283.99171343039563,346.62489818981567,3613.6145366327023,448.69089949611856,310.2491187534469,0
21.764799321211793,26.204889727930727,116.01647579721951,293.0443191566979,2905.2794024913446,204.124142846626,129.62632290884562,0
18.951892066909032,5.01607760446384,177.00187751901487,116.95302057180538,1932.3288531837775,260.7607175226271,190.798734265161,0
17.815810458309116,12.617888766336247,170.70278588990587,11.342827963869269,4741.0640772042525,341.7286815958079,383.94051949151276,0
7.551967705901067,40.96550717538738,82.14087700885992,129.25983043462162,490.52944348013045,479.3973036902624,413.061947182191,0
49.29538182182352,47.426732196467725,8.84954367013449,70.0212144226723,3738.8241566532683,390.03625746727283,189.8709781280159,0
10.884184771431643,46.81810354221254,48.998057856586456,76.43278671732861,2378.455308645279,125.90113990397012,1.7465092575267294,0
47.612131891290055,30.284475401735428,69.08457874898497,73.97689938495193,1973.451123578575,405.4540070096175,291.78598352452616,0
17.245974771079297,8.821127641916608,194.82139902486836,145.81077096194085,2506.5808020370882,349.0847807208013,494.682370051076,0
6.528528920637561,34.614461944051925,173.48374663028974,125.25576331209668,4733.8776328732265,377.2680485061837,423.26182516271064,0
15.4001142059004,42.99158297488999,203.96710326364482,168.18412419726516,4300.299073295014,360.9345099725624,77.38444319701232,0
14.909203104818426,31.783990762254938,155.728797072513,151.01181708604375,4715.9511685746775,167.82650129921427,150.18836936276247,0
38.294390318166094,47.19869925541216,306.5757810584887,154.221650751439,372.7951211746172,17.762432437054276,110.5755329553656,0
10.095894273562457,5.87553263328411,216.90247748304665,168.09501303622577,3448.8078761341453,111.72552928258295,291.33733995436404,0
27.123357695423476,16.713678347866825,208.00221383873293,200.86958815467779,2884.8651019527,141.63850239140686,315.41281753792134,0
45.314170184324375,18.765075659257548,254.9943227170114,335.89239901119987,4675.373682593847,156.25672412317348,54.494917338651526,0
8.97982013364396,30.593902093019313,206.37486369082114,325.9772012916028,533.715736181061,451.4819920445215,361.8606809024,0
43.5041849064039,16.400133930893922,10.640194292151609,64.69242203837679,267.38908606836895,375.0997415295974,5.24047114638837,0
6.851468634297044,6.913581265191198,194.6709916786566,128.96560194408434,1461.0958273727786,284.97442250801316,108.73092921103877,0
19.559779716355173,30.69626466220738,215.38758190365792,19.79029149481352,4760.808310231284,241.80022203550817,132.29843156035858,0
49.84627333692461,22.105825624921405,217.1004729942112,230.38109508812005,3736.682916120311,439.93466237769826,301.1619486873887,0
46.517676426266426,15.456800302792105,75.8169876745398,195.16549157801964,1182.7297247982683,381.3165411627496,359.551652592862,0
9.21282996496605,19.655343471788164,162.46896844010809,0.7811530363280506,464.0947660725003,304.4743719139324,251.59538296353912,0
30.164946527322186,11.932238731838542,255.81418717325369,8.682653650237299,2234.6697047866,336.78274708575356,103.59099933599863,0
7.628066903957549,23.4239619072508,238.1774792713494,2.831194212680299,1043.833053046863,210.62014796860424,228.41027980280438,0
40.845668714023354,35.65338777440201,349.5986730115864,336.65945861789265,3718.164345993128,321.40984843617366,307.914195890428,0
44.968574163763755,24.749605409799866,132.57668323079795,160.39228952399898,3245.3630004443266,13.700973830545248,360.9719877897733,0
22.393417512600237,44.91968852246513,139.9652785214694,264.5163918042765,284.55369719196733,437.15126834202744,261.0716846751131,0
24.99501035310871,31.004293533262175,336.26296399262384,174.88194934961405,4754.050525379997,462.78563598864434,13.887747572905285,0
12.269120919336872,11.368493988225511,108.0502963505775,354.49308804881497,951.11471488194,150.17461419322424,386.41942377530785,0
44.338286498481736,16.515108625008594,205.00399993767263,254.23400253274878,1610.9548262948315,251.88615385594753,261.47563799463967,0
31.080696058103996,27.52382022418495,277.9693955384017,35.19162307651415,1306.3525926647585,311.89730089950774,327.8685849479621,0
18.578120984549784,21.332949533937544,129.2546298339467,196.68469457957644,620.8146084682068,469.4798150141459,214.03783975546963,0
30.2392007520345,35.009755731235,226.7876794731952,147.78253704370294,1943.0435417300548,80.36421996629916,127.32216070228513,0
36.432458649774844,35.15871117500542,272.717531288239,187.47427762646413,3428.0687513355997,8.308758441759046,443.0549857868768,0
22.74146234762936,6.646102349059294,285.6714905401631,155.57476903265356,2471.847111531005,101.51424537921177,211.0947875573161,0
30.30611709359333,20.28784919557092,339.8103819807872,320.1719754287619,3658.8994513607317,463.10149863449595,412.6863939143836,0
12.793052531371657,39.836072998279555,250.88945052414465,314.47148075273986,3817.6266320647346,226.9552937313382,299.48233043670575,0
20.45537117536236,38.34214836776659,276.836916239058,155.72083679147116,124.45185816858026,412.25688882782555,378.49629464821373,0
14.329696508015184,6.605340090363219,172.00689746273227,11.401381424179991,203.1460959731789,125.99832988926241,156.00631702607026,0
7.596430982108727,20.566397412059793,150.5401122511286,169.7150099150243,3226.7046346791913,468.15188819618913,425.2050501901836,0
46.83746781112845,32.61604696101266,79.26318212013618,70.42036228111694,1715.0463682227673,67.7606308143115,466.7771480882477,0
28.794462455494077,8.650132956183759,236.16202526785017,48.35517199012702,3495.949501466741,282.98768638579185,9.631537036513038,0
32.77113912486705,40.924303268903905,301.1468866024353,209.27823315606094,3111.2435010845616,238.77778407320744,468.1065255127538,0
35.2500672627373,12.594846453758745,153.20462017893456,161.23459647781016,2227.2289489717314,193.0907206459183,238.58520973059643,0
38.22214283835014,21.931166765366118,227.70032465094468,306.24830143263114,3747.8473845781696,18.476565124629087,151.15451575612488,0
18.51981196435156,35.830120537656555,2.302718578426055,258.7842161356122,2519.1999951266175,183.57661487348088,94.33820853559033,0
22.72854178710144,23.058009298008947,2.8324682304039372,245.32954264664068,4326.546312504009,393.36222618630694,469.0267192862194,0
35.12185265987577,38.81316403139499,284.3698127597745,249.16248073307398,4714.221905828506,83.39849070232962,283.7810785667296,0
24.508232334622924,16.045716680953184,315.1069357634795,340.35758298481886,4467.196000451541,450.88255004430414,101.0118505318211,0
15.601187476931889,31.157020977869443,323.0312683937766,53.11139444802151,3359.8815391250096,376.4814950581214,431.2506344552007,0
14.184849980278756,17.857701350481186,21.27894952644302,125.47771048428537,546.4382514213758,286.5371588173728,365.27871385453244,0
29.26582486761372,20.474487059134134,354.20180951345446,37.020183661637574,1233.2324181431106,326.0099506450981,342.79016245841393,0
12.53320284725002,19.33447425558938,251.3017736622971,138.94146884135694,4671.443877111667,327.68264994115333,386.24566924136,0
7.266373005045663,20.571813128889712,282.16833751792524,55.42474766177068,309.9268428922627,355.69489016667,252.49950504089773,0
14.737144269172154,34.850532064715324,238.09968525162944,15.601527251763617,3067.1669484727645,269.305942621402,336.8381654593903,0
18.73704979294823,6.568161996404876,173.62865190785925,21.604687557297662,3652.408260907436,171.876149867917,365.869394617855,0
15.40758373265107,26.456645543358928,245.78214851460143,265.34638352556,3386.2716035541407,351.9171742651555,336.13231262273155,0
20.609284908248434,16.08271666517864,266.60365100308746,150.92825141048814,2233.124574904853,388.1740274072917,9.874939525537252,0
35.63489784371395,40.21046548597574,62.54715923912313,179.8773788486899,3726.970096489373,153.08468033050653,138.09032079739075,0
17.127857757957905,12.52183284501456,174.80192653495595,104.89689726103225,1079.727195879253,429.68454863966485,289.61427157823147,0
31.12376948755655,24.52812223711173,62.27220644672963,264.88397634947904,1465.880629753368,396.34737381447286,162.31964855912085,0
12.79594897280534,18.358665727307667,159.24388239932543,142.30239450876093,2906.844276606122,340.3440122959256,218.09993078816754,0
42.408587260413505,19.425573094299033,319.42302080824066,207.98527315111292,2873.5359393192693,389.9771727620414,283.8319483953406,0
24.077884582325325,49.83426715630383,254.82930018744986,256.5895928264593,2011.824574998392,355.8894563681407,208.25558676759115,0
23.560181099032647,26.675423796223566,222.74676555053423,48.41761125186613,3860.802863441411,163.4599903287658,244.57622003881661,0
48.578691467433536,31.975617499971076,115.13382829893786,137.82607404742453,1788.7931940892079,328.8933741889364,495.6508613761254,0
12.780349401570565,12.98163634088656,187.30000220998704,206.6022683239374,4332.644454710524,255.20087273717712,50.23180024789264,0
20.936210351324135,28.468630983990764,121.58117494931817,138.85477905041054,692.8210416050468,223.004709062119,289.9308501192108,0
21.583853844445883,24.224100407275596,244.9059731977832,146.80361780305034,275.76216481382033,213.36883354552833,55.64227357629026,0
20.576990943503997,49.520367130091,74.92474392424904,150.87616431523543,1022.9950949118845,58.56887630291041,453.9654755398642,0
23.26802720127609,43.806827307749806,132.13356542503627,118.94935373079538,2334.547650454058,39.69457573355345,2.8382498897071007,0
43.61559910200673,24.584456567662098,326.84300664671906,248.66473411785978,4271.903611163779,246.00459702435217,326.64469278494084,0
7.375676157312986,47.03032293590607,255.92128340077875,137.69345393322178,3726.7554833075155,449.53464443578025,167.60350085241515,0
8.257197960719767,19.312199495121988,203.25210691457232,219.65319479218715,1569.9525451242678,83.85362110663347,13.812986889128076,0
31.238098444239107,10.274228124137009,240.60781811635138,172.92966363475378,3809.882091081916,6.637464094158108,317.50178054203684,0
47.631253396735225,14.179310292909134,336.96427437392407,198.15408521301123,4479.097085499856,379.7112233135221,423.42996470929376,0
41.11945615479799,20.274659374959803,284.920559718456,341.1336456536887,3629.3521674399262,470.57585456156414,261.2370307924109,0
27.503766043925484,43.28393683052842,128.9332533374897,145.81735378072597,2855.66906790247,183.46051001411894,357.2325967173954,0
14.777348305486969,22.58170069122475,131.15491486403585,207.0987316282411,4600.622349560979,353.20867714390914,320.6072525539552,0
